1776564367.000,"71c559","KAL2085 ",25.024900,120.966572,5650,5950,197.3,,,,229.93,,,,,-512,,,,,1012.8,4000,,,-37.0,362,186,1,8,2,2,,,"A3",,0
1776564367.000,"780a95","CPA530  ",24.983748,121.125563,2325,2525,190.0,,190,,49.27,0.50,2.11,,,-1088,,,,,1012.0,3008,,"5756",-36.9,624,186,1,9,1,3,1,3,"A5",,2
1776564367.000,"89914e","MDA392  ",24.957586,121.223404,5675,5925,201.0,173,192,0.288,113.76,,24.96,102.66,97.68,-448,-512,,229,12,1012.0,4992,,"1555",-36.4,4710,186,1,10,2,3,2,0,"A0",,2
1776564367.000,"8991d9","SJX309  ",24.784515,121.363068,16050,16900,353.0,292,376,0.592,248.74,0.03,0.18,255.76,250.81,-512,-512,,280,26,1013.6,12992,,"3245",-35.6,244,186,1,9,1,3,1,2,"A3",,2
1776564372.000,"71c559","KAL2085 ",25.014892,120.953461,5500,5800,196.7,,,,230.16,,,,,-512,,,,,1012.8,4000,,,-37.1,366,186,1,9,2,3,1,2,"A3",,2
1776564372.000,"780a95","CPA530  ",24.983748,121.125563,2325,2525,190.0,,190,,49.27,0.50,2.11,,,-1088,,,,,1012.0,3008,,"5756",-36.9,624,186,1,9,1,3,1,3,"A5",,2
1776564372.000,"89914e","MDA392  ",24.953293,121.232758,5575,5825,199.8,173,192,0.288,131.35,,24.96,102.66,97.68,-512,-512,,229,12,1012.0,4992,,"1555",-36.8,4724,186,1,10,2,3,2,0,"A0",,2
1776564372.000,"8991d9","SJX309  ",24.782223,121.356639,16025,16875,353.0,292,376,0.592,248.74,0.03,0.18,255.76,250.81,-512,-512,,280,26,1013.6,12992,,"3245",-35.8,266,186,1,9,1,3,1,2,"A3",,2
1776564377.000,"71c559","KAL2085 ",25.011912,120.949523,5450,5750,196.0,,198,,230.38,0.06,0.18,,,-512,,,,,1012.0,4000,,,-35.8,381,186,1,9,2,3,1,2,"A3",,2
1776564377.000,"780a95","CPA530  ",24.983748,121.125563,2325,2525,190.0,,190,,49.27,0.50,2.11,,,-1088,,,,,1012.0,3008,,"5756",-36.9,624,186,1,9,1,3,1,3,"A5",,2
1776564377.000,"89914e","MDA392  ",24.953293,121.232758,5575,5825,199.8,173,192,0.288,131.35,,24.96,102.66,97.68,-512,-512,,229,12,1012.0,4992,,"1555",-37.2,4728,186,1,10,2,3,2,0,"A0",,2
1776564377.000,"8991d9","SJX309  ",24.778639,121.346430,15975,16825,354.0,293,378,0.588,248.80,0.03,0.18,255.76,250.81,-512,-480,,278,27,1013.6,12992,,"3245",-36.0,298,186,1,9,1,3,1,2,"A3",,2
1776564377.000,"78929e","N/A",24.740707,121.474915,35000,36700,536.9,,,,51.81,,,,,,0,,,,1012.0,35008,,,-36.7,24,186,,8,0,2,,,,,0
1776564382.000,"71c559","KAL2085 ",25.011912,120.949523,5450,5750,196.0,,198,,230.38,0.06,0.18,,,-512,,,,,1012.0,4000,,,-36.5,384,186,1,9,2,3,1,2,"A3",,2
1776564382.000,"780a95","CPA530  ",24.983748,121.125563,2325,2525,190.0,,190,,49.27,0.50,2.11,,,-1088,,,,,1012.0,3008,,"5756",-36.9,624,186,1,9,1,3,1,3,"A5",,2
1776564382.000,"89914e","MDA392  ",24.946274,121.238743,5500,5750,197.3,173,192,0.288,151.88,,24.96,102.66,97.68,-512,-512,,229,12,1012.0,4992,,"1555",-36.9,4741,186,1,10,2,3,2,0,"A0",,2
1776564382.000,"8991d9","SJX309  ",24.775635,121.337992,15925,16775,353.6,293,376,0.588,248.95,0.03,0.35,255.76,250.82,-512,-480,,280,26,1013.6,12992,,"3245",-35.3,326,186,1,9,1,3,1,2,"A3",,2
1776564382.000,"78929e","N/A",24.740707,121.474915,35000,36700,536.9,,,,51.81,,,,,,0,,,,1012.0,35008,,,-36.9,28,186,,8,0,2,,,,,0
1776564387.000,"71c559","KAL2085 ",25.011912,120.949523,5450,5750,196.0,,198,,230.38,0.06,0.18,,,-512,,,,,1012.0,4000,,,-36.5,384,186,1,9,2,3,1,2,"A3",,2
1776564387.000,"780a95","CPA530  ",24.983748,121.125563,2325,2525,190.0,,190,,49.27,0.50,2.11,,,-1088,,,,,1012.0,3008,,"5756",-36.9,624,186,1,9,1,3,1,3,"A5",,2
1776564387.000,"89914e","MDA392  ",24.946274,121.238743,5500,5750,197.3,173,192,0.288,151.88,,24.96,102.66,97.68,-512,-512,,229,12,1011.8,5008,,"1555",-37.5,4750,186,1,10,2,3,2,0,"A0",,2
1776564387.000,"8991d9","SJX309  ",24.774589,121.335029,15925,16775,353.6,293,376,0.588,248.95,0.00,0.18,255.76,250.82,-512,-480,,280,26,1013.6,12992,,"3245",-36.4,340,186,1,9,1,3,1,2,"A3",,2
1776564387.000,"78929e","N/A",24.740707,121.474915,35000,36700,536.9,,,,51.81,,,,,,0,,,,1012.0,35008,,,-37.3,30,186,,8,0,2,,,,,0
1776564392.000,"71c559","KAL2085 ",25.011912,120.949523,5450,5750,196.0,,198,,230.38,0.06,0.18,,,-512,,,,,1012.0,4000,,,-36.5,384,186,1,9,2,3,1,2,"A3",,2
1776564392.000,"780a95","CPA530  ",24.983748,121.125563,2325,2525,190.0,,190,,49.27,0.50,2.11,,,-1088,,,,,1012.0,3008,,"5756",-36.9,624,186,1,9,1,3,1,3,"A5",,2
1776564392.000,"89914e","MDA392  ",24.946274,121.238743,5500,5750,197.3,173,192,0.288,151.88,,24.96,102.66,97.68,-512,-512,,229,12,1011.8,5008,,"1555",-37.5,4751,186,1,10,2,3,2,0,"A0",,2
1776564392.000,"8991d9","SJX309  ",24.771515,121.326243,15875,16725,353.6,293,376,0.588,248.95,0.00,0.18,255.76,250.82,-512,-480,,280,26,1013.6,12992,,"3245",-36.5,347,186,1,9,1,3,1,2,"A3",,2
1776564392.000,"78929e","N/A",24.740707,121.474915,35000,36700,536.9,,,,51.81,,,,,,0,,,,1012.0,35008,,,-37.3,30,186,,8,0,2,,,,,0
1776564397.000,"71c559","KAL2085 ",25.011912,120.949523,5450,5750,196.0,,198,,230.38,0.06,0.18,,,-512,,,,,1012.0,4000,,,-36.5,384,186,1,9,2,3,1,2,"A3",,2
1776564397.000,"780a95","CPA530  ",24.983748,121.125563,2325,2525,190.0,,190,,49.27,0.50,2.11,,,-1088,,,,,1012.0,3008,,"5756",-36.9,624,186,1,9,1,3,1,3,"A5",,2
1776564397.000,"89914e","MDA392  ",24.946274,121.238743,5500,5750,191.2,173,192,0.288,186.31,,24.96,102.66,97.68,-448,-512,,229,12,1011.8,5008,,"1555",-37.5,4755,186,1,10,2,3,2,0,"A0",,2
1776564397.000,"8991d9","SJX309  ",24.769096,121.319430,15825,16675,354.0,293,376,0.588,248.80,0.00,0.18,255.76,250.82,-512,-480,,280,26,1013.6,12992,,"3245",-36.5,353,186,1,9,1,3,1,2,"A3",,2
1776564397.000,"78929e","N/A",24.740707,121.474915,35000,36700,536.9,,,,51.81,,,,,,0,,,,1012.0,35008,,,-37.3,30,186,,8,0,2,,,,,0
1776564402.000,"71c559","KAL2085 ",25.011912,120.949523,5450,5750,196.0,,198,,230.38,0.06,0.18,,,-512,,,,,1012.0,4000,,,-36.5,384,186,1,9,2,3,1,2,"A3",,2
1776564402.000,"780a95","CPA530  ",24.983748,121.125563,2325,2525,190.0,,,,49.27,,,,,-1088,,,,,1012.0,3008,,,-36.9,624,186,1,9,1,3,1,3,"A5",,2
1776564402.000,"89914e","MDA392  ",24.946274,121.238743,5500,5750,186.2,173,192,0.288,204.09,,24.96,102.66,97.68,-448,-512,,229,12,1011.8,5008,,"1555",-37.9,4759,186,1,10,2,3,2,0,"A0",,2
1776564402.000,"8991d9","SJX309  ",24.769096,121.319430,15825,16675,354.0,293,376,0.588,248.80,0.00,0.18,255.76,250.82,-512,-480,,280,26,1013.6,12992,,"3245",-36.5,353,186,1,9,1,3,1,2,"A3",,2
1776564402.000,"78929e","N/A",24.740707,121.474915,35000,36700,536.9,,,,51.81,,,,,,0,,,,1012.0,35008,,,-37.3,30,186,,8,0,2,,,,,0
1776564407.000,"71c559","KAL2085 ",25.011912,120.949523,5450,5750,196.0,,198,,230.38,0.06,0.18,,,-512,,,,,1012.0,4000,,,-36.5,384,186,1,9,2,3,1,2,"A3",,2
1776564407.000,"89914e","MDA392  ",24.924115,121.235945,5275,5525,183.2,173,192,0.288,217.68,,24.96,102.66,97.68,-448,-512,,229,12,1012.0,4992,,"1555",-36.0,4774,186,1,10,2,3,2,0,"A0",,2
1776564407.000,"8991d9","SJX309  ",24.769096,121.319430,15825,16675,354.0,293,376,0.588,248.80,0.00,0.18,255.76,250.82,-512,-480,,280,26,1013.6,12992,,"3245",-36.5,353,186,1,9,1,3,1,2,"A3",,2
1776564407.000,"78929e","N/A",24.740707,121.474915,34975,36675,536.9,,,,51.81,,,,,,0,,,,1012.0,35008,,,-37.3,32,186,,8,0,2,,,,,0
1776564412.000,"71c559","KAL2085 ",25.011912,120.949523,5450,5750,196.0,,198,,230.38,0.06,0.18,,,-512,,,,,1012.0,4000,,,-36.5,384,186,1,9,2,3,1,2,"A3",,2
1776564412.000,"89914e","MDA392  ",24.921066,121.232808,5225,5475,181.0,169,192,0.280,225.90,,24.96,233.09,228.11,-320,-352,,229,12,1012.0,4992,,"1555",-34.0,4808,186,1,10,2,3,2,0,"A0",,2
1776564412.000,"8991d9","SJX309  ",24.769096,121.319430,15825,16675,354.0,293,376,0.588,248.80,0.00,0.18,255.76,250.82,-512,-480,,280,26,1013.6,12992,,"3245",-36.5,353,186,1,9,1,3,1,2,"A3",,2
1776564412.000,"78929e","N/A",24.788361,121.540833,35000,36700,538.2,,,,51.64,,,,,,0,,,,1012.0,35008,,,-36.8,39,186,,8,0,2,,,,,0
1776564417.000,"71c559","KAL2085 ",25.011912,120.949523,5450,5750,196.0,,198,,230.38,0.06,0.18,,,-512,,,,,1012.0,4000,,,-36.5,384,186,1,9,2,3,1,2,"A3",,2
1776564417.000,"89914e","MDA392  ",24.918045,121.229248,5200,5450,180.4,168,192,0.280,227.02,,24.96,233.96,228.99,-448,-352,,,,1012.0,4992,,"1555",-35.6,4854,186,1,10,2,3,2,0,"A0",,2
1776564417.000,"8991d9","SJX309  ",24.754571,121.278180,15600,16450,354.0,293,376,0.588,248.80,0.00,0.18,255.76,250.82,-512,-480,,280,26,1013.6,12992,,"3245",-36.6,359,186,1,9,1,3,1,2,"A3",,2
1776564417.000,"78929e","N/A",24.799530,121.556244,35000,36700,538.2,261,458,0.772,51.64,0.00,0.18,53.09,48.12,320,0,,251,86,1012.0,35008,,"3542",-35.6,80,186,,8,0,2,,,,,0
1776564422.001,"71c559","KAL2085 ",25.011912,120.949523,5450,5750,196.0,,198,,230.38,0.06,0.18,,,-512,,,,,1012.0,4000,,,-36.5,384,186,1,9,2,3,1,2,"A3",,2
1776564422.001,"89914e","MDA392  ",24.915363,121.226150,5150,5400,180.4,168,,0.280,226.57,,,232.91,227.94,-640,-512,,,,1012.0,4992,,"1555",-35.8,4887,186,1,10,2,3,2,0,"A0",,2
1776564422.001,"8991d9","SJX309  ",24.751639,121.269785,15575,16400,353.6,293,376,0.588,248.95,0.00,0.18,255.76,250.82,-512,-480,,280,26,1013.6,12992,,"3245",-36.1,370,186,1,9,1,3,1,2,"A3",,2
1776564422.001,"78929e","CRK614  ",24.809143,121.569570,35000,36700,539.0,261,458,0.772,51.71,0.00,0.18,53.09,48.12,320,0,,251,86,1012.0,35008,,"3542",-36.5,91,186,,8,0,2,,,"A0",,0
1776564427.000,"71c559","KAL2085 ",25.011912,120.949523,5450,5750,196.0,,198,,230.38,0.06,0.18,,,-512,,,,,1012.0,4000,,,-36.5,384,186,1,9,2,3,1,2,"A3",,2
1776564427.000,"89914e","MDA392  ",24.912460,121.222738,5100,5350,181.8,170,,0.284,227.01,,,233.26,228.29,-576,-576,,,,1012.0,4992,,"1555",-35.1,4927,186,1,10,2,3,2,0,"A0",,2
1776564427.000,"8991d9","SJX309  ",24.748672,121.261342,15525,16350,352.7,293,376,0.588,248.89,0.03,0.35,256.11,251.18,-512,-480,,284,26,1013.6,12992,,"3245",-34.4,407,186,1,9,1,3,1,2,"A3",,2
1776564427.000,"78929e","CRK614  ",24.812529,121.574292,35000,36700,539.0,261,458,0.772,51.71,0.00,0.00,53.26,48.29,288,0,,251,86,1012.0,35008,,"3542",-37.2,116,186,,8,0,2,,,"A0",,0
1776564432.000,"71c559","KAL2085 ",25.011912,120.949523,5450,5750,196.0,,198,,230.38,0.06,0.18,,,-512,,,,,1012.0,4000,,,-36.5,384,186,1,9,2,3,1,2,"A3",,2
1776564432.000,"89914e","MDA392  ",24.909485,121.219228,5075,5300,181.8,171,,0.284,227.01,,,233.44,228.47,-448,-512,,,,1012.0,4992,,"1555",-34.0,4962,186,1,10,2,3,2,0,"A0",,2
1776564432.000,"8991d9","SJX309  ",24.745773,121.253098,15500,16325,352.3,293,376,0.588,249.04,0.03,0.35,256.11,251.18,-448,-480,,284,26,1013.6,12992,,"3245",-33.8,433,186,1,9,1,3,1,2,"A3",,2
1776564432.000,"78929e","CRK614  ",24.824295,121.590627,35000,36700,539.8,261,458,0.768,51.77,-0.03,-0.18,53.26,48.29,-128,0,,251,86,1012.0,35008,,"3542",-34.5,148,186,,8,0,2,,,"A0",,0
1776564437.000,"89914e","MDA392  ",24.906983,121.216304,5050,5275,180.4,169,,0.280,227.02,,,233.26,228.30,-192,-192,,,,1012.0,4992,,"1555",-33.3,5015,186,1,10,2,3,2,0,"A0",,2
1776564437.000,"8991d9","SJX309  ",24.742887,121.244754,15450,16275,352.3,293,376,0.584,249.04,0.03,0.35,256.11,251.19,-448,-480,,284,26,1013.6,12992,,"3245",-33.8,475,186,1,9,1,3,1,2,"A3",,2
1776564437.000,"78929e","CRK614  ",24.827362,121.594950,35000,36700,539.8,261,458,0.768,51.77,0.03,0.18,53.26,48.29,-64,0,,251,86,1012.0,35008,,"3542",-36.1,174,186,,8,0,2,,,"A0",,0
1776564442.001,"ab87c8","FDX5140 ",24.959262,121.070424,2600,2750,197.0,,,,57.44,,,,,-704,,,,,1012.0,2496,,,-36.7,70,186,1,10,1,3,2,2,"A5",,2
1776564442.001,"89914e","MDA392  ",24.904633,121.213481,5050,5275,179.4,167,,0.276,229.29,,,235.02,230.05,-128,-128,,,,1012.0,4992,,"1555",-34.9,5043,186,1,10,2,3,2,0,"A0",,2
1776564442.001,"8991d9","SJX309  ",24.739861,121.236204,15400,16225,351.4,293,376,0.584,248.99,0.03,0.35,256.11,251.19,-512,-480,,284,26,1013.6,12992,,"3245",-33.0,500,186,1,9,1,3,1,2,"A3",,2
1776564442.001,"78929e","CRK614  ",24.839127,121.611328,35000,36700,539.8,261,458,0.768,51.77,0.00,0.18,53.26,48.29,-64,0,,251,86,1012.0,35008,,"3542",-36.7,195,186,,8,0,2,,,"A0",,0
1776564442.001,"ab87c8","FDX5140 ",24.959262,121.070424,2600,2750,197.0,,,,57.44,,,,,-704,,,,,1012.0,2496,,,-36.7,70,186,1,10,1,3,2,2,"A5",,2
1776564442.001,"89914e","MDA392  ",24.904633,121.213481,5050,5275,179.4,167,,0.276,229.29,,,235.02,230.05,-128,-128,,,,1012.0,4992,,"1555",-34.9,5043,186,1,10,2,3,2,0,"A0",,2
1776564442.001,"8991d9","SJX309  ",24.739861,121.236204,15400,16225,351.4,293,376,0.584,248.99,0.03,0.35,256.11,251.19,-512,-480,,284,26,1013.6,12992,,"3245",-33.0,500,186,1,9,1,3,1,2,"A3",,2
1776564442.001,"78929e","CRK614  ",24.839127,121.611328,35000,36700,539.8,261,458,0.768,51.77,0.00,0.18,53.26,48.29,-64,0,,251,86,1012.0,35008,,"3542",-36.7,195,186,,8,0,2,,,"A0",,0
1776564447.000,"ab87c8","FDX5140 ",24.961624,121.074117,2550,2725,195.4,185,,0.292,53.95,,,58.36,53.40,-384,-352,,,,1012.0,2496,,,-36.0,98,186,1,10,1,3,2,2,"A5",,2
1776564447.000,"89914e","MDA392  ",24.902189,121.209826,5025,5250,176.2,167,,0.276,242.27,,,235.02,230.05,-128,-128,,,,1012.0,4992,,"1555",-35.7,5060,186,1,10,2,3,2,0,"A0",,2
1776564447.000,"8991d9","SJX309  ",24.736975,121.228068,15350,16175,351.7,293,374,0.584,248.83,0.00,0.00,256.29,251.37,-640,-640,,286,27,1013.6,11008,,"3245",-34.7,528,186,1,9,1,3,1,2,"A3",,2
1776564447.000,"78929e","CRK614  ",24.842239,121.615651,35000,36700,539.8,261,458,0.768,51.77,0.00,0.18,53.26,48.29,-64,0,,251,86,1012.0,35008,,"3542",-37.6,204,186,,8,0,2,,,"A0",,0
1776564452.000,"ab87c8","FDX5140 ",24.963821,121.077220,2525,2700,191.3,184,,0.292,51.15,,,56.95,51.99,-192,-224,,,,1012.0,2496,,,-35.6,111,186,1,10,1,3,2,2,"A5",,2
1776564452.000,"89914e","MDA392  ",24.900284,121.205037,5025,5250,173.8,167,,0.276,253.96,,,235.02,230.05,64,-128,,,,1012.0,4992,,"1555",-35.8,5086,186,1,10,2,3,2,0,"A0",,2
1776564452.000,"8991d9","SJX309  ",24.734601,121.221227,15300,16125,351.7,293,374,0.584,248.83,0.00,0.00,256.29,251.37,-768,-640,,286,27,1013.6,11008,,"3245",-35.7,538,186,1,9,1,3,1,2,"A3",,2
1776564452.000,"78929e","CRK614  ",24.849026,121.625130,35000,36700,539.8,261,458,0.768,51.77,0.00,0.18,53.26,48.29,-64,0,,251,86,1012.0,35008,,"3542",-37.6,205,186,,8,0,2,,,"A0",,0
1776564457.000,"ab87c8","FDX5140 ",24.963821,121.077220,2525,2700,188.9,184,190,0.292,50.16,,-2.46,56.95,51.99,-128,-224,,,,1012.0,2496,,,-36.9,122,186,1,10,1,3,2,2,"A5",,2
1776564457.000,"89914e","MDA392  ",24.899628,121.200291,5025,5250,170.2,167,,0.276,267.31,,,235.02,230.05,64,-128,,,,1012.0,4992,,"1555",-35.0,5119,186,1,10,2,3,2,0,"A0",,2
1776564457.000,"8991d9","SJX309  ",24.734601,121.221227,15300,16125,351.7,293,374,0.584,248.83,0.00,0.00,256.29,251.37,-768,-640,,286,27,1013.6,11008,,"3245",-35.7,538,186,1,9,1,3,1,2,"A3",,2
1776564457.000,"78929e","CRK614  ",24.849026,121.625130,35000,36700,539.8,261,458,0.768,51.77,0.00,0.18,53.26,48.29,-64,0,,251,86,1012.0,35008,,"3542",-37.6,205,186,,8,0,2,,,"A0",,0
1776564463.000,"ab87c8","FDX5140 ",24.969910,121.085154,2525,2675,179.3,184,190,0.292,48.84,,-2.46,56.95,51.99,64,-224,,,,1012.0,2496,,,-36.1,144,186,1,10,1,3,2,2,"A5",,2
1776564463.000,"89914e","MDA392  ",24.900047,121.195057,5025,5250,169.2,162,,0.268,281.24,,,284.94,279.98,0,0,,,,1012.0,4992,,"1555",-35.1,5184,186,1,10,2,3,2,0,"A0",,2
1776564463.000,"8991d9","SJX309  ",24.734601,121.221227,15300,16125,351.7,293,374,0.584,248.83,0.00,0.00,256.29,251.37,-768,-640,,286,27,1013.6,11008,,"3245",-35.7,538,186,1,9,1,3,1,2,"A3",,2
1776564463.000,"78929e","CRK614  ",24.849026,121.625130,35000,36700,539.8,261,458,0.768,51.77,0.00,0.18,53.26,48.29,-64,0,,251,86,1012.0,35008,,"3542",-37.6,205,186,,8,0,2,,,"A0",,0
1776564468.000,"ab87c8","FDX5140 ",24.973343,121.089427,2525,2675,176.5,184,190,0.292,48.91,,-2.46,56.95,51.99,128,-224,,,,1012.0,2496,,,-36.5,156,186,1,10,1,3,2,2,"A5",,2
1776564468.000,"89914e","MDA392  ",24.901211,121.191015,5025,5250,171.2,162,,0.268,292.67,,,284.94,279.98,-64,0,,,,1012.0,4992,,"1555",-33.7,5240,186,1,10,2,3,2,0,"A0",,2
1776564468.000,"8991d9","SJX309  ",24.734601,121.221227,15300,16125,351.7,293,374,0.584,248.83,0.00,0.00,256.29,251.37,-768,-640,,286,27,1013.6,11008,,"3245",-35.7,538,186,1,9,1,3,1,2,"A3",,2
1776564468.000,"78929e","CRK614  ",24.849026,121.625130,35000,36700,539.8,261,458,0.768,51.77,0.00,0.18,53.26,48.29,-64,0,,251,86,1012.0,35008,,"3542",-37.6,205,186,,8,0,2,,,"A0",,0
1776564473.000,"ab87c8","FDX5140 ",24.976044,121.092834,2525,2675,172.9,184,190,0.292,48.75,,-2.46,56.95,51.99,0,-224,,,,1012.0,2496,,,-35.8,175,186,1,10,1,3,2,2,"A5",,2
1776564473.000,"89914e","MDA392  ",24.903213,121.187232,5025,5250,173.1,166,,0.276,304.88,,,304.98,300.02,0,-32,,,,1012.0,4992,,"1555",-34.8,5290,186,1,10,2,3,2,0,"A0",,2
1776564473.000,"8991d9","SJX309  ",24.734601,121.221227,15300,16125,351.7,293,374,0.584,248.83,0.00,0.00,256.29,251.37,-768,-640,,286,27,1013.6,11008,,"3245",-35.7,538,186,1,9,1,3,1,2,"A3",,2
1776564473.000,"78929e","CRK614  ",24.849026,121.625130,35000,36700,539.8,261,458,0.768,51.77,0.00,0.18,53.26,48.29,-64,0,,251,86,1012.0,35008,,"3542",-37.6,205,186,,8,0,2,,,"A0",,0
1776564478.000,"ab87c8","FDX5140 ",24.978333,121.095683,2550,2700,172.2,184,190,0.292,48.53,,-2.46,56.95,51.99,64,-224,,,,1012.0,2496,,"2720",-34.6,194,186,1,10,1,3,2,2,"A5",,2
1776564478.000,"89914e","MDA392  ",24.906006,121.183915,5025,5250,175.0,167,184,0.276,318.48,,22.32,317.99,313.03,64,0,,331,8,1012.0,4992,,"1555",-34.0,5355,186,1,10,2,3,2,0,"A0",,2
1776564478.000,"8991d9","SJX309  ",24.734601,121.221227,15300,16125,351.7,293,374,0.584,248.83,0.00,0.00,256.29,251.37,-768,-640,,286,27,1013.6,11008,,"3245",-35.7,538,186,1,9,1,3,1,2,"A3",,2
1776564478.000,"78929e","CRK614  ",24.849026,121.625130,35000,36700,539.8,261,458,0.768,51.77,0.00,0.18,53.26,48.29,-64,0,,,,1012.0,35008,,"3542",-37.6,205,186,,8,0,2,,,"A0",,0
1776564483.000,"ab87c8","FDX5140 ",24.981048,121.099134,2550,2700,171.6,162,190,0.256,49.25,,2.11,55.55,50.58,64,32,,,,1012.0,2496,,"2720",-33.4,224,186,1,10,1,3,2,2,"A5",,2
1776564483.000,"89914e","MDA392  ",24.909218,121.181531,5025,5250,177.6,169,186,0.280,332.14,,21.80,334.86,329.90,64,96,,340,7,1012.0,4992,,"1555",-31.0,5438,186,1,10,2,3,2,0,"A0",,2
1776564483.000,"8991d9","SJX309  ",24.734601,121.221227,15300,16125,351.7,293,374,0.584,248.83,0.00,0.00,256.29,251.37,-768,-640,,286,27,1013.6,11008,,"3245",-35.7,538,186,1,9,1,3,1,2,"A3",,2
1776564483.000,"7892a6","N/A",24.796005,121.550903,37000,38975,541.9,,454,,51.82,0.00,0.35,,,0,,,,,1013.6,36992,,"3576",-36.2,76,186,1,9,2,3,1,2,,,2
1776564483.000,"78929e","CRK614  ",24.849026,121.625130,35000,36700,539.8,261,458,0.768,51.77,0.00,0.18,53.26,48.29,-64,0,,,,1012.0,35008,,"3542",-37.6,205,186,,8,0,2,,,"A0",,0
1776564488.000,"ab87c8","FDX5140 ",24.983643,121.102498,2550,2700,171.1,162,190,0.256,49.98,,2.11,55.55,50.58,0,32,,,,1012.0,2496,,"2720",-34.4,262,186,1,10,1,3,2,2,"A5",,2
1776564488.000,"89914e","MDA392  ",24.913175,121.179769,5025,5250,179.4,170,186,0.280,343.48,,22.68,344.71,339.74,0,32,,328,8,1012.0,4992,,"1555",-32.3,5507,186,1,10,2,3,2,0,"A0",,2
1776564488.000,"8991d9","SJX309  ",24.734601,121.221227,15300,16125,351.7,293,374,0.584,248.83,0.00,0.00,256.29,251.37,-768,-640,,286,27,1013.6,11008,,"3245",-35.7,538,186,1,9,1,3,1,2,"A3",,2
1776564488.000,"7892a6","HKE686  ",24.800472,121.557087,37000,38975,541.9,250,454,0.772,51.82,0.00,0.18,54.49,49.53,0,0,,243,90,1013.6,36992,,"3576",-35.0,151,186,1,9,2,3,1,2,"A3",,2
1776564488.000,"78929e","CRK614  ",24.849026,121.625130,35000,36700,539.8,261,458,0.768,51.77,0.00,0.18,53.26,48.29,-64,0,,,,1012.0,35008,,"3542",-37.6,205,186,,8,0,2,,,"A0",,0
1776564493.000,"71c559","N/A",24.930725,120.984762,4500,4775,200.0,,,,91.15,,,,,-640,,,,,,,,,-38.0,394,186,,8,2,2,,,"A3",,0
1776564493.000,"ab87c8","FDX5140 ",24.985611,121.105092,2550,2700,171.8,162,190,0.256,50.19,,2.11,55.55,50.58,-64,32,,,,1012.0,2496,,"2720",-35.8,278,186,1,10,1,3,2,2,"A5",,2
1776564493.000,"89914e","MDA392  ",24.917132,121.179044,5025,5250,181.3,171,188,0.284,356.52,,23.55,354.90,349.94,0,0,,338,8,1012.0,4992,,"1555",-32.2,5575,186,1,10,2,3,2,0,"A0",,2
1776564493.000,"8991d9","SJX309  ",24.734601,121.221227,15300,16125,351.7,293,374,0.584,248.83,0.00,0.00,256.29,251.37,-768,-640,,286,27,1013.6,11008,,"3245",-35.7,538,186,1,9,1,3,1,2,"A3",,2
1776564493.000,"7892a6","HKE686  ",24.810150,121.570587,37000,38975,541.9,250,454,0.772,51.82,0.00,0.18,54.49,49.53,0,0,,243,90,1013.6,36992,,"3576",-34.8,212,186,1,9,2,3,1,2,"A3",,2
1776564493.000,"78929e","CRK614  ",24.849026,121.625130,35000,36700,539.8,261,458,0.768,51.77,0.00,0.18,53.26,48.29,-64,0,,,,1012.0,35008,,"3542",-37.6,205,186,,8,0,2,,,"A0",,0
1776564498.000,"71c559","KAL2085 ",24.930817,120.990295,4475,4750,198.1,178,194,0.292,87.98,-0.34,-3.69,90.70,85.76,0,0,,331,9,1012.0,4000,,,-33.6,435,186,1,8,2,2,,,"A3",,0
1776564498.000,"ab87c8","FDX5140 ",24.985611,121.105092,2550,2700,170.9,162,190,0.256,49.51,,2.11,55.55,50.58,-448,32,,,,1012.0,2496,,"2720",-37.2,288,186,1,10,1,3,2,2,"A5",,2
1776564498.000,"89914e","MDA392  ",24.921387,121.179301,5025,5250,183.3,171,188,0.284,9.10,,23.73,12.48,7.52,-64,-64,,345,6,1012.0,4992,,"1555",-29.7,5664,186,1,10,2,3,2,0,"A0",,2
1776564498.000,"8991d9","SJX309  ",24.734601,121.221227,15300,16125,351.7,293,374,0.584,248.83,0.00,0.00,256.29,251.37,-768,-640,,286,27,1013.6,11008,,"3245",-35.7,538,186,1,9,1,3,1,2,"A3",,2
1776564498.000,"7892a6","HKE686  ",24.819093,121.583050,37000,38975,541.9,250,454,0.772,51.82,0.03,0.35,54.49,49.52,0,0,,243,90,1013.6,36992,,"3576",-36.5,238,186,1,9,2,3,1,2,"A3",,2
1776564498.000,"78929e","CRK614  ",24.849026,121.625130,35000,36700,539.8,,458,,51.77,0.00,0.18,,,,0,,,,,,,"3542",-37.6,205,186,,8,0,2,,,"A0",,0
1776564503.000,"71c559","KAL2085 ",24.931000,120.994822,4450,4725,197.3,177,192,0.292,86.80,-0.22,-2.46,89.47,84.53,-320,-384,,321,9,1012.0,4000,,"7167",-34.1,474,186,1,9,2,3,1,2,"A3",,2
1776564503.000,"ab87c8","FDX5140 ",24.985611,121.105092,2550,2700,170.9,162,190,0.256,49.51,,2.11,55.55,50.58,-448,32,,,,1012.0,2496,,"2720",-37.1,292,186,1,10,1,3,2,2,"A5",,2
1776564503.000,"89914e","MDA392  ",24.925140,121.180573,5025,5250,183.1,171,188,0.284,21.80,,24.26,26.19,21.23,0,32,,1,5,1012.0,4992,,"1555",-33.7,5719,186,1,10,2,3,2,0,"A0",,2
1776564503.000,"8991d9","SJX309  ",24.734601,121.221227,15300,16125,351.7,293,374,0.584,248.83,0.00,0.00,256.29,251.37,-768,-640,,286,27,,,,"3245",-35.7,538,186,1,9,1,3,1,2,"A3",,2
1776564503.000,"7892a6","HKE686  ",24.825657,121.592171,37000,38975,542.6,250,454,0.772,51.74,0.00,0.00,54.49,49.52,0,0,,243,91,1013.6,36992,,"3576",-36.0,286,186,1,9,2,3,1,2,"A3",,2
1776564503.000,"78929e","CRK614  ",24.849026,121.625130,35000,36700,539.8,,,,51.77,,,,,,0,,,,,,,,-37.6,205,186,,8,0,2,,,"A0",,0
1776564508.000,"71c559","KAL2085 ",24.931237,120.998702,4425,4700,199.4,179,192,0.292,86.26,-0.22,-2.46,89.12,84.18,-448,-448,,321,9,1012.0,4000,,"7167",-36.0,497,186,1,9,2,3,1,2,"A3",,2
1776564508.000,"ab87c8","FDX5140 ",24.993710,121.115458,2425,2575,170.9,162,190,0.256,49.51,,2.11,55.55,50.58,-448,32,,,,1012.0,2496,,"2720",-36.1,299,186,1,10,1,3,2,2,"A5",,2
1776564508.000,"89914e","MDA392  ",24.929003,121.182982,5050,5275,184.0,170,188,0.280,35.94,,24.26,34.28,29.31,0,32,,1,5,1012.0,4992,,"1555",-33.5,5762,186,1,10,2,3,2,0,"A0",,2
1776564508.000,"8991d9","SJX309  ",24.734601,121.221227,15300,16125,351.7,,,,248.83,,,,,-768,,,,,,,,,-35.7,538,186,1,9,1,3,1,2,"A3",,2
1776564508.000,"7892a6","HKE686  ",24.834967,121.605127,37000,38975,542.6,250,454,0.772,51.74,0.00,0.00,54.49,49.52,0,0,,243,91,1013.6,36992,,"3576",-36.3,309,186,1,9,2,3,1,2,"A3",,2
1776564508.000,"78929e","CRK614  ",24.849026,121.625130,35000,36700,,,,,,,,,,,,,,,,,,,-37.6,205,186,,8,,2,,,"A0",,0
1776564513.000,"71c559","KAL2085 ",24.931610,121.004973,4375,4650,199.5,179,192,0.292,85.98,-0.22,-2.46,88.95,84.00,-576,-480,,321,9,1012.0,2496,,"7167",-35.6,510,186,1,9,2,3,1,2,"A3",,2
1776564513.000,"ab87c8","FDX5140 ",24.993710,121.115458,2425,2575,170.9,162,190,0.256,49.51,,2.11,55.55,50.58,-448,32,,,,1012.0,2496,,"2720",-36.9,306,186,1,10,1,3,2,2,"A5",,2
1776564513.000,"89914e","MDA392  ",24.931703,121.185418,5050,5275,182.6,168,184,0.276,42.78,,11.95,44.30,39.33,128,96,,337,5,1012.0,4992,,"1555",-35.9,5794,186,1,10,2,3,2,0,"A0",,2
1776564513.000,"7892a6","HKE686  ",24.834967,121.605127,37000,38975,542.6,250,454,0.772,51.74,0.00,0.00,54.49,49.52,0,0,,243,91,1013.6,36992,,"3576",-36.9,324,186,1,9,2,3,1,2,"A3",,2
1776564518.000,"71c559","KAL2085 ",24.931961,121.009776,4325,4600,199.5,179,192,0.292,85.98,-0.22,-2.46,88.95,84.00,-832,-480,,321,9,1012.0,2496,,"7167",-35.7,524,186,1,9,2,3,1,2,"A3",,2
1776564518.000,"ab87c8","FDX5140 ",24.999435,121.122437,2275,2425,167.0,162,,0.256,47.43,,2.11,55.55,50.58,-1088,32,,,,1012.0,2496,,"2720",-36.8,311,186,1,10,1,3,2,2,"A5",,2
1776564518.000,"89914e","MDA392  ",24.935440,121.189473,5050,5275,181.7,167,184,0.276,44.78,,1.93,46.58,41.61,64,96,,328,9,1012.0,4000,,"1555",-36.0,5835,186,1,10,2,3,2,0,"A0",,2
1776564518.000,"7892a6","HKE686  ",24.845947,121.620433,37000,38975,542.6,250,454,0.772,51.74,0.00,0.18,54.32,49.34,0,0,,244,91,1013.6,36992,,"3576",-36.7,358,186,1,9,2,3,1,2,"A3",,2
1776564523.000,"71c559","KAL2085 ",24.932308,121.015441,4250,4525,199.5,179,194,0.292,85.98,0.09,-0.53,88.95,84.00,-704,-480,,321,9,1012.0,2496,,"7167",-36.1,538,186,1,9,2,3,1,2,"A3",,2
1776564523.000,"ab87c8","FDX5140 ",25.000507,121.123749,2225,2375,167.8,162,,0.256,47.66,,2.11,55.55,50.58,-1024,32,,,,1012.0,2496,,"2720",-36.0,318,186,1,10,1,3,2,2,"A5",,2
1776564523.000,"89914e","MDA392  ",24.938546,121.192880,5050,5275,181.0,166,182,0.276,45.00,,-0.18,45.53,40.56,0,-32,,328,9,1012.0,4000,,"1555",-35.6,5874,186,1,10,2,3,2,0,"A0",,2
1776564523.000,"7892a6","HKE686  ",24.845947,121.620433,37000,38975,542.6,250,454,0.772,51.74,0.00,0.18,54.32,49.34,0,0,,244,91,1013.6,36992,,"3576",-37.1,359,186,1,9,2,3,1,2,"A3",,2
1776564528.000,"71c559","KAL2085 ",24.932373,121.016490,4225,4475,198.5,179,194,0.292,85.96,0.09,-0.53,88.95,84.00,-704,-480,,321,9,1012.0,2496,,"7167",-36.1,547,186,1,9,2,3,1,2,"A3",,2
1776564528.000,"ab87c8","FDX5140 ",25.000507,121.123749,2225,2375,167.8,162,,0.256,47.66,,2.11,55.55,50.58,-1024,32,,,,1012.0,2496,,"2720",-36.0,318,186,1,10,1,3,2,2,"A5",,2
1776564528.000,"89914e","MDA392  ",24.941528,121.196187,5050,5275,181.0,166,182,0.276,45.00,,-0.18,45.53,40.56,-256,-32,,328,9,1012.0,4000,,"1555",-36.0,5908,186,1,10,2,3,2,0,"A0",,2
1776564528.000,"7892a6","HKE686  ",24.845947,121.620433,37000,38975,542.6,250,454,0.772,51.74,0.00,0.18,54.32,49.34,0,0,,244,91,1013.6,36992,,"3576",-37.8,364,186,1,9,2,3,1,2,"A3",,2
1776564533.000,"71c559","KAL2085 ",24.932373,121.016490,4225,4475,198.5,179,194,0.292,85.96,0.09,-0.53,88.95,84.00,-704,-480,,321,9,1012.0,2496,,"7167",-36.4,549,186,1,9,2,3,1,2,"A3",,2
1776564533.000,"ab87c8","FDX5140 ",25.000507,121.123749,2225,2375,167.8,162,,0.256,47.66,,2.11,55.55,50.58,-1024,32,,,,1012.0,2496,,"2720",-36.0,318,186,1,10,1,3,2,2,"A5",,2
1776564533.000,"89914e","MDA392  ",24.944365,121.199358,5025,5250,182.4,167,182,0.276,45.44,,-0.18,46.23,41.26,-384,-384,,328,9,1012.0,4000,,"1555",-36.3,5931,186,1,10,2,3,2,0,"A0",,2
1776564533.000,"7892a6","HKE686  ",24.845947,121.620433,37000,38975,542.6,250,454,0.772,51.74,0.00,0.18,54.32,49.34,0,0,,244,91,1013.6,36992,,"3576",-37.8,364,186,1,9,2,3,1,2,"A3",,2
1776564538.000,"71c559","KAL2085 ",24.933379,121.030987,4075,4325,198.5,179,194,0.292,85.96,0.09,-0.53,88.95,84.00,-704,-480,,321,9,1012.0,2496,,"7167",-36.1,551,186,1,9,2,3,1,2,"A3",,2
1776564538.000,"ab87c8","FDX5140 ",25.000507,121.123749,2225,2375,167.8,162,,0.256,47.66,,2.11,55.55,50.58,-1024,32,,,,1012.0,2496,,"2720",-36.0,318,186,1,10,1,3,2,2,"A5",,2
1776564538.000,"89914e","MDA392  ",24.947391,121.202778,5000,5225,183.2,169,184,0.280,45.66,,-0.18,46.76,41.79,-448,-448,,328,9,1012.0,4000,,"1555",-36.3,5960,186,1,10,2,3,2,0,"A0",,2
1776564538.000,"7892a6","HKE686  ",24.845947,121.620433,37000,38975,542.6,250,454,0.772,51.74,0.00,0.18,54.32,49.34,0,0,,244,91,1013.6,36992,,"3576",-37.8,364,186,1,9,2,3,1,2,"A3",,2
1776564543.000,"71c559","KAL2085 ",24.934356,121.035703,4000,4250,198.4,180,194,0.292,73.30,-2.38,-22.50,75.23,70.29,-640,-640,,330,19,1012.0,2496,,"7167",-35.5,582,186,1,9,2,3,1,2,"A3",,2
1776564543.000,"ab87c8","FDX5140 ",25.000507,121.123749,2225,2375,167.8,,,,47.66,,,,,-1024,,,,,1012.0,2496,,"2720",-36.0,318,186,1,10,1,3,2,2,"A5",,2
1776564543.000,"89914e","MDA392  ",24.948601,121.204074,4975,5200,183.9,168,184,0.280,45.88,,-0.18,47.11,42.14,-512,-480,,328,9,1012.0,4000,,"1555",-36.6,5973,186,1,10,2,3,2,0,"A0",,2
1776564543.000,"7892a6","HKE686  ",24.845947,121.620433,37000,38975,542.6,250,454,0.772,51.74,0.00,0.18,54.32,49.34,0,0,,244,91,1013.6,36992,,"3576",-37.8,364,186,1,9,2,3,1,2,"A3",,2
1776564548.000,"71c559","KAL2085 ",24.936264,121.040446,3950,4200,197.7,179,194,0.292,62.92,-1.69,-18.28,67.15,62.20,-576,-608,,307,9,1012.0,2496,,"7167",-34.9,650,186,1,9,2,3,1,2,"A3",,2
1776564548.000,"ab87c8","FDX5140 ",25.000507,121.123749,2225,2375,167.8,,,,47.66,,,,,-1024,,,,,1012.0,2496,,"2720",-36.0,318,186,1,10,1,3,2,2,"A5",,2
1776564548.000,"89914e","MDA392  ",24.951767,121.207650,4950,5175,184.6,170,184,0.280,46.10,,-0.18,47.99,43.01,-576,-448,,328,9,1012.0,4000,,"1555",-36.7,5987,186,1,10,2,3,2,0,"A0",,2
1776564548.000,"7892a6","HKE686  ",24.845947,121.620433,37000,38975,542.6,250,454,0.772,51.74,0.00,0.18,54.32,49.34,0,0,,244,91,1013.6,36992,,"3576",-37.8,364,186,1,9,2,3,1,2,"A3",,2
1776564553.000,"71c559","KAL2085 ",24.938732,121.044772,3900,4150,198.6,181,194,0.292,55.67,-1.62,-16.35,58.36,53.41,-640,-608,,313,12,1012.0,2496,,"7167",-34.8,697,186,1,9,2,3,1,2,"A3",,2
1776564553.000,"ab87c8","FDX5140 ",25.000507,121.123749,2225,2375,167.8,,,,47.66,,,,,-1024,,,,,1012.0,2496,,"2720",-36.0,318,186,1,10,1,3,2,2,"A5",,2
1776564553.000,"89914e","MDA392  ",24.955770,121.212158,4875,5100,185.3,170,184,0.280,45.44,,-0.18,47.99,43.01,-512,-448,,328,9,1012.0,4000,,"1555",-37.2,5997,186,1,10,2,3,2,0,"A0",,2
1776564553.000,"7892a6","HKE686  ",24.845947,121.620433,37000,38975,542.6,250,454,0.772,51.74,0.00,0.18,54.32,49.34,0,0,,244,91,1013.6,36992,,"3576",-37.8,364,186,1,9,2,3,1,2,"A3",,2
1776564558.000,"71c559","KAL2085 ",24.941437,121.048686,3850,4100,198.8,180,194,0.292,52.15,-1.62,-16.35,56.07,51.12,-704,-640,,313,12,1012.0,3008,,"7167",-35.2,762,186,1,9,2,3,1,2,"A3",,2
1776564558.000,"ab87c8","FDX5140 ",25.000507,121.123749,2225,2375,167.8,,,,47.66,,,,,-1024,,,,,1012.0,2496,,"2720",-36.0,318,186,1,10,1,3,2,2,"A5",,2
1776564558.000,"89914e","MDA392  ",24.955770,121.212158,4875,5100,185.3,170,184,0.280,45.44,,0.70,47.99,43.01,-512,-448,,328,9,1012.0,4000,,"1555",-37.8,6010,186,1,10,2,3,2,0,"A0",,2
1776564558.000,"7892a6","HKE686  ",24.845947,121.620433,37000,38975,542.6,250,454,0.772,51.74,0.00,0.18,54.32,49.34,0,0,,244,91,1013.6,36992,,"3576",-37.8,364,186,1,9,2,3,1,2,"A3",,2
1776564563.000,"71c559","KAL2085 ",24.944046,121.052195,3800,4050,199.6,180,194,0.292,50.49,-1.62,-16.35,56.07,51.12,-896,-640,,313,12,1012.0,3008,,"7167",-36.2,781,186,1,9,2,3,1,2,"A3",,2
1776564563.000,"ab87c8","FDX5140 ",25.000507,121.123749,2225,2375,167.8,,,,47.66,,,,,-1024,,,,,1012.0,2496,,"2720",-36.0,318,186,1,10,1,3,2,2,"A5",,2
1776564563.000,"89914e","MDA392  ",24.960705,121.217703,4825,5050,186.0,170,184,0.280,45.65,,0.70,47.99,43.01,-448,-448,,328,9,1012.0,4000,,"1555",-36.7,6018,186,1,10,2,3,2,0,"A0",,2
1776564563.000,"7892a6","HKE686  ",24.845947,121.620433,37000,38975,542.6,250,454,0.772,51.74,0.00,0.18,54.32,49.34,0,0,,244,91,1013.6,36992,,"3576",-37.8,364,186,1,9,2,3,,,"A3",,2
1776564568.000,"71c559","KAL2085 ",24.947158,121.056329,3725,3975,199.5,180,194,0.292,50.08,-1.62,-16.35,56.07,51.12,-896,-640,,313,12,1012.0,3008,,"7167",-36.1,804,186,1,9,2,3,1,2,"A3",,2
1776564568.000,"ab87c8","FDX5140 ",25.000507,121.123749,2225,2375,167.8,,,,47.66,,,,,-1024,,,,,,,,"2720",-36.0,318,186,,,1,,,,"A5",,2
1776564568.000,"89914e","MDA392  ",24.963913,121.221313,4775,5000,186.0,170,184,0.280,45.65,,0.70,47.99,43.01,-448,-448,,328,9,1012.0,4000,,"1555",-36.9,6023,186,1,10,2,3,2,0,"A0",,2
1776564568.000,"7892a6","HKE686  ",24.845947,121.620433,37000,38975,542.6,250,454,0.772,51.74,0.00,0.18,54.32,49.34,0,0,,244,91,1013.6,36992,,"3576",-37.8,364,186,1,9,2,3,,,"A3",,2
1776564573.000,"71c559","KAL2085 ",24.950091,121.060112,3650,3875,199.4,181,194,0.292,49.68,-0.16,-0.70,53.61,48.66,-960,-896,,262,6,1012.0,3008,,"7167",-35.4,859,186,1,9,2,3,1,2,"A3",,2
1776564573.000,"ab87c8","FDX5140 ",25.000507,121.123749,2225,2375,167.8,,,,47.66,,,,,-1024,,,,,,,,,-36.0,318,186,,,1,,,,"A5",,2
1776564573.000,"89914e","MDA392  ",24.966476,121.224162,4750,4975,186.7,170,184,0.280,45.43,,0.70,47.99,43.01,-512,-448,,328,9,1012.0,4000,,"1555",-36.5,6039,186,1,10,2,3,2,0,"A0",,2
1776564573.000,"7892a6","HKE686  ",24.845947,121.620433,37000,38975,542.6,250,454,0.772,51.74,0.00,0.18,54.32,49.34,0,0,,244,91,1013.6,36992,,"3576",-37.8,364,186,1,9,2,3,,,"A3",,2
1776564578.000,"71c559","KAL2085 ",24.953070,121.063946,3575,3800,199.3,181,194,0.292,49.27,-0.06,-0.70,53.26,48.31,-960,-928,,261,6,1012.0,3008,,"7167",-35.1,915,186,1,9,2,3,1,2,"A3",,2
1776564578.000,"ab87c8","FDX5140 ",25.000507,121.123749,2225,2375,167.8,,,,47.66,,,,,-1024,,,,,,,,,-36.0,318,186,,,1,,,,"A5",,2
1776564578.000,"89914e","MDA392  ",24.966476,121.224162,4750,4975,187.4,170,184,0.280,45.65,,0.70,47.99,43.01,-448,-448,,,,1012.0,4000,,"1555",-37.0,6041,186,1,10,2,3,2,0,"A0",,2
1776564583.000,"71c559","KAL2085 ",24.956422,121.068144,3475,3700,198.5,182,194,0.292,49.09,-0.06,-0.70,52.56,47.60,-960,-960,,261,6,1012.0,3008,,"7167",-34.8,965,186,1,9,2,3,1,2,"A3",,2
1776564583.000,"89914e","MDA392  ",24.971924,121.230244,4675,4900,187.4,170,184,0.280,45.65,,0.70,47.99,43.01,-448,-448,,,,1012.0,4000,,"1555",-36.7,6050,186,1,10,2,3,2,0,"A0",,2
1776564588.000,"71c559","KAL2085 ",24.959290,121.071777,3400,3625,197.7,178,190,0.288,48.90,-0.03,-0.35,52.91,47.95,-1088,-1024,,258,7,1012.0,3008,,"7167",-34.3,1035,186,1,9,2,3,1,2,"A3",,2
1776564588.000,"89914e","MDA392  ",24.971924,121.230244,4675,4900,187.4,170,184,0.280,45.65,,0.70,47.99,43.01,-448,-448,,,,1012.0,4000,,"1555",-37.4,6056,186,1,10,2,3,2,0,"A0",,2
1776564593.000,"71c559","KAL2085 ",24.962540,121.075846,3300,3525,197.0,178,188,0.288,48.70,0.03,0.18,52.91,47.95,-1152,-1024,,258,7,1012.0,3008,,"7167",-34.8,1087,186,1,9,2,3,1,2,"A3",,2
1776564593.000,"89914e","MDA392  ",24.971924,121.230244,4675,4875,188.8,170,184,0.280,45.21,,0.70,47.99,43.01,-512,-448,,,,1012.0,4000,,"1555",-37.2,6065,186,1,10,2,3,2,0,"A0",,2
1776564598.000,"71c559","KAL2085 ",24.965057,121.079000,3225,3450,195.6,175,188,0.280,48.73,0.06,0.18,53.44,48.48,-1024,-1056,,235,8,1012.0,3008,,"7167",-35.0,1142,186,1,9,2,3,1,2,"A3",,2
1776564598.000,"89914e","MDA392  ",24.971924,121.230244,4525,4875,188.8,170,184,0.280,45.21,,0.70,47.99,43.01,-448,-448,,,,1012.0,4000,,"1555",-37.0,6071,186,1,10,2,3,2,0,"A0",,2
1776564603.000,"71c559","KAL2085 ",24.968216,121.083018,3125,3350,193.5,174,186,0.280,48.98,0.16,1.41,53.09,48.12,-960,-992,,252,9,1012.0,3008,,"7167",-35.9,1194,186,1,9,2,3,1,2,"A3",,2
1776564603.000,"89914e","MDA392  ",24.971924,121.230244,4500,4875,188.1,170,184,0.280,45.43,,0.70,47.99,43.01,-576,-448,,,,1012.0,4000,,"1555",-37.0,6080,186,1,10,2,3,2,0,"A0",,2
1776564608.000,"71c559","KAL2085 ",24.971365,121.087007,3050,3250,192.2,173,184,0.276,49.43,-0.06,0.70,53.61,48.65,-960,-992,,241,9,1012.0,3008,,"7167",-33.9,1257,186,1,9,2,3,1,2,"A3",,2
1776564608.000,"89914e","MDA392  ",24.987854,121.247965,4450,4650,188.1,,184,,45.43,,0.70,,,-448,,,,,1012.0,4000,,"1555",-37.2,6084,186,1,10,2,3,2,0,"A0",,2
1776564613.000,"71c559","KAL2085 ",24.973984,121.090393,2975,3175,192.2,171,182,0.272,49.43,0.12,0.88,53.96,49.00,-1088,-1088,,237,10,1012.0,3008,,"7167",-34.8,1337,186,1,9,2,3,1,2,"A3",,2
1776564613.000,"89914e","MDA392  ",24.987854,121.247965,4450,4650,188.1,,184,,45.43,,0.70,,,-448,,,,,1012.0,4000,,"1555",-37.4,6086,186,1,10,2,3,,,"A0",,2
1776564618.000,"71c559","KAL2085 ",24.976868,121.094106,2875,3075,191.6,172,182,0.272,49.66,-0.09,0.00,54.14,49.17,-1024,-1088,,239,10,1012.0,3008,,"7167",-32.1,1420,186,1,9,2,3,1,2,"A3",,2
1776564618.000,"89914e","MDA392  ",24.987854,121.247965,4450,4650,188.1,,,,45.43,,,,,-512,,,,,1012.0,4000,,"1555",-37.7,6089,186,1,10,2,3,,,"A0",,2
1776564623.000,"71c559","KAL2085 ",24.979843,121.097870,2800,3000,190.0,171,182,0.272,49.27,-0.19,-0.53,54.49,49.52,-1024,-1024,,223,8,1012.0,3008,,"7167",-34.2,1502,186,1,9,2,3,1,2,"A3",,2
1776564623.000,"89914e","MDA392  ",24.997513,121.258698,4325,4525,188.1,,,,45.43,,,,,-512,,,,,1012.0,4000,,"1555",-37.8,6093,186,1,10,2,3,,,"A0",,2
1776564628.000,"71c559","KAL2085 ",24.982864,121.101685,2700,2900,189.3,172,182,0.272,49.07,-0.19,-0.53,54.32,49.35,-960,-960,,222,7,1012.0,3008,,"7167",-34.0,1585,186,1,9,2,3,1,2,"A3",,2
1776564628.000,"89914e","MDA392  ",24.997513,121.258698,4325,4525,187.4,,,,45.22,,,,,-512,,,,,1012.0,4000,,"1555",-37.4,6099,186,1,10,2,3,,,"A0",,2
1776564633.000,"71c559","KAL2085 ",24.985610,121.105145,2625,2800,187.8,174,184,0.276,48.67,0.06,0.35,54.49,49.52,-960,-928,,193,5,1012.0,3008,,"7167",-33.4,1666,186,1,9,2,3,1,2,"A3",,2
1776564633.000,"89914e","MDA392  ",24.997513,121.258698,4325,4525,187.4,,,,45.22,,,,,-512,,,,,1012.0,4000,,"1555",-37.4,6102,186,1,10,2,3,,,"A0",,2
1776564638.000,"71c559","KAL2085 ",24.988541,121.108805,2550,2725,185.8,175,186,0.276,49.37,0.28,1.76,55.20,50.22,-960,-928,,147,4,1012.0,3008,,"7167",-33.9,1752,186,1,9,2,3,1,2,"A3",,2
1776564638.000,"89914e","MDA392  ",24.997513,121.258698,4325,4525,186.0,,,,45.65,,,,,-576,,,,,1012.0,4000,,"1555",-37.4,6108,186,1,10,2,3,,,"A0",,2
1776564643.000,"71c559","KAL2085 ",24.991243,121.112245,2475,2650,182.9,175,184,0.276,48.99,-0.25,-0.70,55.02,50.05,-960,-928,,132,3,1012.0,3008,,"7167",-34.7,1819,186,1,9,2,3,1,2,"A3",,2
1776564643.000,"89914e","MDA392  ",24.997513,121.258698,4150,4350,186.0,,,,45.65,,,,,-576,,,,,1012.0,4000,,"1555",-37.6,6112,186,1,10,2,3,,,"A0",,2
1776564648.000,"71c559","KAL2085 ",24.994083,121.115872,2400,2575,178.0,174,184,0.276,49.33,-0.25,-0.70,55.55,50.57,-832,-800,,132,3,1012.0,3008,,"7167",-34.6,1874,186,1,9,2,3,1,2,"A3",,2
1776564648.000,"89914e","MDA392  ",24.997513,121.258698,4150,4350,186.0,,,,45.65,,,,,-576,,,,,1012.0,4000,,"1555",-37.6,6112,186,1,10,2,3,,,"A0",,2
1776564653.000,"71c559","KAL2085 ",24.996735,121.119334,2325,2475,173.9,170,178,0.268,49.90,0.50,0.88,56.43,51.45,-1024,-928,,105,7,1012.0,3008,,"7167",-34.0,1916,186,1,9,2,3,1,2,"A3",,2
1776564653.000,"89914e","MDA392  ",24.997513,121.258698,4150,4350,186.0,,,,45.65,,,,,-576,,,,,1012.0,4000,,"1555",-37.6,6112,186,1,10,2,3,,,"A0",,2
1776564658.000,"71c559","KAL2085 ",24.999252,121.122487,2250,2400,170.8,170,178,0.268,49.03,0.50,0.88,56.43,51.45,-960,-928,,105,7,1012.0,3008,,"7167",-35.3,1942,186,1,9,2,3,1,2,"A3",,2
1776564658.000,"89914e","MDA392  ",24.997513,121.258698,4150,4350,186.0,,,,45.65,,,,,-576,,,,,,,,"1555",-37.6,6112,186,,,2,,,,"A0",,2
1776564663.000,"71c559","KAL2085 ",25.000214,121.123759,2225,2375,168.0,170,178,0.268,49.10,0.50,0.88,56.43,51.45,-768,-928,,105,7,1012.0,3008,,"7167",-35.8,1954,186,1,9,2,3,1,2,"A3",,2
1776564663.000,"89914e","MDA392  ",24.997513,121.258698,4150,4350,186.0,,,,45.65,,,,,-576,,,,,,,,"1555",-37.6,6112,186,,,2,,,,"A0",,2
1776564668.000,"71c559","KAL2085 ",25.000214,121.123759,2225,2375,168.0,170,178,0.268,49.10,0.50,0.88,56.43,51.45,-768,-928,,105,7,1012.0,3008,,"7167",-36.1,1956,186,1,9,2,3,1,2,"A3",,2
1776564668.000,"89914e","MDA392  ",24.997513,121.258698,4150,4350,186.0,,,,45.65,,,,,-576,,,,,,,,"1555",-37.6,6112,186,,,2,,,,"A0",,2
1776564673.000,"71c559","KAL2085 ",25.000214,121.123759,2225,2375,168.0,170,178,0.268,49.10,0.50,0.88,56.43,51.45,-768,-928,,105,7,1012.0,3008,,"7167",-36.1,1956,186,1,9,2,3,1,2,"A3",,2
1776564673.000,"89914e","MDA392  ",24.997513,121.258698,4150,4350,186.0,,,,45.65,,,,,-576,,,,,,,,"1555",-37.6,6112,186,,,2,,,,"A0",,2
1776564678.000,"71c559","KAL2085 ",25.000214,121.123759,2225,2375,168.0,170,178,0.268,49.10,0.50,0.88,56.43,51.45,-768,-928,,105,7,1012.0,3008,,"7167",-36.1,1956,186,1,9,2,3,1,2,"A3",,2
1776564678.000,"89914e","MDA392  ",24.997513,121.258698,4150,4350,186.0,,,,45.65,,,,,-576,,,,,,,,"1555",-37.6,6112,186,,,2,,,,"A0",,2
1776564683.000,"780293","N/A",25.160041,121.118463,6325,6675,248.7,231,,0.392,242.71,,,250.49,246.63,-1152,-1216,,,,1012.0,4000,,,-37.1,24,186,1,8,1,2,,,,,0
1776564683.000,"71c559","KAL2085 ",25.000214,121.123759,2225,2375,168.0,170,178,0.268,49.10,0.50,0.88,56.43,51.45,-768,-928,,105,7,1012.0,3008,,"7167",-36.1,1956,186,1,9,2,3,1,2,"A3",,2
1776564688.000,"780293","N/A",25.157272,121.112569,6225,6575,248.7,231,,0.392,242.71,,,250.49,246.63,-1152,-1216,,,,1012.0,4000,,,-37.0,33,186,1,9,1,3,1,2,,,2
1776564688.000,"71c559","KAL2085 ",25.000214,121.123759,2225,2375,168.0,170,178,0.268,49.10,0.50,0.88,56.43,51.45,-768,-928,,105,7,1012.0,3008,,"7167",-36.1,1956,186,1,9,2,3,1,2,"A3",,2
1776564693.000,"780293","N/A",25.157272,121.112569,6225,6575,248.7,231,,0.392,242.71,,,250.49,246.63,-1280,-1216,,,,1012.0,4000,,,-37.0,38,186,1,9,1,3,1,2,,,2
1776564693.000,"71c559","KAL2085 ",25.000214,121.123759,2225,2375,168.0,170,178,0.268,49.10,0.50,0.88,56.43,51.45,-768,-928,,105,7,1012.0,3008,,"7167",-36.1,1956,186,1,9,2,3,1,2,"A3",,2
1776564698.000,"780293","N/A",25.157272,121.112569,6225,6575,248.7,231,,0.392,242.71,,,250.49,246.63,-1280,-1216,,,,1012.0,4000,,,-37.1,39,186,1,9,1,3,1,2,,,2
1776564698.000,"71c559","KAL2085 ",25.000214,121.123759,2225,2375,168.0,170,178,0.268,49.10,0.50,0.88,56.43,51.45,-768,-928,,105,7,1012.0,3008,,"7167",-36.1,1956,186,1,9,2,3,1,2,"A3",,2
1776564703.000,"780293","N/A",25.157272,121.112569,6225,6575,248.7,231,,0.392,242.71,,,250.49,246.63,-1280,-1216,,,,1012.0,4000,,,-37.1,39,186,1,9,1,3,1,2,,,2
1776564703.000,"71c559","KAL2085 ",25.000214,121.123759,2225,2375,168.0,170,178,0.268,49.10,0.50,0.88,56.43,51.45,-768,-928,,105,7,1012.0,3008,,"7167",-36.1,1956,186,1,9,2,3,1,2,"A3",,2
1776564708.000,"780293","N/A",25.146240,121.088867,5800,6150,248.7,231,,0.392,242.71,,,250.49,246.63,-1280,-1216,,,,1012.0,4000,,,-37.5,41,186,1,9,1,3,1,2,,,2
1776564708.000,"71c559","KAL2085 ",25.000214,121.123759,2225,2375,168.0,170,178,0.268,49.10,0.50,0.88,56.43,51.45,-768,-928,,105,7,1012.0,3008,,"7167",-36.1,1956,186,1,9,2,3,1,2,"A3",,2
1776564713.000,"780293","N/A",25.146240,121.088867,5800,6150,248.7,231,,0.392,242.71,,,250.49,246.63,-1280,-1216,,,,1012.0,4000,,,-37.6,42,186,1,9,1,3,1,2,,,2
1776564713.000,"71c559","KAL2085 ",25.000214,121.123759,2225,2375,168.0,,,,49.10,,,,,-768,,,,,1012.0,3008,,"7167",-36.1,1956,186,1,9,2,3,1,2,"A3",,2
1776564718.000,"780293","N/A",25.146240,121.088867,5800,6150,248.7,231,,0.392,242.71,,,250.49,246.63,-1280,-1216,,,,1012.0,4000,,,-37.6,42,186,1,9,1,3,1,2,,,2
1776564718.000,"71c559","KAL2085 ",25.000214,121.123759,2225,2375,168.0,,,,49.10,,,,,-768,,,,,1012.0,3008,,,-36.1,1956,186,1,9,2,3,1,2,"A3",,2
1776564723.000,"780293","N/A",25.138069,121.071305,5600,5950,248.7,231,,0.392,242.71,,,250.49,246.63,-1280,-1216,,,,1012.0,4000,,,-37.8,44,186,1,9,1,3,1,2,,,2
1776564728.000,"780293","N/A",25.138069,121.071305,5600,5950,248.7,,,,242.71,,,,,-1280,,,,,1012.0,4000,,,-37.8,44,186,1,9,1,3,1,2,,,2
1776564733.000,"780293","N/A",25.138069,121.071305,5600,5950,248.7,,,,242.71,,,,,-1280,,,,,,,,,-37.8,44,186,1,9,1,3,1,2,,,2
1776564738.000,"780293","N/A",25.138069,121.071305,5600,5950,248.7,,,,242.71,,,,,-1280,,,,,,,,,-37.8,44,186,1,9,1,3,1,2,,,2
1776564743.000,"780293","N/A",25.138069,121.071305,5600,5950,248.7,,,,242.71,,,,,-1280,,,,,,,,,-37.8,44,186,1,9,1,3,1,2,,,2
1776564748.000,"780293","N/A",25.138069,121.071305,5600,5950,248.7,,,,242.71,,,,,-1280,,,,,,,,,-37.8,44,186,,,1,,,,,,2
1776564753.000,"780293","N/A",25.138069,121.071305,5600,5950,,,,,,,,,,,,,,,,,,,-37.8,44,186,,,,,,,,,2
1776564758.000,"780293","N/A",25.138069,121.071305,5600,5950,,,,,,,,,,,,,,,,,,,-37.8,44,186,,,,,,,,,2
1776564763.000,"780293","N/A",25.138069,121.071305,5600,5950,,,,,,,,,,,,,,,,,,,-37.8,44,186,,,,,,,,,2
1776564768.000,"780293","N/A",25.138069,121.071305,5600,5950,,,,,,,,,,,,,,,,,,,-37.8,44,186,,,,,,,,,2
1776564773.000,"780293","N/A",25.138069,121.071305,5600,5950,,,,,,,,,,,,,,,,,,,-37.8,44,186,,,,,,,,,2
1776564778.000,"789260","HGB702  ",24.954803,121.031545,3725,3950,199.6,,194,,85.69,0.03,-0.18,,,-1024,,,,,1012.0,2496,,,-36.7,51,186,1,9,1,3,,,"A3",,0
1776564778.000,"780293","N/A",25.138069,121.071305,5600,5950,,,,,,,,,,,,,,,,,,,-37.8,44,186,,,,,,,,,2
1776564783.000,"789260","HGB702  ",24.955215,121.037801,3625,3850,199.6,,194,,85.69,0.03,-0.18,,,-1024,,,,,1012.0,2496,,,-36.9,59,186,1,8,1,2,,,"A3",,0
1776564788.000,"789260","HGB702  ",24.955215,121.037801,3625,3850,199.6,,194,,85.69,0.03,-0.18,,,-960,,,,,1012.0,2496,,,-37.4,63,186,1,8,1,2,,,"A3",,0
1776564793.000,"789260","HGB702  ",24.955215,121.037801,3625,3850,199.6,,194,,85.69,0.03,-0.18,,,-960,,,,,1012.0,2496,,,-38.2,65,186,1,8,1,2,,,"A3",,0
1776564798.000,"789260","HGB702  ",24.955215,121.037801,3375,3850,200.7,,194,,85.14,0.03,-0.18,,,-960,,,,,1012.0,2496,,,-37.6,79,186,1,8,1,2,,,"A3",,0
1776564798.000,"89914d","MDA366  ",24.820396,121.041870,6950,7275,200.3,,198,,47.63,,0.18,,,-704,,,,,1012.0,4000,,,-32.9,41,186,1,9,2,3,1,0,"A0",,2
1776564803.000,"89914d","MDA366  ",24.824167,121.046430,6875,7200,199.7,175,198,0.300,47.84,,0.35,48.87,43.94,-704,-704,,309,14,1012.0,4000,,"2124",-30.8,101,186,1,9,2,3,1,0,"A0",,2
1776564803.000,"789260","HGB702  ",24.956909,121.060282,3300,3525,200.9,,194,,84.57,0.03,-0.18,,,-640,,,,,1012.0,2496,,,-35.9,100,186,1,9,1,3,,,"A3",,0
1776564808.000,"89914d","MDA366  ",24.826029,121.048659,6825,7150,199.7,175,198,0.300,47.84,,0.18,48.87,43.94,-704,-704,,309,14,1012.0,4000,,"2124",-33.5,143,186,1,9,2,3,1,0,"A0",,2
1776564808.000,"789260","HGB702  ",24.957687,121.065165,3250,3475,200.8,,194,,82.27,0.03,-0.18,,,-512,,,,,1012.0,3008,,"3306",-35.6,121,186,1,9,1,3,,,"A3",,0
1776564813.001,"89914d","MDA366  ",24.827845,121.050887,6800,7125,199.7,175,196,0.300,47.84,,0.00,48.87,43.94,-704,-704,,309,14,1012.0,4000,,"2124",-35.5,158,186,1,9,2,3,1,0,"A0",,2
1776564813.001,"789260","HGB702  ",24.959308,121.069751,3225,3425,197.6,176,194,0.284,68.63,0.03,-0.18,72.07,67.11,-64,-32,,,,1012.0,3008,,"3306",-34.8,157,186,1,9,1,3,1,2,"A3",,2
1776564818.000,"780293","N/A",25.071075,121.002452,4650,4900,199.1,,,,213.53,,,,,-640,,,,,,,,,-37.3,49,186,,8,1,2,,,,,0
1776564818.000,"89914d","MDA366  ",24.833450,121.057688,6700,7000,198.2,175,196,0.300,47.86,,0.00,48.87,43.94,-704,-704,,309,14,1012.0,4000,,"2124",-35.1,173,186,1,9,2,3,1,0,"A0",,2
1776564818.000,"789260","HGB702  ",24.960984,121.073119,3225,3425,192.5,176,184,0.284,60.77,-1.44,-14.41,72.07,67.11,0,-32,,,,1012.0,3008,,"3306",-35.5,179,186,1,9,1,3,1,2,"A3",,2
1776564823.000,"780293","N/A",25.071075,121.002452,4650,4900,199.1,,,,213.53,,,,,-640,,,,,,,,,-37.2,50,186,,8,1,2,,,,,0
1776564823.000,"89914d","MDA366  ",24.836457,121.061303,6625,6925,199.0,175,196,0.300,48.06,,0.18,48.87,43.94,-704,-704,,304,14,1012.0,4000,,"2124",-27.8,246,186,1,9,2,3,1,0,"A0",,2
1776564823.000,"789260","HGB702  ",24.963867,121.077830,3225,3450,188.9,171,180,0.276,55.13,-0.72,-8.09,58.18,53.22,-320,-160,,,,1012.0,3008,,"3306",-35.0,196,186,1,9,1,3,1,2,"A3",,2
1776564828.000,"780293","N/A",25.071075,121.002452,4650,4900,199.1,,,,213.53,,,,,-640,,,,,,,,,-37.2,50,186,,8,1,2,,,,,0
1776564828.000,"89914d","MDA366  ",24.839576,121.065138,6575,6875,198.2,175,196,0.300,47.86,,-0.18,48.69,43.76,-704,-704,,307,14,1012.0,4000,,"2124",-30.9,308,186,1,9,2,3,1,0,"A0",,2
1776564828.000,"789260","HGB702  ",24.966477,121.081411,3175,3400,187.3,167,178,0.268,51.72,-0.59,-5.27,53.79,48.83,-640,-672,,275,13,1012.0,3008,,"3306",-36.3,234,186,1,9,1,3,1,2,"A3",,2
1776564833.000,"780293","N/A",25.071075,121.002452,4650,4900,199.1,,,,213.53,,,,,-640,,,,,,,,,-37.2,50,186,,8,1,2,,,,,0
1776564833.000,"89914d","MDA366  ",24.842651,121.068827,6525,6825,198.2,175,196,0.300,47.86,,0.18,48.52,43.59,-704,-704,,307,15,1012.0,4000,,"2124",-32.0,370,186,1,9,2,3,1,0,"A0",,2
1776564833.000,"789260","HGB702  ",24.969543,121.085205,3100,3300,187.8,167,178,0.268,48.67,-0.22,-2.29,52.38,47.42,-1088,-1024,,257,11,1012.0,3008,,"3306",-35.6,272,186,1,9,1,3,1,2,"A3",,2
1776564838.000,"780293","N/A",25.071075,121.002452,4650,4900,199.1,,,,213.53,,,,,-640,,,,,,,,,-37.2,50,186,,8,1,2,,,,,0
1776564838.000,"89914d","MDA366  ",24.845947,121.072845,6450,6750,197.5,175,196,0.296,47.67,,0.00,48.34,43.41,-704,-672,,307,15,1012.0,4000,,"2124",-32.1,428,186,1,9,2,3,1,0,"A0",,2
1776564838.000,"789260","HGB702  ",24.972610,121.088918,3000,3200,190.5,169,180,0.268,48.19,-0.06,0.00,52.21,47.24,-1280,-1120,,247,10,1012.0,3008,,"3306",-34.6,303,186,1,9,1,3,1,2,"A3",,2
1776564843.000,"780293","N/A",25.071075,121.002452,4650,4900,199.1,,,,213.53,,,,,-640,,,,,,,,,-37.2,50,186,,8,1,2,,,,,0
1776564843.000,"89914d","MDA366  ",24.849072,121.076591,6400,6700,196.8,175,196,0.296,47.88,,0.18,48.34,43.41,-704,-704,,313,15,1012.0,4000,,"2124",-29.5,503,186,1,9,2,3,1,0,"A0",,2
1776564843.000,"789260","HGB702  ",24.975540,121.092478,2900,3100,193.3,174,184,0.276,47.73,0.06,1.58,52.03,47.07,-1344,-1344,,241,10,1012.0,3008,,"3306",-35.2,349,186,1,9,1,3,1,2,"A3",,2
1776564848.000,"780293","N/A",25.071075,121.002452,4650,4900,199.1,,,,213.53,,,,,-640,,,,,,,,,-37.2,50,186,,8,1,2,,,,,0
1776564848.000,"89914d","MDA366  ",24.852356,121.080577,6325,6625,196.8,175,196,0.296,47.88,,0.18,48.16,43.23,-704,-704,,313,15,1012.0,4000,,"2124",-27.8,566,186,1,9,2,3,1,0,"A0",,2
1776564848.000,"789260","HGB702  ",24.978333,121.095937,2800,3000,192.7,175,186,0.276,48.37,0.34,2.11,52.38,47.42,-1280,-1280,,239,9,1012.0,3008,,"3306",-34.5,390,186,1,9,1,3,1,2,"A3",,2
1776564853.000,"780293","N/A",25.071075,121.002452,4650,4900,199.1,,,,213.53,,,,,-640,,,,,,,,,-37.2,50,186,,8,1,2,,,,,0
1776564853.000,"7504b5","AXM1510 ",24.891266,121.007538,4025,4275,200.4,,,,52.50,,,,,0,,,,,1012.0,4000,,,-34.3,25,186,1,9,1,3,1,2,"A3",,2
1776564853.000,"89914d","MDA366  ",24.855543,121.084416,6275,6575,196.8,175,196,0.296,47.88,,0.18,48.16,43.23,-704,-704,,313,16,1012.0,4000,,"2124",-29.7,631,186,1,9,2,3,1,0,"A0",,2
1776564853.000,"789260","HGB702  ",24.980862,121.099082,2700,2900,192.1,175,186,0.276,49.01,0.34,2.11,52.38,47.42,-1088,-1280,,239,9,1012.0,3008,,"3306",-36.2,405,186,1,9,1,3,1,2,"A3",,2
1776564858.000,"780293","N/A",25.071075,121.002452,4650,4900,199.1,,,,213.53,,,,,-640,,,,,,,,,-37.2,50,186,,8,1,2,,,,,0
1776564858.000,"7504b5","AXM1510 ",24.894135,121.011502,4025,4275,199.9,183,,0.296,51.30,,,54.67,49.73,64,0,,,,1012.0,4000,,"0471",-33.7,70,186,1,9,1,3,1,2,"A3",,2
1776564858.000,"89914d","MDA366  ",24.858569,121.088147,6225,6525,196.1,175,194,0.296,47.69,,0.18,47.99,43.05,-704,-704,,306,17,1012.0,4000,,"2124",-28.8,683,186,1,9,2,3,1,0,"A0",,2
1776564858.000,"789260","HGB702  ",24.984421,121.103516,2600,2800,189.2,177,188,0.280,48.64,-0.03,0.35,54.14,49.17,-1024,-1024,,239,9,1012.0,3008,,"3306",-35.5,437,186,1,9,1,3,1,2,"A3",,2
1776564863.000,"780293","N/A",25.071075,121.002452,4650,4900,199.1,,,,213.53,,,,,-640,,,,,,,,,-37.2,50,186,,8,1,2,,,,,0
1776564863.000,"7504b5","AXM1510 ",24.896695,121.014974,4025,4275,200.4,182,196,0.296,50.67,-0.19,-1.58,53.96,49.03,0,32,,294,9,1012.0,4000,,"0471",-34.0,111,186,1,9,1,3,1,2,"A3",,2
1776564863.000,"89914d","MDA366  ",24.861455,121.091568,6150,6450,195.4,175,194,0.296,47.90,,0.35,48.16,43.23,-704,-736,,310,16,1012.0,4000,,"2124",-28.3,747,186,1,9,2,3,1,0,"A0",,2
1776564863.000,"789260","HGB702  ",24.986774,121.106544,2550,2750,186.5,175,186,0.276,49.13,0.19,1.76,54.84,49.87,-896,-864,,189,3,1012.0,3008,,"3306",-36.2,458,186,1,9,1,3,1,2,"A3",,2
1776564868.000,"780293","N/A",25.071075,121.002452,4650,4900,199.1,,,,213.53,,,,,-640,,,,,,,,,-37.2,50,186,,8,1,2,,,,,0
1776564868.000,"7504b5","AXM1510 ",24.900001,121.019379,4025,4275,200.4,182,198,0.296,50.67,-0.19,-0.35,53.96,49.03,0,32,,294,9,1012.0,4000,,"0471",-34.4,139,186,1,9,1,3,1,2,"A3",,2
1776564868.000,"89914d","MDA366  ",24.864578,121.095378,6100,6375,195.4,175,194,0.296,47.90,,0.18,48.16,43.23,-704,-704,,310,16,1012.0,4000,,"2124",-31.8,804,186,1,9,2,3,1,0,"A0",,2
1776564868.000,"789260","HGB702  ",24.989474,121.110016,2475,2675,186.5,175,186,0.276,49.13,0.19,1.76,54.84,49.87,-896,-864,,189,3,1012.0,3008,,"3306",-37.3,474,186,1,9,1,3,1,2,"A3",,2
1776564873.000,"780293","N/A",25.071075,121.002452,4650,4900,199.1,,,,213.53,,,,,-640,,,,,,,,,-37.2,50,186,,8,1,2,,,,,0
1776564873.000,"7504b5","AXM1510 ",24.901863,121.021815,4025,4275,199.6,182,198,0.296,50.49,-0.19,-0.35,53.96,49.03,64,32,,294,9,1012.0,4000,,"0471",-35.8,151,186,1,9,1,3,1,2,"A3",,2
1776564873.000,"89914d","MDA366  ",24.867462,121.098938,6050,6325,194.7,174,194,0.292,48.12,,-0.18,47.99,43.05,-704,-704,,311,17,1012.0,4000,,"2124",-28.2,869,186,1,9,2,3,1,0,"A0",,2
1776564873.000,"789260","HGB702  ",24.991699,121.112874,2425,2625,186.5,175,186,0.276,49.13,0.19,1.76,54.84,49.87,-896,-864,,189,3,1012.0,3008,,"3306",-37.6,478,186,1,9,1,3,1,2,"A3",,2
1776564878.000,"7504b5","AXM1510 ",24.905045,121.025950,4025,4275,199.3,182,198,0.296,49.27,-0.19,-0.35,53.96,49.03,0,32,,294,9,1012.0,4000,,"0471",-34.3,173,186,1,9,1,3,1,2,"A3",,2
1776564878.000,"89914d","MDA366  ",24.870533,121.102606,5975,6250,194.0,174,194,0.292,47.92,,0.00,47.81,42.87,-704,-704,,315,17,1012.0,4000,,"2124",-29.5,923,186,1,9,2,3,1,0,"A0",,2
1776564878.000,"789260","HGB702  ",24.994812,121.116740,2375,2550,172.2,166,186,0.264,49.00,0.06,0.53,55.02,50.05,-768,-672,,189,3,1012.0,3008,,"3306",-36.4,505,186,1,9,1,3,1,2,"A3",,2
1776564883.000,"780293","N/A",25.023788,120.966237,4025,4250,196.2,,,,215.88,,,,,0,,,,,,,,,-37.1,53,186,,8,1,2,,,,,0
1776564883.000,"7504b5","AXM1510 ",24.906658,121.027982,4025,4275,199.3,182,198,0.296,49.27,-0.19,-0.35,53.96,49.03,0,32,,294,9,1012.0,4000,,"0471",-35.2,178,186,1,9,1,3,1,2,"A3",,2
1776564883.000,"89914d","MDA366  ",24.873596,121.106313,5925,6200,193.3,173,192,0.292,47.73,,0.18,47.99,43.05,-704,-736,,311,16,1012.0,4000,,"2124",-32.3,974,186,1,9,2,3,1,0,"A0",,2
1776564883.000,"789260","HGB702  ",24.996277,121.118673,2325,2500,170.2,166,172,0.264,49.29,0.09,0.53,55.02,50.05,-768,-672,,189,3,1012.0,3008,,"3306",-37.2,519,186,1,9,1,3,1,2,"A3",,2
1776564888.000,"780293","N/A",25.023788,120.966237,4025,4250,196.2,,,,215.88,,,,,0,,,,,,,,,-37.1,53,186,,8,1,2,,,,,0
1776564888.000,"7504b5","AXM1510 ",24.906658,121.027982,4025,4275,199.3,182,198,0.296,49.27,-0.19,-0.35,53.96,49.03,0,32,,294,9,1012.0,4000,,"0471",-35.2,178,186,1,9,1,3,1,2,"A3",,2
1776564888.000,"89914d","MDA366  ",24.876492,121.109861,5850,6125,192.6,173,192,0.292,47.95,,0.18,47.99,43.04,-704,-704,,313,16,1012.0,4000,,"2124",-31.3,1040,186,1,9,2,3,1,0,"A0",,2
1776564888.000,"789260","HGB702  ",24.996277,121.118673,2325,2500,168.1,166,172,0.264,49.58,0.00,0.53,55.02,50.05,-896,-672,,189,3,1012.0,3008,,"3306",-36.5,536,186,1,9,1,3,1,2,"A3",,2
1776564893.000,"780293","N/A",25.023788,120.966237,4025,4250,196.2,,,,215.88,,,,,0,,,,,,,,,-37.1,53,186,,8,1,2,,,,,0
1776564893.000,"7504b5","AXM1510 ",24.915130,121.038761,4025,4275,199.3,182,198,0.296,49.27,-0.19,-0.35,53.96,49.03,0,32,,294,9,1012.0,4000,,"0471",-35.8,180,186,1,9,1,3,1,2,"A3",,2
1776564893.000,"89914d","MDA366  ",24.879593,121.113586,5800,6075,191.8,172,192,0.288,47.75,,0.35,48.16,43.22,-704,-704,,316,15,1012.0,4000,,"2124",-31.6,1104,186,1,9,2,3,1,0,"A0",,2
1776564893.000,"789260","HGB702  ",24.996277,121.118673,2325,2500,168.1,166,172,0.264,49.58,0.00,0.53,55.02,50.05,-896,-672,,189,3,1012.0,3008,,"3306",-36.5,536,186,1,9,1,3,1,2,"A3",,2
1776564898.000,"780293","N/A",25.023788,120.966237,4025,4250,196.2,,,,215.88,,,,,0,,,,,,,,,-37.1,53,186,,8,1,2,,,,,0
1776564898.000,"7504b5","AXM1510 ",24.918203,121.042544,4025,4275,199.8,180,198,0.292,48.65,-0.19,-0.35,52.03,47.09,-128,0,,294,9,1012.0,4000,,"0471",-33.9,206,186,1,9,1,3,1,2,"A3",,2
1776564898.000,"89914d","MDA366  ",24.882637,121.117323,5750,6025,191.2,172,190,0.288,47.97,,0.00,48.16,43.22,-640,-672,,311,16,1012.0,4000,,"2124",-31.6,1161,186,1,9,2,3,1,0,"A0",,2
1776564898.000,"789260","HGB702  ",24.996277,121.118673,2325,2500,168.1,166,172,0.264,49.58,0.00,0.53,55.02,50.05,-896,-672,,189,3,1012.0,3008,,"3306",-36.5,536,186,1,9,1,3,1,2,"A3",,2
1776564903.000,"780293","N/A",25.023788,120.966237,4025,4250,196.2,,,,215.88,,,,,0,,,,,,,,,-37.1,53,186,,8,1,2,,,,,0
1776564903.000,"7504b5","AXM1510 ",24.921204,121.046346,4000,4250,201.2,181,196,0.296,48.63,0.06,0.53,52.38,47.44,-512,-320,,276,6,1012.0,4000,,"0471",-34.4,231,186,1,9,1,3,1,2,"A3",,2
1776564903.000,"789260","HGB702  ",24.996277,121.118673,2325,2500,168.1,166,172,0.264,49.58,0.00,0.53,55.02,50.05,-896,-672,,189,3,1012.0,3008,,"3306",-36.5,536,186,1,9,1,3,1,2,"A3",,2
1776564903.000,"89914d","MDA366  ",24.885590,121.120860,5700,5975,190.5,171,190,0.288,48.19,,0.53,48.52,43.57,-640,-640,,311,15,1012.0,4000,,"2124",-34.4,1213,186,1,9,2,3,1,0,"A0",,2
1776564908.000,"780293","N/A",25.023788,120.966237,4025,4250,196.2,,,,215.88,,,,,0,,,,,,,,,-37.1,53,186,,8,1,2,,,,,0
1776564908.000,"7504b5","AXM1510 ",24.924408,121.050364,3950,4225,201.3,181,196,0.296,49.03,0.06,0.53,52.38,47.44,-768,-320,,276,6,1012.0,3008,,"0471",-35.4,250,186,1,9,1,3,1,2,"A3",,2
1776564908.000,"789260","HGB702  ",24.996277,121.118673,2325,2500,168.1,166,172,0.264,49.58,0.00,0.53,55.02,50.05,-896,-672,,189,3,1012.0,3008,,"3306",-36.5,536,186,1,9,1,3,1,2,"A3",,2
1776564908.000,"89914d","MDA366  ",24.888474,121.124420,5650,5925,189.8,171,190,0.288,47.99,,-0.35,48.16,43.22,-640,-640,,314,15,1012.0,4000,,"2124",-34.2,1258,186,1,9,2,3,1,0,"A0",,2
1776564913.000,"780293","N/A",25.023788,120.966237,4025,4250,196.2,,,,215.88,,,,,0,,,,,,,,,-37.1,53,186,,8,1,2,,,,,0
1776564913.000,"7504b5","AXM1510 ",24.927373,121.054100,3900,4175,201.3,182,196,0.296,49.03,0.06,0.53,52.73,47.79,-832,-800,,276,6,1012.0,3008,,"0471",-35.7,269,186,1,9,1,3,1,2,"A3",,2
1776564913.000,"789260","HGB702  ",24.996277,121.118673,2325,2500,168.1,166,172,0.264,49.58,0.00,0.53,55.02,50.05,-896,-672,,189,3,1012.0,3008,,"3306",-36.5,536,186,1,9,1,3,1,2,"A3",,2
1776564913.000,"89914d","MDA366  ",24.890259,121.126556,5625,5900,189.0,171,190,0.288,47.79,,-0.53,47.64,42.69,-576,-608,,316,17,1012.0,4000,,"2124",-35.6,1294,186,1,9,2,3,1,0,"A0",,2
1776564918.000,"780293","N/A",25.023788,120.966237,4025,4250,196.2,,,,215.88,,,,,0,,,,,,,,,-37.1,53,186,,8,1,2,,,,,0
1776564918.000,"7504b5","AXM1510 ",24.930542,121.058095,3825,4075,201.3,182,196,0.296,49.03,0.06,0.53,52.73,47.79,-832,-800,,276,6,1012.0,3008,,"0471",-33.9,287,186,1,9,1,3,1,2,"A3",,2
1776564918.000,"789260","HGB702  ",24.996277,121.118673,2325,2500,168.1,166,172,0.264,49.58,0.00,0.53,55.02,50.05,-896,-672,,189,3,1012.0,3008,,"3306",-36.5,536,186,1,9,1,3,1,2,"A3",,2
1776564918.000,"89914d","MDA366  ",24.894321,121.131471,5550,5825,187.6,170,188,0.284,47.81,,0.18,47.64,42.69,-576,-576,,314,17,1012.0,4000,,"2124",-35.0,1344,186,1,9,2,3,1,0,"A0",,2
1776564923.000,"780293","N/A",25.023788,120.966237,4025,4250,196.2,,,,215.88,,,,,0,,,,,,,,,-37.1,53,186,,8,1,2,,,,,0
1776564923.000,"7504b5","AXM1510 ",24.933060,121.061249,3775,4025,200.7,181,196,0.292,49.24,0.03,0.35,53.26,48.31,-832,-832,,254,6,1012.0,3008,,"0471",-31.9,315,186,1,9,1,3,1,2,"A3",,2
1776564923.000,"789260","HGB702  ",24.996277,121.118673,2325,2500,168.1,166,172,0.264,49.58,0.00,0.53,55.02,50.05,-896,-672,,,,,,,"3306",-36.5,536,186,1,9,1,3,1,2,"A3",,2
1776564923.000,"89914d","MDA366  ",24.897079,121.134847,5500,5750,187.6,169,186,0.284,47.81,,0.18,47.64,42.69,-640,-576,,310,17,1012.0,4000,,"2124",-33.5,1390,186,1,9,2,3,1,0,"A0",,2
1776564928.000,"780293","N/A",25.023788,120.966237,4025,4250,196.2,,,,215.88,,,,,0,,,,,,,,,-37.5,55,186,,8,1,2,,,,,0
1776564928.000,"7504b5","AXM1510 ",24.936218,121.065346,3700,3950,200.7,183,196,0.296,49.24,-0.06,-0.18,53.26,48.31,-832,-800,,264,6,1012.0,3008,,"0471",-32.7,349,186,1,9,1,3,1,2,"A3",,2
1776564928.000,"789260","HGB702  ",24.996277,121.118673,2325,2500,168.1,166,172,0.264,49.58,0.00,0.53,55.02,50.05,-896,-672,,,,,,,"3306",-36.5,536,186,1,9,1,3,1,2,"A3",,2
1776564928.000,"89914d","MDA366  ",24.900094,121.138467,5450,5700,186.2,169,186,0.280,47.83,,0.35,47.81,42.86,-640,-672,,315,16,1012.0,4000,,"2124",-33.6,1451,186,1,9,2,3,1,0,"A0",,2
1776564933.000,"780293","N/A",25.023788,120.966237,4025,4250,196.2,,,,215.88,,,,,0,,,,,,,,,-37.5,55,186,,8,1,2,,,,,0
1776564933.000,"7504b5","AXM1510 ",24.939423,121.069387,3625,3875,200.7,181,194,0.292,49.24,-0.06,-0.35,53.09,48.13,-896,-896,,259,8,1012.0,3008,,"0471",-33.7,382,186,1,9,1,3,1,2,"A3",,2
1776564933.000,"789260","HGB702  ",24.996277,121.118673,2325,2500,168.1,166,172,0.264,49.58,0.00,0.53,55.02,50.05,-896,-672,,,,,,,"3306",-36.5,536,186,,,1,,,,"A3",,2
1776564933.000,"89914d","MDA366  ",24.902933,121.141939,5400,5650,185.5,168,186,0.280,48.06,,-0.53,47.64,42.68,-576,-608,,315,18,1012.0,4000,,"2124",-33.2,1503,186,1,9,2,3,1,0,"A0",,2
1776564938.000,"780293","N/A",25.023788,120.966237,4025,4250,196.2,,,,215.88,,,,,0,,,,,,,,,-37.5,55,186,,8,1,2,,,,,0
1776564938.000,"7504b5","AXM1510 ",24.942535,121.073303,3550,3800,200.6,181,194,0.292,48.84,-0.06,-0.35,53.26,48.31,-1024,-992,,252,6,1012.0,3008,,"0471",-34.4,407,186,1,9,1,3,1,2,"A3",,2
1776564938.000,"789260","HGB702  ",24.996277,121.118673,2325,2500,168.1,,172,,49.58,0.00,0.53,,,-896,,,,,,,,,-36.5,536,186,,,1,,,,"A3",,2
1776564938.000,"89914d","MDA366  ",24.905773,121.145411,5350,5600,185.5,169,186,0.280,48.06,,0.18,47.46,42.51,-576,-576,,317,18,1012.0,4000,,"2124",-34.8,1564,186,1,9,2,3,1,0,"A0",,2
1776564943.000,"7504b5","AXM1510 ",24.945575,121.077109,3450,3700,200.6,179,194,0.288,48.84,-0.03,0.00,53.44,48.48,-1088,-1088,,239,7,1012.0,3008,,"0471",-35.2,424,186,1,9,1,3,1,2,"A3",,2
1776564943.000,"89914d","MDA366  ",24.908661,121.148885,5300,5550,184.8,169,186,0.280,47.85,,-0.18,47.11,42.15,-576,-608,,319,18,1012.0,4000,,"2124",-33.9,1607,186,1,9,2,3,1,0,"A0",,2
1776564948.000,"780293","N/A",24.967987,120.971273,4025,4250,,,,,,,,,,,,,,,,,,,-36.7,59,186,,8,,2,,,,,0
1776564948.000,"7504b5","AXM1510 ",24.948508,121.080840,3375,3625,201.3,179,194,0.288,49.03,0.03,0.35,53.44,48.48,-1216,-1088,,239,7,1012.0,3008,,"0471",-34.4,449,186,1,9,1,3,1,2,"A3",,2
1776564948.000,"89914d","MDA366  ",24.911545,121.152395,5250,5500,185.5,169,186,0.280,48.06,,0.53,47.46,42.50,-640,-640,,317,18,1012.0,4000,,"2124",-32.0,1680,186,1,9,2,3,1,0,"A0",,2
1776564953.000,"780293","N/A",24.966431,120.972428,4025,4250,198.0,,,,145.91,,,,,-64,,,,,1012.0,4000,,,-36.3,71,186,1,9,1,3,,,,,0
1776564953.000,"7504b5","AXM1510 ",24.951645,121.084798,3275,3500,200.7,181,194,0.288,49.24,0.03,0.35,53.44,48.48,-832,-992,,239,7,1012.0,3008,,"0471",-34.6,472,186,1,9,1,3,1,2,"A3",,2
1776564953.000,"89914d","MDA366  ",24.914432,121.155931,5200,5450,185.5,170,186,0.280,48.06,,0.18,47.29,42.33,-576,-576,,317,19,1012.0,4000,,"2124",-32.2,1726,186,1,9,2,3,1,0,"A0",,2
1776564958.000,"780293","N/A",24.966431,120.972428,4025,4250,198.0,,,,145.91,,,,,64,,,,,1012.0,4000,,,-37.0,77,186,1,9,1,3,,,,,0
1776564958.000,"7504b5","AXM1510 ",24.954513,121.088458,3225,3475,197.8,181,194,0.288,49.30,0.03,0.35,53.44,48.48,-1024,-992,,239,7,1012.0,3008,,"0471",-35.2,491,186,1,9,1,3,1,2,"A3",,2
1776564958.000,"89914d","MDA366  ",24.917272,121.159351,5150,5400,185.5,169,186,0.280,48.06,,0.18,47.11,42.15,-640,-608,,317,19,1012.0,4000,,"2124",-33.4,1786,186,1,9,2,3,1,0,"A0",,2
1776564963.000,"780293","N/A",24.966431,120.972428,4025,4250,198.0,,,,145.91,,,,,64,,,,,1012.0,4000,,,-37.0,77,186,1,9,1,3,,,,,0
1776564963.000,"7504b5","AXM1510 ",24.957632,121.092397,3125,3350,197.8,177,194,0.284,49.30,0.03,0.35,53.61,48.65,-1280,-1152,,239,7,1012.0,3008,,"0471",-34.7,523,186,1,9,1,3,1,2,"A3",,2
1776564963.000,"89914d","MDA366  ",24.920242,121.162974,5100,5350,184.8,170,186,0.280,47.85,,0.00,46.93,41.97,-640,-640,,316,20,1012.0,4000,,"2124",-31.6,1836,186,1,9,2,3,1,0,"A0",,2
1776564968.000,"780293","N/A",24.966431,120.972428,4025,4250,198.0,,,,145.91,,,,,64,,,,,1012.0,4000,,,-37.0,77,186,1,9,1,3,,,,,0
1776564968.000,"7504b5","AXM1510 ",24.960800,121.096446,3000,3225,196.4,177,186,0.284,49.34,-0.12,-0.18,53.61,48.65,-1152,-1152,,,,1012.0,3008,,"0471",-35.7,560,186,1,9,1,3,1,2,"A3",,2
1776564968.000,"89914d","MDA366  ",24.923264,121.166585,5050,5300,184.8,170,186,0.280,47.85,,0.70,47.46,42.50,-576,-576,,317,17,1012.0,4000,,"2124",-32.7,1900,186,1,9,2,3,1,0,"A0",,2
1776564973.000,"780293","CSN3023 ",24.949206,120.985177,4025,4250,198.0,181,,0.296,145.91,,,150.29,145.35,-64,-32,,,,1012.0,4000,,"4503",-32.4,106,186,1,9,1,3,1,2,,,2
1776564973.000,"7504b5","AXM1510 ",24.962241,121.098305,2950,3175,194.3,176,186,0.280,49.17,-0.06,-0.35,53.61,48.65,-1088,-1152,,239,10,1012.0,3008,,"0471",-37.1,585,186,1,9,1,3,1,2,"A3",,2
1776564973.000,"89914d","MDA366  ",24.925651,121.169508,5000,5225,184.8,170,186,0.280,47.85,,0.18,47.46,42.50,-576,-608,,319,17,1012.0,4000,,"2124",-32.5,1952,186,1,9,2,3,1,0,"A0",,2
1776564978.000,"780293","CSN3023 ",24.945343,120.988027,4025,4250,198.0,180,194,0.292,145.91,-0.06,-0.35,149.94,144.99,0,-32,,3,5,1012.0,4000,,"4503",-32.9,144,186,1,9,1,3,1,2,,,2
1776564978.000,"7504b5","AXM1510 ",24.966476,121.103668,2825,3025,189.3,172,182,0.276,49.07,-0.12,0.53,54.14,49.18,-1152,-1184,,226,10,1012.0,3008,,"0471",-34.4,617,186,1,9,1,3,1,2,"A3",,2
1776564978.000,"89914d","MDA366  ",24.929031,121.173604,4950,5175,184.8,169,186,0.280,47.85,,0.53,47.64,42.67,-576,-576,,319,17,1012.0,4000,,"2124",-34.1,2020,186,1,9,2,3,1,0,"A0",,2
1776564983.000,"780293","CSN3023 ",24.944550,120.988617,4025,4250,198.0,180,194,0.292,145.91,-0.06,-0.35,149.94,144.99,0,-32,,3,5,1012.0,4000,,"4503",-34.0,148,186,1,9,1,3,1,2,,,2
1776564983.000,"7504b5","AXM1510 ",24.969315,121.107229,2725,2925,185.8,167,182,0.264,49.37,-0.12,0.53,53.96,49.00,-960,-1088,,226,10,1012.0,3008,,"0471",-35.2,657,186,1,9,1,3,1,2,"A3",,2
1776564983.000,"89914d","MDA366  ",24.931641,121.176809,4900,5125,184.8,169,186,0.280,47.85,,0.18,47.81,42.85,-640,-640,,320,16,1012.0,4000,,"2124",-34.1,2076,186,1,9,2,3,1,0,"A0",,2
1776564988.000,"780293","CSN3023 ",24.944550,120.988617,4025,4250,198.0,180,194,0.292,145.91,-0.06,-0.35,149.94,144.99,0,-32,,3,5,1012.0,4000,,"4503",-34.0,148,186,1,9,1,3,1,2,,,2
1776564988.000,"7504b5","AXM1510 ",24.972107,121.110738,2650,2850,181.5,166,182,0.264,49.02,-0.12,0.53,53.79,48.82,-960,-928,,226,10,1012.0,3008,,"0471",-33.8,695,186,1,9,1,3,1,2,"A3",,2
1776564988.000,"89914d","MDA366  ",24.934753,121.180573,4825,5050,184.8,170,186,0.280,47.85,,0.18,48.34,43.37,-576,-576,,320,15,1012.0,4000,,"2124",-33.2,2136,186,1,9,2,3,1,0,"A0",,2
1776564993.000,"780293","CSN3023 ",24.934204,120.996704,4025,4250,195.4,180,194,0.292,140.61,-0.06,-0.35,149.94,144.99,64,-32,,3,5,1012.0,4000,,"4503",-33.7,161,186,1,9,1,3,1,2,"A3",,2
1776564993.000,"7504b5","AXM1510 ",24.974808,121.114197,2575,2775,178.6,165,174,0.264,49.09,-0.31,0.35,54.49,49.52,-896,-896,,211,7,1012.0,3008,,"0471",-32.7,722,186,1,9,1,3,1,2,"A3",,2
1776564993.000,"89914d","MDA366  ",24.937801,121.184226,4775,5000,184.1,170,186,0.280,48.08,,0.53,48.69,43.72,-576,-608,,324,14,1012.0,4000,,"2124",-33.3,2198,186,1,9,2,3,1,0,"A0",,2
1776564998.000,"780293","CSN3023 ",24.933472,120.997407,4025,4250,194.2,180,194,0.292,138.76,-0.06,-0.35,149.94,144.99,64,-32,,3,5,1012.0,4000,,"4503",-34.6,166,186,1,9,1,3,1,2,"A3",,2
1776564998.000,"7504b5","AXM1510 ",24.977464,121.117531,2500,2700,174.4,165,174,0.264,49.18,0.06,0.70,54.49,49.52,-896,-896,,211,7,1012.0,3008,,"0471",-33.5,753,186,1,9,1,3,1,2,"A3",,2
1776564998.000,"89914d","MDA366  ",24.940155,121.187134,4750,4975,184.8,169,184,0.280,47.85,,0.00,48.52,43.55,-576,-608,,315,15,1012.0,4000,,"2124",-33.8,2260,186,1,9,2,3,1,0,"A0",,2
1776565003.000,"780293","CSN3023 ",24.929608,121.002848,4025,4250,193.9,180,194,0.292,124.92,-0.06,-0.35,149.94,144.99,-128,-32,,3,5,1012.0,4000,,"4503",-35.6,172,186,1,9,1,3,1,2,"A3",,2
1776565003.000,"7504b5","AXM1510 ",24.980350,121.121262,2425,2625,170.2,163,172,0.256,49.29,-0.06,0.00,55.72,50.75,-832,-864,,152,5,1012.0,3008,,"0471",-32.6,778,186,1,9,1,3,1,2,"A3",,2
1776565003.000,"89914d","MDA366  ",24.943497,121.191152,4675,4900,184.0,170,186,0.280,47.64,,-0.18,49.04,44.07,-576,-544,,322,12,1012.0,4000,,"2124",-32.4,2318,186,1,9,2,3,1,0,"A0",,2
1776565008.000,"780293","CSN3023 ",24.927653,121.007564,4025,4250,194.6,180,194,0.292,110.76,-0.06,-0.35,149.94,144.99,0,-32,,3,5,1012.0,4000,,"4503",-35.3,176,186,1,9,1,3,1,2,"A3",,2
1776565008.000,"7504b5","AXM1510 ",24.982407,121.123861,2350,2525,166.6,159,166,0.252,49.14,-0.06,-0.18,55.02,50.05,-832,-864,,192,3,1012.0,3008,,"0471",-30.4,806,186,1,9,1,3,1,2,"A3",,2
1776565008.000,"89914d","MDA366  ",24.945855,121.194072,4650,4875,184.8,169,184,0.276,47.85,,0.35,48.69,43.72,-576,-576,,312,13,1012.0,4000,,"2124",-33.8,2383,186,1,9,2,3,1,0,"A0",,2
1776565013.000,"780293","CSN3023 ",24.926559,121.014506,4025,4250,196.7,180,194,0.292,94.96,-0.06,-0.35,149.94,144.99,-128,-32,,3,5,1012.0,4000,,"4503",-33.5,184,186,1,9,1,3,1,2,"A3",,2
1776565013.000,"7504b5","AXM1510 ",24.984958,121.127118,2275,2450,162.4,156,164,0.244,49.25,-0.06,-0.18,55.37,50.40,-768,-896,,159,4,1012.0,3008,,"0471",-31.2,838,186,1,9,1,3,1,2,"A3",,2
1776565013.000,"89914d","MDA366  ",24.949253,121.198166,4575,4800,185.5,169,184,0.276,48.06,,0.88,49.57,44.60,-640,-672,,312,11,1012.0,4000,,"2124",-34.5,2436,186,1,9,2,3,1,0,"A0",,2
1776565018.000,"780293","CSN3023 ",24.926514,121.018728,4025,4250,197.0,180,194,0.292,89.42,-0.06,-0.35,149.94,144.99,0,-32,,3,5,1012.0,4000,,"4503",-36.5,203,186,1,9,1,3,1,2,"A3",,2
1776565018.000,"7504b5","AXM1510 ",24.987333,121.130175,2225,2400,161.0,154,164,0.244,49.28,-0.06,-0.18,55.37,50.40,-832,-704,,159,4,1012.0,3008,,"0471",-35.3,864,186,1,9,1,3,1,2,"A3",,2
1776565018.000,"89914d","MDA366  ",24.951534,121.200965,4525,4750,184.8,170,186,0.280,47.85,,-0.88,49.22,44.24,-512,-544,,321,13,1012.0,4000,,"2124",-33.7,2514,186,1,9,2,3,1,0,"A0",,2
1776565023.000,"780293","CSN3023 ",24.926582,121.020778,4025,4250,197.1,180,194,0.292,87.96,-0.06,-0.35,149.94,144.99,0,-32,,3,5,1012.0,4000,,"4503",-36.6,207,186,1,9,1,3,1,2,"A3",,2
1776565023.000,"7504b5","AXM1510 ",24.987333,121.130175,2225,2400,160.2,154,164,0.244,49.05,-0.06,-0.18,55.37,50.40,-960,-704,,159,4,1012.0,3008,,"0471",-36.5,875,186,1,9,1,3,1,2,"A3",,2
1776565023.000,"89914d","MDA366  ",24.954467,121.204540,4500,4725,184.8,169,184,0.276,47.85,,-0.53,49.22,44.24,-576,-608,,312,11,1012.0,3200,,"2124",-35.2,2566,186,1,9,2,3,1,0,"A0",,2
1776565028.000,"780293","CSN3023 ",24.926582,121.020778,4025,4250,198.3,180,194,0.292,86.82,-0.06,-0.35,149.94,144.99,0,-32,,3,5,1012.0,4000,,"4503",-36.9,210,186,1,9,1,3,1,2,"A3",,2
1776565028.000,"7504b5","AXM1510 ",24.990684,121.134425,2125,2300,160.2,154,164,0.244,49.05,-0.06,-0.18,55.37,50.40,-960,-704,,159,4,1012.0,3008,,"0471",-37.1,880,186,1,9,1,3,1,2,"A3",,2
1776565028.000,"89914d","MDA366  ",24.957400,121.208012,4450,4650,184.7,170,186,0.280,46.97,,-1.58,47.99,43.01,-576,-576,,321,13,1012.0,3200,,"2124",-36.2,2617,186,1,9,2,3,1,0,"A0",,2
1776565033.000,"780293","CSN3023 ",24.926582,121.020778,4025,4250,198.3,180,194,0.292,86.82,-0.06,-0.35,149.94,144.99,0,-32,,3,5,1012.0,2496,,"4503",-37.2,216,186,1,9,1,3,1,2,"A3",,2
1776565033.000,"7504b5","AXM1510 ",24.992686,121.136964,2050,2225,160.2,154,164,0.244,49.05,-0.06,-0.18,55.37,50.40,-960,-704,,159,4,1012.0,3008,,"0471",-37.5,882,186,1,9,1,3,1,2,"A3",,2
1776565033.000,"89914d","MDA366  ",24.958051,121.208790,4425,4625,183.9,168,186,0.276,46.32,,-1.58,48.16,43.19,-576,-544,,321,13,1012.0,3200,,"2124",-37.2,2633,186,1,9,2,3,1,0,"A0",,2
1776565038.000,"780293","CSN3023 ",24.927560,121.040005,3950,4200,199.3,,,,87.12,,,,,-832,,,,,1012.0,2496,,"4503",-35.9,256,186,1,9,1,3,1,2,"A3",,2
1776565038.000,"7504b5","AXM1510 ",24.992686,121.136964,2050,2225,160.2,154,164,0.244,49.05,-0.06,-0.18,55.37,50.40,-960,-704,,159,4,1012.0,3008,,"0471",-37.5,882,186,1,9,1,3,1,2,"A3",,2
1776565038.000,"89914d","MDA366  ",24.962036,121.213379,4375,4575,183.9,168,186,0.276,46.32,,-1.58,48.16,43.19,-512,-544,,321,13,1012.0,3200,,"2124",-37.0,2649,186,1,9,2,3,1,0,"A0",,2
1776565043.000,"780293","CSN3023 ",24.927792,121.045239,3875,4100,198.4,,196,,86.53,-0.41,-3.87,,,-896,,,,,1012.0,2496,,"4503",-35.4,281,186,1,9,1,3,1,2,"A3",,2
1776565043.000,"7504b5","AXM1510 ",24.992686,121.136964,2050,2225,160.2,154,164,0.244,49.05,-0.06,-0.18,55.37,50.40,-960,-704,,159,4,1012.0,3008,,"0471",-37.5,882,186,1,9,1,3,1,2,"A3",,2
1776565043.000,"89914d","MDA366  ",24.965639,121.217548,4325,4525,183.9,168,186,0.276,46.32,,-1.58,48.16,43.19,-512,-544,,321,13,1012.0,3200,,"2124",-37.2,2663,186,1,9,2,3,1,0,"A0",,2
1776565048.000,"780293","CSN3023 ",24.928351,121.049436,3825,4050,197.9,179,196,0.292,78.63,-0.41,-3.87,84.02,79.07,-832,-864,,,,1012.0,2496,,"4503",-35.6,303,186,1,9,1,3,1,2,"A3",,2
1776565048.000,"7504b5","AXM1510 ",24.992686,121.136964,2050,2225,160.2,154,164,0.244,49.05,-0.06,-0.18,55.37,50.40,-960,-704,,159,4,1012.0,3008,,"0471",-37.5,882,186,1,9,1,3,1,2,"A3",,2
1776565048.000,"89914d","MDA366  ",24.965639,121.217548,4325,4525,183.9,168,186,0.276,46.32,,-1.58,48.16,43.19,-512,-544,,321,13,1012.0,3200,,"2124",-37.5,2665,186,1,9,2,3,1,0,"A0",,2
1776565053.000,"780293","CSN3023 ",24.930166,121.054929,3750,3975,198.0,179,194,0.292,69.92,-1.28,-13.54,84.02,79.07,-896,-864,,,,1012.0,2496,,"4503",-35.5,334,186,1,9,1,3,1,2,"A3",,2
1776565053.000,"7504b5","AXM1510 ",24.992686,121.136964,2050,2225,160.2,154,164,0.244,49.05,-0.06,-0.18,55.37,50.40,-960,-704,,159,4,1012.0,3008,,"0471",-37.5,882,186,1,9,1,3,1,2,"A3",,2
1776565053.000,"89914d","MDA366  ",24.965639,121.217548,4325,4525,183.9,168,186,0.276,46.32,,-1.58,48.16,43.19,-512,-544,,321,13,1012.0,3200,,"2124",-37.5,2665,186,1,9,2,3,1,0,"A0",,2
1776565058.000,"780293","CSN3023 ",24.931889,121.058609,3675,3900,197.3,181,194,0.292,61.88,-1.28,-12.66,65.92,60.97,-832,-832,,319,16,1012.0,2496,,"4503",-34.7,367,186,1,9,1,3,1,2,"A3",,2
1776565058.000,"7504b5","AXM1510 ",24.992686,121.136964,2050,2225,160.2,154,164,0.244,49.05,-0.06,-0.18,55.37,50.40,-960,-704,,159,4,1012.0,3008,,"0471",-37.5,882,186,1,9,1,3,1,2,"A3",,2
1776565058.000,"89914d","MDA366  ",24.965639,121.217548,4325,4525,183.9,168,182,0.276,46.32,,0.18,48.16,43.19,-512,-544,,321,13,1012.0,3200,,"2124",-38.0,2669,186,1,9,2,3,1,0,"A0",,2
1776565063.000,"780293","CSN3023 ",24.934799,121.063639,3600,3825,198.3,181,194,0.292,57.35,-1.09,-11.25,60.64,55.69,-832,-800,,311,14,1012.0,2496,,"4503",-35.2,399,186,1,9,1,3,1,2,"A3",,2
1776565063.000,"7504b5","AXM1510 ",24.992686,121.136964,2050,2225,160.2,154,164,0.244,49.05,-0.06,-0.18,55.37,50.40,-960,-704,,159,4,1012.0,3008,,"0471",-37.5,882,186,1,9,1,3,1,2,"A3",,2
1776565063.000,"89914d","MDA366  ",24.977789,121.231540,4200,4400,182.5,168,182,0.276,46.78,,0.18,48.16,43.19,-320,-544,,321,13,1012.0,3200,,"2124",-38.1,2677,186,1,9,2,3,1,0,"A0",,2
1776565068.000,"780293","CSN3023 ",24.937317,121.067251,3550,3775,198.8,180,194,0.292,53.59,-0.72,-7.56,56.07,51.12,-832,-832,,304,12,1012.0,2912,,"4503",-34.8,440,186,1,9,1,3,1,2,"A3",,2
1776565068.000,"7504b5","AXM1510 ",24.992686,121.136964,2050,2225,160.2,154,164,0.244,49.05,-0.06,-0.18,55.37,50.40,-960,-704,,159,4,1012.0,3008,,"0471",-37.5,882,186,1,9,1,3,1,2,"A3",,2
1776565068.000,"89914d","MDA366  ",24.979465,121.233457,4175,4375,182.5,168,182,0.276,46.78,,0.18,48.16,43.19,-320,-544,,321,13,1012.0,3200,,"2124",-37.6,2685,186,1,9,2,3,1,0,"A0",,2
1776565073.000,"780293","CSN3023 ",24.940430,121.071269,3475,3700,198.6,180,192,0.288,49.49,-0.38,-2.81,52.73,47.78,-768,-736,,270,9,1012.0,3008,,"4503",-33.7,491,186,1,9,1,3,1,2,"A3",,2
1776565073.000,"7504b5","AXM1510 ",24.992686,121.136964,2050,2225,160.2,154,,0.244,49.05,,,55.37,50.40,-960,-704,,,,1012.0,3008,,"0471",-37.5,882,186,1,9,1,3,1,2,"A3",,2
1776565073.000,"89914d","MDA366  ",24.979465,121.233457,4175,4375,182.5,168,182,0.276,46.78,,0.18,48.16,43.19,-320,-544,,321,13,1012.0,3200,,"2124",-37.6,2686,186,1,9,2,3,1,0,"A0",,2
1776565078.000,"780293","CSN3023 ",24.943451,121.075033,3400,3625,198.4,181,192,0.292,48.68,-0.38,-2.81,52.56,47.60,-704,-736,,270,9,1012.0,3008,,"4503",-36.1,536,186,1,9,1,3,1,2,"A3",,2
1776565078.000,"7504b5","AXM1510 ",24.992686,121.136964,2050,2225,160.2,,,,49.05,,,,,-960,,,,,1012.0,3008,,,-37.5,882,186,1,9,1,3,,,"A3",,2
1776565078.000,"89914d","MDA366  ",24.979465,121.233457,4175,4375,182.5,168,182,0.276,46.78,,0.18,48.16,43.19,-320,-544,,321,13,1012.0,3200,,"2124",-37.6,2686,186,1,9,2,3,1,0,"A0",,2
1776565083.000,"780293","CSN3023 ",24.946198,121.078440,3350,3550,198.3,180,194,0.288,48.27,-0.16,-1.76,52.21,47.25,-704,-672,,277,6,1012.0,3008,,"4503",-34.1,588,186,1,9,1,3,1,2,"A3",,2
1776565083.000,"7504b5","AXM1510 ",24.992686,121.136964,2050,2225,,,,,,,,,,,,,,,1012.0,3008,,,-37.5,882,186,1,9,,3,,,"A3",,2
1776565083.000,"89914d","MDA366  ",24.979465,121.233457,4175,4375,182.5,168,182,0.276,46.78,,0.18,48.16,43.19,-320,-544,,321,13,1012.0,3200,,"2124",-37.7,2687,186,1,9,2,3,1,0,"A0",,2
1776565088.000,"780293","CSN3023 ",24.948624,121.081340,3300,3500,198.2,181,194,0.288,47.45,0.09,0.35,51.33,46.37,-576,-640,,266,8,1012.0,3008,,"4503",-35.2,645,186,1,9,1,3,1,2,"A3",,2
1776565088.000,"7504b5","AXM1510 ",24.992686,121.136964,2050,2225,,,,,,,,,,,,,,,,,,,-37.5,882,186,,,,,,,"A3",,2
1776565088.000,"89914d","MDA366  ",24.979465,121.233457,4175,4375,182.5,168,182,0.276,46.78,,0.18,48.16,43.19,-320,-544,,,,1012.0,3200,,"2124",-37.7,2687,186,1,9,2,3,1,0,"A0",,2
1776565093.000,"780293","CSN3023 ",24.952372,121.085867,3250,3450,198.2,182,194,0.292,47.45,0.16,2.46,52.21,47.25,-704,-768,,237,4,1012.0,3008,,"4503",-34.5,677,186,1,9,1,3,1,2,"A3",,2
1776565093.000,"89914d","MDA366  ",24.979465,121.233457,4175,4375,182.5,,182,,46.78,,0.18,,,-320,,,,,1012.0,3200,,"2124",-37.9,2689,186,1,9,2,3,1,0,"A0",,2
1776565098.000,"780293","CSN3023 ",24.955811,121.090139,3175,3375,198.4,181,194,0.288,48.68,0.28,2.29,53.09,48.13,-832,-800,,241,5,1012.0,3008,,"4503",-34.7,723,186,1,9,1,3,1,2,"A3",,2
1776565098.000,"89914d","MDA366  ",24.979465,121.233457,4175,4375,182.5,,182,,46.78,,0.18,,,-320,,,,,,,,"2124",-37.9,2689,186,,,2,,,,"A0",,2
1776565103.000,"780293","CSN3023 ",24.958832,121.094004,3100,3300,199.4,179,192,0.288,49.68,0.09,0.70,53.61,48.65,-1024,-992,,245,8,1012.0,3008,,"4503",-32.7,789,186,1,9,1,3,1,2,"A3",,2
1776565103.000,"89914d","MDA366  ",24.979465,121.233457,4175,4375,182.5,,182,,46.78,,0.18,,,-320,,,,,,,,"2124",-37.9,2689,186,,,2,,,,"A0",,2
1776565108.000,"780293","CSN3023 ",24.961869,121.097890,3000,3200,199.3,181,192,0.288,49.27,-0.31,-2.99,52.56,47.59,-1152,-1152,,260,11,1012.0,3008,,"4503",-33.0,849,186,1,9,1,3,1,2,"A3",,2
1776565108.000,"89914d","MDA366  ",24.979465,121.233457,4000,4200,182.5,,182,,46.78,,0.18,,,-320,,,,,,,,"2124",-38.2,2690,186,,,2,,,,"A0",,2
1776565113.000,"780293","CSN3023 ",24.964920,121.101634,2900,3075,199.1,180,192,0.288,48.46,0.12,1.58,52.56,47.59,-1152,-1152,,255,8,1012.0,3008,,"4503",-34.4,912,186,1,9,1,3,1,2,"A3",,2
1776565113.000,"89914d","MDA366  ",24.979465,121.233457,4000,4200,182.5,,182,,46.78,,0.18,,,-320,,,,,,,,"2124",-38.2,2690,186,,,2,,,,"A0",,2
1776565118.000,"780293","CSN3023 ",24.967920,121.105404,2800,3000,198.5,181,192,0.288,49.09,0.12,1.41,53.09,48.12,-1152,-1152,,245,7,1012.0,3008,,"4503",-33.5,954,186,1,9,1,3,1,2,"A3",,2
1776565118.000,"89914d","MDA366  ",24.979465,121.233457,4000,4200,182.5,,,,46.78,,,,,-320,,,,,,,,"2124",-38.2,2690,186,,,2,,,,"A0",,2
1776565123.000,"780293","CSN3023 ",24.970993,121.109343,2700,2875,199.2,184,194,0.292,48.87,-0.12,-1.05,53.44,48.47,-1088,-1184,,260,5,1012.0,3008,,"4503",-34.0,996,186,1,9,1,3,1,2,"A3",,2
1776565123.000,"89914d","MDA366  ",24.979465,121.233457,4000,4200,,,,,,,,,,,,,,,,,,"2124",-38.2,2690,186,,,,,,,"A0",,2
1776565128.000,"780293","CSN3023 ",24.974019,121.113022,2625,2825,198.4,188,198,0.300,48.68,0.19,1.76,54.84,49.87,-1024,-1056,,151,5,1012.0,3008,,"4503",-34.0,1043,186,1,9,1,3,1,2,"A3",,2
1776565133.000,"780293","CSN3023 ",24.977005,121.116842,2525,2700,195.8,186,196,0.296,49.56,0.19,2.46,55.02,50.05,-1088,-992,,151,5,1012.0,3008,,"4503",-36.1,1074,186,1,9,1,3,1,2,"A3",,2
1776565138.000,"780293","CSN3023 ",24.979838,121.120588,2450,2625,192.4,186,196,0.296,50.27,0.19,2.46,55.02,50.05,-960,-992,,151,5,1012.0,3008,,"4503",-36.5,1081,186,1,9,1,3,1,2,"A3",,2
1776565143.000,"780293","CSN3023 ",24.982212,121.123698,2375,2550,188.7,184,194,0.288,49.73,-0.19,-2.11,55.37,50.40,-896,-960,,56,3,1012.0,3008,,"4503",-35.0,1102,186,1,9,1,3,1,2,"A3",,2
1776565148.000,"780293","CSN3023 ",24.985153,121.127421,2300,2475,185.8,181,190,0.284,49.37,-0.06,-0.35,54.32,49.34,-896,-832,,33,2,1012.0,3008,,"4503",-34.8,1140,186,1,9,1,3,1,2,"A3",,2
1776565153.000,"780293","CSN3023 ",24.985703,121.128133,2300,2475,185.0,181,190,0.284,49.16,-0.06,-0.35,54.32,49.34,-896,-832,,33,2,1012.0,3008,,"4503",-35.3,1145,186,1,9,1,3,1,2,"A3",,2
1776565158.000,"780293","CSN3023 ",24.985703,121.128133,2300,2475,185.0,181,190,0.284,49.16,-0.06,-0.35,54.32,49.34,-896,-832,,33,2,1012.0,3008,,"4503",-35.3,1145,186,1,9,1,3,1,2,"A3",,2
1776565163.000,"780293","CSN3023 ",24.985703,121.128133,2300,2475,185.0,181,190,0.284,49.16,-0.06,-0.35,54.32,49.34,-896,-832,,33,2,1012.0,3008,,"4503",-35.3,1145,186,1,9,1,3,1,2,"A3",,2
1776565168.000,"780293","CSN3023 ",24.985703,121.128133,2300,2475,185.0,181,190,0.284,49.16,-0.06,-0.35,54.32,49.34,-896,-832,,33,2,1012.0,3008,,"4503",-35.3,1145,186,1,9,1,3,1,2,"A3",,2
1776565173.000,"780293","CSN3023 ",24.985703,121.128133,2300,2475,185.0,181,190,0.284,49.16,-0.06,-0.35,54.32,49.34,-896,-832,,33,2,1012.0,3008,,"4503",-35.3,1145,186,1,9,1,3,1,2,"A3",,2
1776565178.000,"780293","CSN3023 ",24.985703,121.128133,2300,2475,185.0,181,190,0.284,49.16,-0.06,-0.35,54.32,49.34,-896,-832,,33,2,1012.0,3008,,"4503",-35.3,1145,186,1,9,1,3,1,2,"A3",,2
1776565183.000,"780293","CSN3023 ",24.985703,121.128133,2300,2475,185.0,181,190,0.284,49.16,-0.06,-0.35,54.32,49.34,-896,-832,,33,2,1012.0,3008,,"4503",-35.3,1145,186,1,9,1,3,1,2,"A3",,2
1776565188.000,"780293","CSN3023 ",24.985703,121.128133,2300,2475,185.0,181,190,0.284,49.16,-0.06,-0.35,54.32,49.34,-896,-832,,33,2,1012.0,3008,,"4503",-35.3,1145,186,1,9,1,3,1,2,"A3",,2
1776565193.000,"780293","CSN3023 ",24.985703,121.128133,2300,2475,185.0,181,190,0.284,49.16,-0.06,-0.35,54.32,49.34,-896,-832,,33,2,1012.0,3008,,"4503",-35.3,1145,186,1,9,1,3,1,2,"A3",,2
1776565198.000,"780293","CSN3023 ",24.985703,121.128133,2300,2475,185.0,181,190,0.284,49.16,-0.06,-0.35,54.32,49.34,-896,-832,,33,2,1012.0,3008,,"4503",-35.3,1145,186,1,9,1,3,1,2,"A3",,2
1776565203.000,"780293","CSN3023 ",24.985703,121.128133,2300,2475,185.0,181,190,0.284,49.16,-0.06,-0.35,54.32,49.34,-896,-832,,33,2,1012.0,3008,,"4503",-35.3,1145,186,1,9,1,3,1,2,"A3",,2
1776565208.000,"780293","CSN3023 ",24.985703,121.128133,2300,2475,185.0,,,,49.16,,,,,-896,,,,,1012.0,3008,,,-35.3,1145,186,1,9,1,3,,,"A3",,2
1776565228.003,"89906d","UIA8608 ",24.821653,121.044202,7325,7725,231.8,197,224,0.340,49.02,0.03,0.18,51.15,46.23,-576,-544,,283,14,1012.0,4992,,"2021",-30.6,121,186,1,9,1,3,1,2,"A3",,2
1776565233.000,"89906d","UIA8608 ",24.825098,121.048607,7275,7675,228.3,195,220,0.336,49.26,0.03,0.18,50.98,46.05,-576,-544,,280,15,1012.0,4992,,"2021",-32.2,180,186,1,9,1,3,1,2,"A3",,2
1776565238.000,"89906d","UIA8608 ",24.825098,121.048607,7275,7675,227.6,195,220,0.336,49.10,0.03,0.18,50.98,46.05,-576,-544,,280,15,1012.0,4992,,"2021",-35.6,206,186,1,9,1,3,1,2,"A3",,2
1776565243.000,"89906d","UIA8608 ",24.830887,121.055959,7200,7600,222.7,195,220,0.336,49.37,0.03,0.18,50.98,46.05,-576,-544,,280,15,1012.0,4992,,"2021",-36.0,220,186,1,9,1,3,1,2,"A3",,2
1776565248.000,"89906d","UIA8608 ",24.835386,121.061666,7125,7525,220.5,189,214,0.324,49.23,0.03,0.18,50.98,46.05,-576,-576,,289,14,1012.0,4992,,"2021",-31.3,308,186,1,9,1,3,1,2,"A3",,2
1776565253.000,"89906d","UIA8608 ",24.838598,121.065812,7075,7475,217.7,187,212,0.320,49.28,0.00,0.18,50.98,46.05,-576,-576,,287,14,1012.0,4992,,"2021",-30.5,390,186,1,9,1,3,1,2,"A3",,2
1776565259.000,"89906d","UIA8608 ",24.842331,121.070557,7025,7425,215.6,186,210,0.320,49.51,0.00,0.18,50.98,46.05,-576,-608,,289,15,1012.0,4992,,"2021",-34.0,499,186,1,9,1,3,1,2,"A3",,2
1776565264.000,"89906d","UIA8608 ",24.845581,121.074778,6975,7375,213.6,183,206,0.316,49.75,0.03,0.18,50.98,46.05,-576,-608,,285,15,1012.0,4992,,"2021",-29.8,592,186,1,9,1,3,1,2,"A3",,2
1776565264.000,"780a8f","CRK676  ",24.811798,121.573079,35000,36750,519.8,,438,,51.72,0.00,0.35,,,,0,,,,,,,,-36.3,44,186,,8,0,2,,,"A0",,0
1776565269.000,"89906d","UIA8608 ",24.848740,121.078796,6925,7325,211.4,182,206,0.312,49.60,0.09,0.00,51.15,46.22,-576,-608,,289,14,1012.0,4992,,"2021",-28.3,686,186,1,9,1,3,1,2,"A3",,2
1776565269.000,"780a8f","CRK676  ",24.820722,121.585538,35000,36750,519.8,,438,,51.72,0.00,0.35,,,,0,,,,,,,"3564",-36.9,50,186,,8,0,2,,,"A0",,0
1776565274.000,"89906d","UIA8608 ",24.851898,121.082916,6875,7250,210.6,181,204,0.312,49.43,-0.09,0.00,51.15,46.22,-640,-608,,287,14,1012.0,4992,,"2021",-31.3,771,186,1,9,1,3,1,2,"A3",,2
1776565274.000,"780a8f","CRK676  ",24.823425,121.589254,35000,36750,520.5,,438,,51.79,0.00,0.35,,,,0,,,,,,,"3564",-35.5,63,186,,8,0,2,,,"A0",,0
1776565279.000,"89906d","UIA8608 ",24.855078,121.086956,6825,7200,209.2,180,202,0.308,49.46,-0.09,-0.18,51.15,46.22,-576,-608,,292,14,1012.0,4992,,"2021",-30.6,859,186,1,9,1,3,1,2,"A3",,2
1776565279.000,"780a8f","CRK676  ",24.823425,121.589254,35000,36750,520.5,,438,,51.79,0.00,0.35,,,,0,,,,,,,"3564",-35.5,63,186,,8,0,2,,,"A0",,0
1776565284.000,"89906d","UIA8608 ",24.858336,121.091153,6775,7150,208.5,179,202,0.308,49.28,0.00,-0.18,51.15,46.22,-576,-608,,287,13,1012.0,3616,,"2021",-27.7,962,186,1,9,1,3,1,2,"A3",,2
1776565284.000,"780a8f","CRK676  ",24.823425,121.589254,35000,36750,520.5,,438,,51.79,0.00,0.35,,,,0,,,,,,,"3564",-35.5,63,186,,8,0,2,,,"A0",,0
1776565289.000,"89906d","UIA8608 ",24.861099,121.094666,6725,7100,207.7,179,202,0.308,49.10,-0.09,-1.05,50.98,46.04,-576,-608,,290,12,1012.0,3200,,"2021",-32.8,1047,186,1,9,1,3,1,2,"A3",,2
1776565289.000,"780a8f","CRK676  ",24.823425,121.589254,35000,36750,520.5,,438,,51.79,0.00,0.35,,,,0,,,,,,,"3564",-35.8,64,186,,8,0,2,,,"A0",,0
1776565294.000,"89906d","UIA8608 ",24.864574,121.098926,6675,7050,207.5,179,202,0.304,48.32,-0.09,-1.23,50.27,45.34,-576,-576,,292,13,1012.0,3200,,"2021",-31.1,1129,186,1,9,1,3,1,2,"A3",,2
1776565294.000,"780a8f","CRK676  ",24.823425,121.589254,35000,36750,520.5,,438,,51.79,0.00,0.35,,,,0,,,,,,,"3564",-35.8,64,186,,8,0,2,,,"A0",,0
1776565299.000,"89906d","UIA8608 ",24.867828,121.102905,6625,7000,207.5,180,202,0.308,47.93,-0.12,-1.23,49.39,44.45,-704,-640,,294,14,1012.0,3200,,"2021",-33.1,1213,186,1,9,1,3,1,2,"A3",,2
1776565299.000,"780a8f","CRK676  ",24.823425,121.589254,35000,36750,520.5,,438,,51.79,0.00,0.35,,,,0,,,,,,,"3564",-35.8,64,186,,8,0,2,,,"A0",,0
1776565304.000,"89906d","UIA8608 ",24.871033,121.106720,6550,6925,206.7,180,202,0.304,47.35,-0.09,-1.05,48.52,43.57,-704,-704,,296,14,1012.0,3200,,"2021",-35.3,1278,186,1,9,1,3,1,2,"A3",,2
1776565304.000,"780a8f","CRK676  ",24.823425,121.589254,35000,36750,520.5,,438,,51.79,0.00,0.35,,,,0,,,,,,,"3564",-36.1,65,186,,8,0,2,,,"A0",,0
1776565309.000,"89906d","UIA8608 ",24.874257,121.110483,6500,6875,206.6,180,202,0.304,46.96,-0.09,-1.05,48.52,43.57,-704,-704,,296,14,1012.0,3200,,"2021",-36.1,1327,186,1,9,1,3,1,2,"A3",,2
1776565309.000,"780a8f","CRK676  ",24.823425,121.589254,35000,36750,520.5,,438,,51.79,0.00,0.35,,,,0,,,,,,,"3564",-36.1,65,186,,8,0,2,,,"A0",,0
1776565314.000,"89906d","UIA8608 ",24.877258,121.113993,6450,6825,205.9,180,200,0.304,46.77,-0.03,-0.53,48.52,43.57,-704,-704,,296,14,1012.0,3200,,"2021",-35.2,1361,186,1,9,1,3,1,2,"A3",,2
1776565314.000,"780a8f","CRK676  ",24.823425,121.589254,35000,36750,520.5,,438,,51.79,0.00,0.35,,,,0,,,,,,,"3564",-36.1,65,186,,8,0,2,,,"A0",,0
1776565319.000,"89906d","UIA8608 ",24.881012,121.118317,6375,6750,205.8,180,200,0.304,46.38,-0.03,-0.53,48.52,43.57,-704,-704,,296,14,1012.0,3200,,"2021",-34.7,1388,186,1,9,1,3,1,2,"A3",,2
1776565319.000,"780a8f","CRK676  ",24.823425,121.589254,35000,36750,520.5,,438,,51.79,0.00,0.35,,,,0,,,,,,,"3564",-36.1,65,186,,8,0,2,,,"A0",,0
1776565324.000,"89906d","UIA8608 ",24.884219,121.121987,6325,6675,205.1,180,200,0.304,46.19,0.00,-0.35,48.52,43.57,-704,-704,,296,14,1012.0,3200,,"2021",-35.1,1415,186,1,9,1,3,1,2,"A3",,2
1776565324.000,"780a8f","CRK676  ",24.823425,121.589254,35000,36750,520.5,,,,51.79,,,,,,0,,,,,,,"3564",-36.1,65,186,,8,0,2,,,"A0",,0
1776565329.000,"89906d","UIA8608 ",24.886268,121.124319,6300,6650,205.1,180,200,0.304,46.19,0.00,-0.35,48.52,43.57,-704,-704,,296,14,1012.0,3200,,"2021",-36.1,1435,186,1,9,1,3,1,2,"A3",,2
1776565329.000,"780a8f","CRK676  ",24.823425,121.589254,35000,36750,520.5,,,,51.79,,,,,,0,,,,,,,,-36.1,65,186,,8,0,2,,,"A0",,0
1776565334.000,"89906d","UIA8608 ",24.890671,121.129354,6200,6550,204.4,180,200,0.304,45.99,0.00,-0.35,48.52,43.57,-704,-704,,296,14,1012.0,3200,,"2021",-32.0,1458,186,1,9,1,3,1,2,"A3",,2
1776565339.000,"89906d","UIA8608 ",24.893716,121.132818,6150,6500,204.4,180,200,0.304,45.99,0.00,-0.35,48.52,43.57,-704,-704,,296,14,1012.0,3200,,"2021",-34.2,1488,186,1,9,1,3,1,2,"A3",,2
1776565344.000,"89906d","UIA8608 ",24.896851,121.136424,6100,6450,204.4,180,200,0.304,45.99,0.00,-0.35,48.52,43.57,-704,-704,,296,14,1012.0,3200,,"2021",-32.6,1518,186,1,9,1,3,1,2,"A3",,2
1776565349.000,"89906d","UIA8608 ",24.900696,121.140747,6025,6375,205.1,180,200,0.304,46.19,0.03,0.18,46.76,41.81,-704,-672,,297,15,1012.0,3200,,"2021",-33.8,1571,186,1,9,1,3,1,2,"A3",,2
1776565354.000,"71be41","AAR711  ",24.964371,121.087392,2125,2275,179.5,,,,102.88,,,,,-640,,,,,1012.0,2016,,,-37.0,27,186,1,8,1,2,,,"A5",,0
1776565354.000,"89906d","UIA8608 ",24.903585,121.144064,6000,6350,204.4,180,200,0.304,46.39,0.03,0.35,46.76,41.81,-704,-672,,296,16,1012.0,3200,,"2021",-32.1,1605,186,1,9,1,3,1,2,"A3",,2
1776565359.000,"71be41","AAR711  ",24.963959,121.092631,2075,2225,175.1,,,,88.04,,,,,-384,,,,,1012.0,2016,,,-36.4,35,186,1,8,1,2,,,"A5",,0
1776565359.000,"89906d","UIA8608 ",24.906797,121.147743,5925,6275,204.4,180,200,0.304,46.39,0.03,0.35,46.76,41.81,-704,-672,,296,16,1012.0,3200,,"2021",-34.6,1635,186,1,9,1,3,1,2,"A3",,2
1776565364.002,"71be41","AAR711  ",24.964755,121.097527,2050,2200,171.3,,,,74.42,,,,,-320,,,,,1012.0,2016,,,-37.0,43,186,1,9,1,3,1,2,"A5",,2
1776565364.002,"89906d","UIA8608 ",24.910629,121.152191,5875,6225,204.4,180,200,0.304,46.39,0.03,0.35,46.76,41.81,-704,-672,,296,16,1012.0,3200,,"2021",-33.7,1689,186,1,9,1,3,1,2,"A3",,2
1776565369.000,"71be41","AAR711  ",24.964755,121.097527,2050,2200,169.6,,,,69.64,,,,,-192,,,,,1012.0,2016,,,-37.5,47,186,1,9,1,3,1,2,"A5",,2
1776565369.000,"89906d","UIA8608 ",24.913873,121.155931,5800,6150,204.4,180,200,0.304,46.39,0.03,0.35,46.76,41.81,-704,-672,,296,16,1012.0,3200,,"2021",-33.0,1721,186,1,9,1,3,1,2,"A3",,2
1776565374.000,"71be41","AAR711  ",24.964755,121.097527,2050,2200,169.6,,,,69.64,,,,,-192,,,,,1012.0,2016,,,-37.6,50,186,1,9,1,3,1,2,"A5",,2
1776565374.000,"89906d","UIA8608 ",24.916573,121.159040,5750,6100,203.7,180,200,0.304,46.59,0.03,0.35,46.76,41.81,-704,-672,,296,16,1012.0,3200,,"2021",-33.8,1742,186,1,9,1,3,1,2,"A3",,2
1776565379.000,"71be41","AAR711  ",24.964755,121.097527,2050,2200,169.6,,,,69.64,,,,,-192,,,,,,,,,-37.6,51,186,1,9,1,3,1,2,"A5",,2
1776565379.000,"89906d","UIA8608 ",24.920204,121.163238,5700,6025,203.7,180,200,0.304,46.59,0.03,0.35,46.76,41.81,-704,-672,,296,16,1012.0,3200,,"2021",-34.1,1775,186,1,9,1,3,1,2,"A3",,2
1776565384.000,"71be41","AAR711  ",24.972794,121.111705,2025,2175,164.8,,,,50.42,,,,,64,,,,,,,,,-37.6,53,186,1,9,1,3,1,2,"A5",,2
1776565384.000,"89906d","UIA8608 ",24.923510,121.167073,5625,5950,203.7,180,200,0.304,46.59,0.03,0.35,46.76,41.81,-704,-672,,296,16,1012.0,3200,,"2021",-32.4,1807,186,1,9,1,3,1,2,"A3",,2
1776565389.000,"71be41","AAR711  ",24.972794,121.111705,2025,2175,164.8,,,,50.42,,,,,64,,,,,,,,,-38.0,57,186,1,9,1,3,1,2,"A5",,2
1776565389.000,"89906d","UIA8608 ",24.926815,121.170908,5575,5900,203.0,180,198,0.300,46.80,0.00,0.18,47.29,42.32,-704,-672,,297,16,1012.0,3200,,"2021",-35.3,1873,186,1,9,1,3,1,2,"A3",,2
1776565394.000,"71be41","AAR711  ",24.977829,121.118164,2050,2200,164.8,,,,50.42,,,,,64,,,,,,,,,-38.0,58,186,1,9,1,3,1,2,"A5",,2
1776565394.000,"89906d","UIA8608 ",24.929947,121.174571,5500,5825,203.0,180,198,0.300,46.80,0.00,0.18,47.29,42.32,-704,-672,,297,16,1012.0,3200,,"2021",-35.4,1928,186,1,9,1,3,1,2,"A3",,2
1776565399.000,"71be41","AAR711  ",24.978928,121.119537,2050,2200,164.8,,,,50.42,,,,,64,,,,,,,,,-37.9,61,186,1,9,1,3,1,2,"A5",,2
1776565399.000,"89906d","UIA8608 ",24.933053,121.178215,5450,5775,203.0,180,198,0.300,46.80,-0.16,0.00,47.29,42.32,-704,-672,,297,16,1012.0,3200,,"2021",-35.7,1983,186,1,9,1,3,1,2,"A3",,2
1776565404.000,"71be41","AAR711  ",24.978928,121.119537,2050,2200,164.8,,,,50.42,,,,,64,,,,,,,,,-37.9,61,186,1,9,1,3,1,2,"A5",,2
1776565404.000,"89906d","UIA8608 ",24.936310,121.181946,5400,5725,203.0,180,198,0.300,46.80,-0.16,0.00,47.29,42.32,-704,-672,,297,16,1012.0,3200,,"2021",-33.5,2023,186,1,9,1,3,1,2,"A3",,2
1776565409.000,"71be41","AAR711  ",24.978928,121.119537,2050,2200,164.8,,,,50.42,,,,,64,,,,,,,,,-37.9,61,186,1,9,1,3,1,2,"A5",,2
1776565409.000,"89906d","UIA8608 ",24.939617,121.185884,5350,5675,202.4,181,200,0.300,47.00,0.03,0.35,47.46,42.49,-640,-672,,306,16,1012.0,3200,,"2021",-34.2,2109,186,1,9,1,3,1,2,"A3",,2
1776565414.000,"71be41","AAR711  ",24.978928,121.119537,2050,2200,164.8,,,,50.42,,,,,64,,,,,,,,,-37.9,61,186,1,9,1,3,1,2,"A5",,2
1776565414.000,"89906d","UIA8608 ",24.943039,121.189880,5275,5600,202.4,180,198,0.300,47.00,-0.06,-0.18,47.46,42.49,-704,-704,,299,16,1012.0,3200,,"2021",-34.3,2188,186,1,9,1,3,1,2,"A3",,2
1776565419.000,"71be41","AAR711  ",24.978928,121.119537,2050,2200,164.8,,,,50.42,,,,,64,,,,,,,,,-37.9,61,186,1,9,1,3,1,2,"A5",,2
1776565419.000,"89906d","UIA8608 ",24.945923,121.193288,5225,5525,202.4,180,198,0.300,47.00,-0.03,0.00,47.81,42.84,-704,-704,,298,15,1012.0,3200,,"2021",-34.6,2279,186,1,9,1,3,1,2,"A3",,2
1776565424.000,"71be41","AAR711  ",24.978928,121.119537,2050,2200,164.8,,,,50.42,,,,,64,,,,,,,,,-37.9,61,186,,,1,,,,"A5",,2
1776565424.000,"89906d","UIA8608 ",24.949067,121.197026,5175,5475,201.7,182,198,0.300,47.21,-0.03,0.00,47.29,42.31,-704,-704,,298,15,1012.0,3200,,"2021",-35.2,2309,186,1,9,1,3,1,2,"A3",,2
1776565429.000,"71be41","AAR711  ",24.978928,121.119537,2050,2200,164.8,,,,50.42,,,,,64,,,,,,,,,-37.9,61,186,,,1,,,,"A5",,2
1776565429.000,"89906d","UIA8608 ",24.952512,121.201068,5100,5400,200.3,180,198,0.300,47.23,0.00,0.00,47.11,42.14,-640,-672,,305,17,1012.0,3200,,"2021",-34.2,2397,186,1,9,1,3,1,2,"A3",,2
1776565434.000,"71be41","AAR711  ",24.978928,121.119537,2050,2200,164.8,,,,50.42,,,,,64,,,,,,,,,-37.9,61,186,,,1,,,,"A5",,2
1776565434.000,"89906d","UIA8608 ",24.955351,121.204437,5050,5350,200.3,180,198,0.300,47.23,-0.03,-0.18,47.29,42.31,-704,-736,,307,17,1012.0,3200,,"2021",-33.8,2449,186,1,9,1,3,1,2,"A3",,2
1776565439.000,"71be41","AAR711  ",24.978928,121.119537,2050,2200,164.8,,,,50.42,,,,,64,,,,,,,,,-37.9,61,186,,,1,,,,"A5",,2
1776565439.000,"89906d","UIA8608 ",24.958470,121.208116,5000,5300,199.5,180,198,0.300,47.03,-0.03,-0.18,47.29,42.31,-704,-736,,307,17,1012.0,3200,,"2021",-36.0,2475,186,1,9,1,3,1,2,"A3",,2
1776565444.000,"71be41","AAR711  ",24.978928,121.119537,2050,2200,,,,,,,,,,,,,,,,,,,-37.9,61,186,,,,,,,"A5",,2
1776565444.000,"89906d","UIA8608 ",24.961990,121.212260,4925,5225,199.5,180,198,0.296,46.62,-0.03,-0.18,47.46,42.48,-704,-704,,307,17,1012.0,3200,,"2021",-34.9,2502,186,1,9,1,3,1,2,"A3",,2
1776565449.000,"71be41","AAR711  ",24.978928,121.119537,2050,2200,,,,,,,,,,,,,,,,,,,-37.9,61,186,,,,,,,"A5",,2
1776565449.000,"89906d","UIA8608 ",24.964279,121.214905,4900,5200,198.8,180,198,0.296,46.83,-0.03,-0.18,47.46,42.48,-704,-704,,307,17,1012.0,3200,,"2021",-33.3,2525,186,1,9,1,3,1,2,"A3",,2
1776565454.000,"71be41","AAR711  ",24.978928,121.119537,2050,2200,,,,,,,,,,,,,,,,,,,-37.9,61,186,,,,,,,"A5",,2
1776565454.000,"89906d","UIA8608 ",24.967987,121.219279,4825,5100,198.8,180,198,0.296,46.83,-0.03,-0.18,47.46,42.48,-704,-704,,307,17,1012.0,3200,,"2021",-34.1,2548,186,1,9,1,3,1,2,"A3",,2
1776565459.000,"89906d","UIA8608 ",24.971237,121.223043,4775,5050,198.8,180,198,0.296,46.83,-0.03,-0.18,47.46,42.48,-704,-704,,307,17,1012.0,3200,,"2021",-34.9,2575,186,1,9,1,3,1,2,"A3",,2
1776565464.000,"89906d","UIA8608 ",24.974396,121.226705,4700,4975,198.1,180,198,0.296,46.64,-0.03,-0.18,47.46,42.48,-704,-704,,307,17,1012.0,3200,,"2021",-35.2,2594,186,1,9,1,3,1,2,"A3",,2
1776565469.000,"89906d","UIA8608 ",24.977325,121.230164,4650,4950,198.1,180,198,0.296,46.64,-0.03,-0.18,47.46,42.48,-704,-704,,307,17,1012.0,3200,,"2021",-34.2,2620,186,1,9,1,3,1,2,"A3",,2
1776565474.000,"89906d","UIA8608 ",24.980347,121.233673,4600,4875,198.1,180,198,0.296,46.64,-0.03,-0.18,47.46,42.48,-704,-704,,307,17,1012.0,3200,,"2021",-34.9,2642,186,1,9,1,3,1,2,"A3",,2
1776565479.000,"89906d","UIA8608 ",24.983551,121.237437,4525,4800,198.1,180,198,0.296,46.64,-0.03,-0.18,47.46,42.48,-704,-704,,,,1012.0,3200,,"2021",-34.8,2661,186,1,9,1,3,1,2,"A3",,2
1776565484.000,"89906d","UIA8608 ",24.987146,121.241593,4475,4750,198.1,180,198,0.296,46.64,-0.03,-0.18,47.46,42.48,-640,-704,,,,1012.0,3200,,"2021",-35.3,2685,186,1,9,1,3,1,2,"A3",,2
1776565489.000,"89906d","UIA8608 ",24.990280,121.245270,4425,4700,197.4,180,198,0.296,46.85,-0.03,-0.18,47.46,42.48,-576,-704,,,,1012.0,3200,,"2021",-33.8,2705,186,1,9,1,3,1,2,"A3",,2
1776565494.000,"89906d","UIA8608 ",24.993393,121.248881,4375,4650,197.4,180,,0.296,46.85,,,47.46,42.48,-576,-704,,,,1012.0,3200,,"2021",-35.1,2722,186,1,9,1,3,1,2,"A3",,2
1776565499.000,"89906d","UIA8608 ",24.996460,121.252492,4325,4600,197.4,180,,0.296,46.85,,,47.46,42.48,-576,-704,,,,1012.0,3200,,"2021",-35.8,2739,186,1,9,1,3,1,2,"A3",,2
1776565504.000,"899038","N/A",25.077178,121.080581,10800,11325,335.6,,,,236.55,,,,,2368,,,,,1012.0,24000,,,-37.3,38,186,1,8,2,2,,,,,0
1776565504.000,"89906d","UIA8608 ",24.999710,121.256307,4275,4550,198.1,,,,47.05,,,,,-576,,,,,1012.0,3200,,"2021",-35.4,2757,186,1,9,1,3,1,2,"A3",,2
1776565509.000,"899038","N/A",25.077178,121.080581,10800,11325,335.6,,,,236.55,,,,,2368,,,,,1012.0,24000,,"2654",-37.5,45,186,1,8,2,2,,,,,0
1776565509.000,"89906d","UIA8608 ",25.002914,121.260071,4225,4475,198.9,,,,47.24,,,,,-640,,,,,1012.0,3200,,"2021",-34.8,2777,186,1,9,1,3,1,2,"A3",,2
1776565514.000,"899038","EVA707  ",25.071899,121.071828,11050,11575,335.6,,,,236.55,,,,,2368,,,,,1012.0,24000,,"2654",-37.5,48,186,1,8,2,2,,,,,0
1776565514.000,"89906d","UIA8608 ",25.006000,121.263721,4175,4425,199.5,,,,47.03,,,,,-576,,,,,1012.0,3200,,"2021",-34.3,2795,186,1,9,1,3,1,2,"A3",,2
1776565519.000,"899038","EVA707  ",25.071899,121.071828,11050,11575,335.6,,,,236.55,,,,,2368,,,,,1012.0,24000,,"2654",-38.0,52,186,1,8,2,2,,,,,0
1776565519.000,"89906d","UIA8608 ",25.009212,121.267504,4125,4375,199.5,,,,47.03,,,,,-640,,,,,1012.0,3200,,"2021",-36.2,2810,186,1,9,1,3,1,2,"A3",,2
1776565519.000,"780dd9","N/A",25.046677,121.353505,29700,31150,398.7,,,,229.68,,,,,-960,,,,,1013.6,28000,,,-36.6,17,186,1,8,1,2,,,,,0
1776565519.000,"78928a","CRK608  ",24.790237,121.543325,39000,41000,555.4,249,468,0.804,51.73,0.00,-0.18,54.14,50.27,0,0,,239,88,1012.8,39008,,"3565",-36.8,49,186,1,9,1,3,1,3,"A5",,2
1776565524.000,"899038","EVA707  ",25.071899,121.071828,11050,11575,335.6,,,,236.55,,,,,2368,,,,,1012.0,24000,,"2654",-38.2,54,186,1,8,2,2,,,,,0
1776565524.000,"89906d","UIA8608 ",25.011074,121.269681,4075,4325,199.5,,,,47.03,,,,,-640,,,,,1012.0,3200,,"2021",-36.8,2820,186,1,9,1,3,1,2,"A3",,2
1776565524.000,"780dd9","N/A",25.040817,121.345927,29625,31075,398.7,,,,229.68,,,,,-960,,,,,1013.6,28000,,,-37.0,25,186,1,8,1,2,,,,,0
1776565524.000,"78928a","CRK608  ",24.801124,121.558435,39000,41000,555.4,249,468,0.804,51.73,0.00,-0.18,54.14,49.18,0,32,,245,90,1012.8,39008,,"3565",-34.9,83,186,1,9,1,3,1,3,"A5",,2
1776565529.000,"899038","EVA707  ",25.071899,121.071828,11050,11575,335.6,,,,236.55,,,,,2368,,,,,1012.0,24000,,"2654",-38.2,54,186,1,8,2,2,,,,,0
1776565529.000,"89906d","UIA8608 ",25.015497,121.274863,4025,4275,199.5,,,,47.03,,,,,-512,,,,,1012.0,3200,,"2021",-36.7,2829,186,1,9,1,3,1,2,"A3",,2
1776565529.000,"780dd9","N/A",25.038261,121.342595,29575,31025,398.7,,,,229.68,,,,,-896,,,,,1013.6,28000,,,-37.3,29,186,1,8,1,2,,,,,0
1776565529.000,"78928a","CRK608  ",24.809097,121.569519,39000,41000,555.4,249,468,0.804,51.73,0.00,-0.18,54.14,49.18,0,32,,245,90,1012.8,39008,,"3565",-35.6,112,186,1,9,1,3,1,3,"A5",,2
1776565534.000,"899038","EVA707  ",25.054092,121.041921,12275,12800,335.6,,,,236.55,,,,,2368,,,,,1012.0,24000,,"2654",-38.3,56,186,1,8,2,2,,,,,0
1776565534.000,"89906d","UIA8608 ",25.016052,121.275533,4000,4250,199.5,,,,47.03,,,,,-512,,,,,1012.0,3200,,"2021",-36.7,2833,186,1,9,1,3,1,2,"A3",,2
1776565534.000,"780dd9","N/A",25.038261,121.342595,29575,31025,398.7,,,,229.68,,,,,-896,,,,,1013.6,28000,,"4233",-37.3,32,186,1,8,1,2,,,,,0
1776565534.000,"78928a","CRK608  ",24.819946,121.584625,39000,41000,556.2,249,468,0.804,51.79,0.00,0.00,54.32,49.35,0,-32,,244,90,1012.8,39008,,"3565",-33.6,150,186,1,9,1,3,1,3,"A5",,2
1776565539.000,"899038","EVA707  ",25.054092,121.041921,12275,12800,335.6,,,,236.55,,,,,2368,,,,,,,,"2654",-38.3,56,186,,8,2,2,,,,,0
1776565539.000,"89906d","UIA8608 ",25.016052,121.275533,4000,4250,199.5,,,,47.03,,,,,-512,,,,,1012.0,3200,,"2021",-36.7,2833,186,1,9,1,3,1,2,"A3",,2
1776565539.000,"780dd9","N/A",25.038261,121.342595,29575,31025,398.7,,,,229.68,,,,,-896,,,,,1013.6,28000,,"4233",-37.3,34,186,1,8,1,2,,,,,0
1776565539.000,"78928a","CRK608  ",24.826538,121.593831,39000,41000,556.2,249,468,0.804,51.79,0.00,0.00,54.32,49.34,0,0,,245,91,1012.8,39008,,"3565",-34.2,188,186,1,9,1,3,1,3,"A5",,2
1776565544.002,"899038","EVA707  ",25.054092,121.041921,12275,12800,335.6,,,,236.55,,,,,2368,,,,,,,,"2654",-38.3,56,186,,8,2,2,,,,,0
1776565544.002,"89906d","UIA8608 ",25.016052,121.275533,4000,4250,199.5,,,,47.03,,,,,-512,,,,,1012.0,3200,,"2021",-36.7,2833,186,1,9,1,3,1,2,"A3",,2
1776565544.002,"780dd9","N/A",25.038261,121.342595,29325,31025,398.7,283,446,0.740,229.68,0.03,0.18,236.07,231.08,-896,-864,,,,1013.6,28000,,"4233",-36.0,50,186,1,9,1,3,,,,,0
1776565544.002,"78928a","CRK608  ",24.835602,121.606445,39000,41000,555.5,249,468,0.804,51.87,0.00,0.00,54.32,49.34,0,0,,245,91,1012.8,39008,,"3565",-35.6,227,186,1,9,1,3,1,3,"A5",,2
1776565549.000,"899038","EVA707  ",25.054092,121.041921,12275,12800,335.6,,,,236.55,,,,,2368,,,,,,,,"2654",-38.3,56,186,,8,2,2,,,,,0
1776565549.000,"71c561","TWB643  ",24.951736,121.230927,38000,39925,394.5,261,480,0.820,229.73,0.00,-0.18,235.20,230.24,0,0,,233,86,1013.6,38016,,"7150",-35.9,108,186,1,10,1,3,2,2,"A5",,2
1776565549.000,"89906d","UIA8608 ",25.016052,121.275533,4000,4250,199.5,,,,47.03,,,,,-512,,,,,1012.0,3200,,"2021",-36.7,2833,186,1,9,1,3,1,2,"A3",,2
1776565549.000,"780dd9","N/A",25.038261,121.342595,29225,30675,399.4,283,446,0.740,229.57,0.03,0.18,236.07,231.08,-896,-864,,,,1013.6,28000,,"4233",-37.2,57,186,1,9,1,3,,,,,0
1776565549.000,"78928a","CRK608  ",24.838878,121.611034,39000,41000,555.5,249,468,0.804,51.87,0.00,-0.35,54.32,49.34,0,0,,245,90,1012.8,39008,,"3565",-36.4,257,186,1,9,1,3,1,3,"A5",,2
1776565554.000,"899038","EVA707  ",25.054092,121.041921,12275,12800,335.6,,,,236.55,,,,,2368,,,,,,,,"2654",-38.3,56,186,,8,2,2,,,,,0
1776565554.000,"71c561","TWB643  ",24.945374,121.222687,38000,39925,395.1,261,480,0.820,229.62,0.00,-0.18,235.20,230.24,0,0,,233,86,1013.6,38016,,"7150",-35.0,142,186,1,10,1,3,2,2,"A5",,2
1776565554.000,"89906d","UIA8608 ",25.016052,121.275533,4000,4250,199.5,,,,47.03,,,,,-512,,,,,1012.0,3200,,"2021",-36.7,2833,186,1,9,1,3,1,2,"A3",,2
1776565554.000,"780dd9","N/A",25.038261,121.342595,29150,30600,399.4,283,446,0.740,229.57,0.03,0.18,236.07,231.08,-896,-864,,,,1013.6,28000,,"4233",-37.3,64,186,1,9,1,3,,,,,0
1776565554.000,"78928a","CRK608  ",24.838878,121.611034,39000,41000,555.5,249,468,0.804,51.87,0.00,-0.35,54.32,49.34,0,0,,245,90,1012.8,39008,,"3565",-37.1,263,186,1,9,1,3,1,3,"A5",,2
1776565559.000,"899038","EVA707  ",25.054092,121.041921,12275,12800,335.6,,,,236.55,,,,,2368,,,,,,,,"2654",-38.3,56,186,,8,2,2,,,,,0
1776565559.000,"71c561","TWB643  ",24.939194,121.214701,38000,39925,395.1,261,480,0.820,229.62,0.00,0.00,235.02,230.06,0,0,,232,85,1013.6,38016,,"7150",-34.5,180,186,1,10,1,3,2,2,"A5",,2
1776565559.000,"89906d","UIA8608 ",25.016052,121.275533,4000,4250,199.5,,,,47.03,,,,,-512,,,,,1012.0,3200,,"2021",-36.7,2833,186,1,9,1,3,1,2,"A3",,2
1776565559.000,"780dd9","N/A",25.038261,121.342595,29100,30525,398.6,283,444,0.740,229.48,0.00,0.70,236.07,231.08,-896,-864,,,,1013.6,28000,,"4233",-36.9,77,186,1,9,1,3,1,2,,,2
1776565559.000,"78928a","CRK608  ",24.838878,121.611034,39000,41000,555.5,249,468,0.804,51.87,0.00,-0.35,54.32,49.34,0,0,,245,90,1012.8,39008,,"3565",-37.4,264,186,1,9,1,3,1,3,"A5",,2
1776565564.000,"899038","EVA707  ",25.054092,121.041921,12275,12800,,,,,,,,,,,,,,,,,,"2654",-38.3,56,186,,8,,2,,,,,0
1776565564.000,"71c561","TWB643  ",24.933192,121.207028,38000,39925,395.1,261,480,0.820,229.62,0.00,-0.18,235.02,230.06,0,0,,232,85,1013.6,38016,,"7150",-34.4,227,186,1,10,1,3,2,2,"A5",,2
1776565564.000,"89906d","UIA8608 ",25.016052,121.275533,4000,4250,199.5,,,,47.03,,,,,-512,,,,,1012.0,3200,,"2021",-36.7,2833,186,1,9,1,3,1,2,"A3",,2
1776565564.000,"780dd9","N/A",24.993152,121.284554,29025,30450,398.0,283,444,0.740,229.59,0.00,0.70,236.07,231.08,-960,-864,,,,1013.6,28000,,"4233",-37.0,85,186,1,9,1,3,1,2,,,2
1776565564.000,"78928a","CRK608  ",24.838878,121.611034,39000,41000,555.5,249,468,0.804,51.87,0.00,-0.35,54.32,49.34,0,0,,245,90,1012.8,39008,,"3565",-37.5,267,186,1,9,1,3,1,3,"A5",,2
1776565569.000,"899038","EVA707  ",25.054092,121.041921,12275,12800,,,,,,,,,,,,,,,,,,"2654",-38.3,56,186,,8,,2,,,,,0
1776565569.000,"71c561","TWB643  ",24.927653,121.199824,38000,39925,395.1,261,480,0.820,229.62,-0.06,0.00,235.02,230.07,0,0,,232,85,1013.6,38016,,"7150",-33.2,291,186,1,10,1,3,2,2,"A5",,2
1776565569.000,"780dd9","N/A",24.986122,121.275433,28925,30350,398.0,283,444,0.740,229.59,0.00,0.70,236.07,231.08,-960,-864,,,,1013.6,28000,,"4233",-37.1,92,186,1,9,1,3,1,2,,,2
1776565569.000,"89906d","UIA8608 ",25.016052,121.275533,4000,4250,199.5,,,,47.03,,,,,-512,,,,,1012.0,3200,,"2021",-36.7,2833,186,1,9,1,3,1,2,"A3",,2
1776565569.000,"78928a","CRK608  ",24.838878,121.611034,39000,41000,555.5,249,468,0.804,51.87,0.00,-0.35,54.32,49.34,0,0,,245,90,1012.8,39008,,"3565",-37.5,267,186,1,9,1,3,1,3,"A5",,2
1776565574.000,"899038","EVA707  ",25.054092,121.041921,12275,12800,,,,,,,,,,,,,,,,,,"2654",-38.3,56,186,,8,,2,,,,,0
1776565574.000,"71c561","TWB643  ",24.921661,121.192118,38000,39925,395.1,261,480,0.820,229.62,0.00,-0.18,235.02,230.07,0,0,,232,85,1013.6,38016,,"7150",-33.2,346,186,1,10,1,3,2,2,"A5",,2
1776565574.000,"780dd9","N/A",24.986122,121.275433,28925,30350,398.0,283,444,0.740,229.59,0.00,0.70,236.07,231.08,-960,-864,,,,1013.6,28000,,"4233",-37.1,97,186,1,9,1,3,1,2,,,2
1776565574.000,"89906d","UIA8608 ",25.016052,121.275533,4000,4250,199.5,,,,47.03,,,,,-512,,,,,1012.0,3200,,"2021",-36.7,2833,186,1,9,1,3,1,2,"A3",,2
1776565574.000,"78928a","CRK608  ",24.881836,121.670939,39000,41000,556.2,249,468,0.804,51.79,0.00,-0.35,54.14,49.16,0,0,,245,90,1012.8,39008,,"3565",-37.3,274,186,1,9,1,3,1,3,"A5",,2
1776565579.000,"899038","EVA707  ",25.054092,121.041921,12275,12800,,,,,,,,,,,,,,,,,,,-38.3,56,186,,8,,2,,,,,0
1776565579.000,"71c561","TWB643  ",24.915735,121.184485,38000,39950,395.1,261,480,0.820,229.62,-0.06,0.00,235.02,230.07,0,-32,,232,85,1013.6,38016,,"7150",-33.7,395,186,1,10,1,3,2,2,"A5",,2
1776565579.000,"780dd9","N/A",24.986122,121.275433,28925,30350,396.7,283,444,0.740,229.81,0.00,0.70,236.07,231.08,-896,-864,,,,1013.6,28000,,"4233",-36.1,121,186,1,9,1,3,1,2,,,2
1776565579.000,"89906d","UIA8608 ",25.016052,121.275533,4000,4250,199.5,,,,47.03,,,,,-512,,,,,1012.0,3200,,,-36.7,2833,186,1,9,1,3,1,2,"A3",,2
1776565579.000,"78928a","CRK608  ",24.881836,121.670939,39000,41000,556.2,249,468,0.804,51.79,0.00,-0.35,54.14,49.16,0,0,,245,90,1012.8,39008,,"3565",-37.3,274,186,1,9,1,3,1,3,"A5",,2
1776565584.000,"899038","EVA707  ",25.054092,121.041921,12275,12800,,,,,,,,,,,,,,,,,,,-38.3,56,186,,8,,2,,,,,0
1776565584.000,"71c561","TWB643  ",24.909943,121.177012,38000,39925,395.1,261,480,0.820,229.62,0.00,-0.18,235.02,230.08,0,0,,232,85,1013.6,38016,,"7150",-34.1,447,186,1,10,1,3,2,2,"A5",,2
1776565584.000,"780dd9","N/A",24.968153,121.252165,28700,30125,396.7,284,444,0.732,229.81,0.03,0.35,237.48,232.51,-896,-864,,,,1013.6,28000,,"4233",-36.5,153,186,1,9,1,3,1,2,,,2
1776565584.000,"89906d","UIA8608 ",25.016052,121.275533,4000,4250,199.5,,,,47.03,,,,,-512,,,,,1012.0,3200,,,-36.7,2833,186,1,9,1,3,,,"A3",,2
1776565584.000,"78928a","CRK608  ",24.881836,121.670939,39000,41000,556.2,249,468,0.804,51.79,0.00,-0.35,54.14,49.16,0,0,,245,90,1012.8,39008,,"3565",-37.3,274,186,1,9,1,3,1,3,"A5",,2
1776565589.000,"899038","EVA707  ",25.054092,121.041921,12275,12800,,,,,,,,,,,,,,,,,,,-38.3,56,186,,8,,2,,,,,0
1776565589.000,"71c561","TWB643  ",24.903864,121.169146,38000,39950,395.1,261,480,0.820,229.62,0.00,-0.18,235.02,230.08,0,0,,232,85,1013.6,38016,,"7150",-34.5,495,186,1,10,1,3,2,2,"A5",,2
1776565589.000,"780dd9","CES2561 ",24.963451,121.245998,28650,30075,395.3,283,442,0.732,229.82,-0.03,0.18,237.48,232.51,-896,-864,,,,1013.6,28000,,"4233",-35.5,188,186,1,9,1,3,1,2,"A3",,2
1776565589.000,"89906d","UIA8608 ",25.016052,121.275533,4000,4250,,,,,,,,,,,,,,,,,,,-36.7,2833,186,,,,,,,"A3",,2
1776565589.000,"78928a","CRK608  ",24.881836,121.670939,39000,41000,556.2,249,468,0.804,51.79,0.00,-0.35,54.14,49.16,0,0,,245,90,1012.8,39008,,"3565",-37.3,274,186,1,9,1,3,1,3,"A5",,2
1776565594.002,"71c561","TWB643  ",24.898132,121.161753,38000,39950,395.1,261,480,0.820,229.62,0.00,0.00,235.02,230.08,0,0,,232,87,1013.6,38016,,"7150",-35.3,537,186,1,10,1,3,2,2,"A5",,2
1776565594.002,"780dd9","CES2561 ",24.956236,121.236618,28575,29975,395.3,282,440,0.728,229.82,-0.03,0.18,237.48,232.51,-960,-960,,255,49,1013.6,28000,,"4233",-34.9,241,186,1,9,1,3,1,2,"A3",,2
1776565594.002,"78928a","CRK608  ",24.881836,121.670939,39000,41000,556.2,249,468,0.804,51.79,0.00,-0.35,54.14,49.16,0,0,,245,90,1012.8,39008,,,-37.3,274,186,1,9,1,3,1,3,"A5",,2
1776565599.000,"780aba","N/A",24.894150,121.012115,4900,5150,204.1,,,,48.97,,,,,-1088,,,,,1012.0,3008,,,-35.1,27,186,1,9,2,3,2,2,,,2
1776565599.000,"71c561","TWB643  ",24.891807,121.153651,38000,39950,395.9,261,480,0.820,229.71,0.00,0.00,235.02,230.08,0,0,,232,87,1013.6,38016,,"7150",-36.4,561,186,1,10,1,3,2,2,"A5",,2
1776565599.000,"780dd9","CES2561 ",24.950417,121.229104,28500,29900,395.3,282,438,0.724,229.82,-0.03,0.00,237.66,232.69,-896,-928,,256,47,1013.6,28000,,"4233",-32.5,303,186,1,9,1,3,1,2,"A3",,2
1776565599.000,"78928a","CRK608  ",24.881836,121.670939,39000,41000,556.2,249,468,0.804,51.79,0.00,-0.35,54.14,49.16,0,0,,245,90,1012.8,39008,,,-37.3,274,186,1,9,1,3,1,3,"A5",,2
1776565604.000,"780aba","N/A",24.895857,121.014249,4850,5100,204.1,,204,,48.97,-0.06,-0.35,,,-1088,,,,,1012.0,3008,,,-35.6,48,186,1,9,2,3,2,2,,,2
1776565604.000,"71c561","TWB643  ",24.888245,121.149038,38000,39950,396.6,261,480,0.820,229.60,0.00,0.00,235.02,230.08,0,0,,232,87,1013.6,38016,,"7150",-36.6,581,186,1,10,1,3,2,2,"A5",,2
1776565604.000,"780dd9","CES2561 ",24.944411,121.221227,28400,29800,396.0,283,438,0.724,229.92,0.00,0.35,237.66,232.69,-896,-928,,257,47,1013.6,28000,,"4233",-33.1,377,186,1,9,1,3,1,2,"A3",,2
1776565604.000,"78928a","CRK608  ",24.881836,121.670939,39000,41000,556.2,249,468,0.804,51.79,0.00,-0.35,54.14,49.16,0,0,,245,90,1012.8,39008,,,-37.3,274,186,1,9,1,3,,,"A5",,2
1776565609.000,"780aba","N/A",24.895857,121.014249,4850,5100,204.1,,204,,48.97,-0.06,-0.35,,,-1088,,,,,1012.0,3008,,,-35.6,48,186,1,9,2,3,2,2,,,2
1776565609.000,"71c561","TWB643  ",24.888245,121.149038,38000,39950,396.6,261,480,0.820,229.60,0.00,0.00,235.02,230.08,0,0,,232,87,1013.6,38016,,"7150",-36.8,583,186,1,10,1,3,2,2,"A5",,2
1776565609.000,"780dd9","CES2561 ",24.938644,121.213735,28325,29725,396.8,283,440,0.724,230.01,0.00,0.35,237.66,232.70,-896,-896,,256,47,1013.6,28000,,"4233",-30.5,448,186,1,9,1,3,1,2,"A3",,2
1776565609.000,"78928a","CRK608  ",24.881836,121.670939,39000,41000,556.2,249,,0.804,51.79,,,54.14,49.16,0,0,,,,1012.8,39008,,,-37.3,274,186,1,9,1,3,,,"A5",,2
1776565614.000,"780aba","N/A",24.895857,121.014249,4850,5100,204.1,,204,,48.97,-0.06,-0.35,,,-1088,,,,,1012.0,3008,,,-36.4,51,186,1,9,2,3,2,2,,,2
1776565614.000,"71c561","TWB643  ",24.888245,121.149038,38000,39950,396.6,261,480,0.820,229.60,0.00,0.00,235.02,230.08,0,0,,232,87,1013.6,38016,,"7150",-37.1,584,186,1,10,1,3,2,2,"A5",,2
1776565614.000,"780dd9","CES2561 ",24.933053,121.206406,28250,29650,396.8,284,440,0.724,230.01,0.00,0.00,237.66,232.70,-896,-864,,256,47,1013.6,28000,,"4233",-30.0,517,186,1,9,1,3,1,2,"A3",,2
1776565614.000,"78928a","CRK608  ",24.881836,121.670939,39000,41000,556.2,249,,0.804,51.79,,,54.14,49.16,0,0,,,,1012.8,39008,,,-37.3,274,186,1,9,1,3,,,"A5",,2
1776565619.000,"780aba","N/A",24.904609,121.025339,4600,4850,204.1,,204,,48.97,-0.06,-0.35,,,-1088,,,,,1012.0,3008,,,-37.0,53,186,1,9,2,3,2,2,,,2
1776565619.000,"71c561","TWB643  ",24.888245,121.149038,38000,39950,396.6,261,480,0.820,229.60,0.00,0.00,235.02,230.08,0,0,,232,87,1013.6,38016,,"7150",-37.1,584,186,1,10,1,3,2,2,"A5",,2
1776565619.000,"780dd9","CES2561 ",24.926926,121.198425,28175,29575,396.0,284,440,0.724,229.92,-0.06,-0.18,237.48,232.52,-832,-864,,254,47,1013.6,28000,,"4233",-28.5,575,186,1,9,1,3,1,2,"A3",,2
1776565619.000,"78928a","CRK608  ",24.881836,121.670939,39000,41000,556.2,249,,0.804,51.79,,,54.14,49.16,0,0,,,,1012.8,39008,,,-37.3,274,186,1,9,1,3,,,"A5",,2
1776565624.000,"780aba","N/A",24.904609,121.025339,4600,4850,204.1,,204,,48.97,-0.06,-0.35,,,-1088,,,,,1012.0,3008,,,-37.0,53,186,1,9,2,3,2,2,,,2
1776565624.000,"71c561","TWB643  ",24.888245,121.149038,38000,39950,396.6,261,480,0.820,229.60,0.00,0.00,235.02,230.08,0,0,,232,87,1013.6,38016,,"7150",-37.2,585,186,1,10,1,3,2,2,"A5",,2
1776565624.000,"780dd9","CES2561 ",24.921158,121.190898,28125,29525,396.7,284,440,0.724,229.81,-0.06,0.00,237.48,232.53,-832,-832,,256,48,1013.6,28000,,"4233",-28.6,659,186,1,9,1,3,1,2,"A3",,2
1776565624.000,"78928a","CRK608  ",24.881836,121.670939,39000,41000,556.2,249,,0.804,51.79,,,54.14,49.16,0,0,,,,1012.8,39008,,,-37.3,274,186,1,9,1,3,,,"A5",,2
1776565629.000,"780aba","N/A",24.904609,121.025339,4600,4850,204.1,,204,,48.97,-0.06,-0.35,,,-1088,,,,,1012.0,3008,,,-37.0,53,186,1,9,2,3,2,2,,,2
1776565629.000,"71c561","TWB643  ",24.888245,121.149038,38000,39950,396.6,261,480,0.820,229.60,0.00,0.00,235.02,230.08,0,0,,232,87,1013.6,38016,,"7150",-37.2,585,186,1,10,1,3,2,2,"A5",,2
1776565629.000,"780dd9","CES2561 ",24.915270,121.183293,28050,29450,395.3,284,438,0.724,229.82,-0.03,-0.18,237.48,232.53,-896,-896,,257,47,1013.6,28000,,"4233",-28.4,743,186,1,9,1,3,1,2,"A3",,2
1776565629.000,"78928a","CRK608  ",24.881836,121.670939,39000,41000,556.2,249,,0.804,51.79,,,54.14,49.16,0,0,,,,,,,,-37.3,274,186,,,1,,,,"A5",,2
1776565634.000,"780aba","N/A",24.904609,121.025339,4600,4850,204.1,,204,,48.97,-0.06,-0.35,,,-1088,,,,,1012.0,3008,,,-37.0,53,186,1,9,2,3,2,2,,,2
1776565634.000,"71c561","TWB643  ",24.888245,121.149038,38000,39950,396.6,261,480,0.820,229.60,0.00,0.00,235.02,230.08,0,0,,232,87,1013.6,38016,,"7150",-37.2,585,186,1,10,1,3,2,2,"A5",,2
1776565634.000,"780dd9","CES2561 ",24.909393,121.175741,28000,29375,395.1,284,438,0.724,229.62,-0.03,0.00,237.48,232.53,-256,-416,,257,48,1013.6,28000,,"4233",-29.6,819,186,1,9,1,3,1,2,"A3",,2
1776565639.000,"780aba","N/A",24.918961,121.043396,4225,4475,204.1,,204,,48.97,-0.06,-0.35,,,-1088,,,,,1012.0,3008,,,-36.5,69,186,1,9,2,3,2,2,,,2
1776565639.000,"71c561","TWB643  ",24.888245,121.149038,38000,39950,396.6,261,480,0.820,229.60,0.00,0.00,235.02,230.08,0,0,,232,87,1013.6,38016,,"7150",-37.2,585,186,1,10,1,3,2,2,"A5",,2
1776565639.000,"780dd9","CES2561 ",24.903445,121.168006,28000,29375,393.7,284,438,0.724,229.64,-0.03,0.18,237.48,232.53,64,0,,256,48,1013.6,28000,,"4233",-30.3,889,186,1,9,1,3,1,2,"A3",,2
1776565644.000,"780aba","CPA466  ",24.921524,121.046702,4125,4350,195.0,,204,,49.37,-0.06,-0.35,,,-1088,,,,,1012.0,3008,,,-37.0,81,186,1,9,2,3,2,2,,,2
1776565644.000,"71c561","TWB643  ",24.888245,121.149038,38000,39950,396.6,261,480,0.820,229.60,0.00,0.00,235.02,230.08,0,0,,232,87,1013.6,38016,,"7150",-37.2,585,186,1,10,1,3,2,2,"A5",,2
1776565644.000,"780dd9","CES2561 ",24.897446,121.160278,28000,29375,393.7,284,438,0.724,229.64,-0.03,0.00,237.30,232.36,64,96,,257,49,1013.6,28000,,"4233",-30.5,972,186,1,9,1,3,1,2,"A3",,2
1776565649.000,"780aba","CPA466  ",24.924766,121.050887,4025,4250,195.1,,204,,49.78,-0.06,-0.35,,,-1152,,,,,1012.0,3008,,,-36.8,90,186,1,9,2,3,2,2,,,2
1776565649.000,"71c561","TWB643  ",24.888245,121.149038,38000,39950,396.6,261,480,0.820,229.60,0.00,0.00,235.02,230.08,0,0,,232,87,1013.6,38016,,"7150",-37.2,585,186,1,10,1,3,2,2,"A5",,2
1776565649.000,"780dd9","CES2561 ",24.891632,121.152802,28000,29375,394.4,284,438,0.720,229.52,-0.03,0.00,237.30,232.36,64,32,,255,48,1013.6,28000,,"4233",-30.7,1060,186,1,9,1,3,1,2,"A3",,2
1776565654.000,"780aba","CPA466  ",24.926116,121.052649,4000,4225,195.8,,204,,49.56,-0.06,-0.35,,,-1024,,,,,1012.0,3008,,,-37.2,97,186,1,9,2,3,2,2,,,2
1776565654.000,"780dd9","CES2561 ",24.885590,121.145070,28000,29375,394.4,283,438,0.720,229.52,-0.03,0.18,237.30,232.37,64,32,,256,48,1013.6,28000,,"4233",-32.0,1133,186,1,9,1,3,1,2,"A3",,2
1776565654.000,"71c561","TWB643  ",24.888245,121.149038,38000,39950,396.6,,480,,229.60,0.00,0.00,,,0,,,,,1013.6,38016,,"7150",-37.2,585,186,1,10,1,3,2,2,"A5",,2
1776565659.000,"780aba","CPA466  ",24.930679,121.058451,3875,4100,195.7,,204,,49.14,-0.06,-0.35,,,-1024,,,,,1012.0,3008,,,-36.7,109,186,1,9,2,3,2,2,,,2
1776565659.000,"780dd9","CES2561 ",24.879456,121.137136,28000,29375,394.4,283,438,0.720,229.52,-0.03,0.18,237.30,232.37,64,64,,256,48,1013.6,28000,,"4233",-31.4,1200,186,1,9,1,3,1,2,"A3",,2
1776565659.000,"71c561","TWB643  ",24.888245,121.149038,38000,39950,396.6,,480,,229.60,0.00,0.00,,,0,,,,,1013.6,38016,,"7150",-37.2,585,186,1,10,1,3,2,2,"A5",,2
1776565664.000,"780aba","CPA466  ",24.933332,121.061770,3800,4025,197.1,180,,0.292,49.11,,,52.56,47.61,-1024,-992,,,,1012.0,3008,,,-36.3,123,186,1,9,2,3,2,2,,,2
1776565664.000,"780dd9","CES2561 ",24.873138,121.129049,28000,29375,394.4,284,438,0.720,229.52,-0.03,0.18,237.30,232.37,64,32,,256,48,1013.6,28000,,"4233",-33.0,1253,186,1,9,1,3,1,2,"A3",,2
1776565669.000,"780aba","CPA466  ",24.935427,121.064465,3725,3950,197.1,180,,0.292,49.11,,,52.56,47.61,-1024,-992,,,,1012.0,3008,,"5766",-37.1,138,186,1,9,2,3,2,2,,,2
1776565669.000,"780dd9","CES2561 ",24.868205,121.122713,28000,29375,394.4,283,436,0.720,229.52,-0.03,0.18,237.13,232.20,0,32,,256,46,1013.6,28000,,"4233",-34.0,1333,186,1,9,1,3,1,2,"A3",,2
1776565674.000,"780aba","CPA466  ",24.939384,121.069440,3625,3825,199.2,181,,0.292,48.87,,,53.09,48.13,-1088,-1088,,,,1012.0,3008,,"5766",-36.4,161,186,1,9,2,3,2,2,,,2
1776565674.000,"780dd9","CES2561 ",24.862106,121.114858,28000,29375,394.4,283,438,0.720,229.52,-0.03,0.18,237.13,232.20,0,0,,255,48,1013.6,28000,,"4233",-34.9,1374,186,1,9,1,3,1,2,"A3",,2
1776565679.000,"780aba","CPA466  ",24.941528,121.072133,3550,3750,198.5,182,196,0.292,49.09,0.06,0.18,52.91,47.96,-1024,-1024,,,,1012.0,3008,,"5766",-36.5,193,186,1,9,2,3,2,2,,,2
1776565679.000,"780dd9","CES2561 ",24.857346,121.108754,28000,29375,394.3,283,438,0.720,229.32,-0.44,-8.09,237.13,232.20,0,0,,255,48,1013.6,28000,,"4233",-35.5,1426,186,1,9,1,3,1,2,"A3",,2
1776565684.000,"780aba","CPA466  ",24.945901,121.077628,3450,3650,199.2,181,196,0.292,48.87,0.06,0.18,52.73,47.78,-896,-928,,,,1012.0,3008,,"5766",-36.3,220,186,1,9,2,3,2,2,"A5",,2
1776565684.000,"780dd9","CES2561 ",24.850388,121.100260,28000,29375,395.0,283,438,0.720,227.67,-0.56,-10.90,235.72,230.80,0,32,,247,46,1013.6,28000,,"4233",-34.9,1471,186,1,9,1,3,1,2,"A3",,2
1776565689.000,"780aba","CPA466  ",24.948990,121.081543,3350,3550,197.7,180,196,0.288,48.90,0.06,0.18,52.91,47.95,-960,-992,,,,1012.0,3008,,"5766",-34.7,266,186,1,9,2,3,2,2,"A5",,2
1776565689.000,"780dd9","CES2561 ",24.842468,121.091563,28000,29375,396.0,283,438,0.720,225.00,-0.50,-9.67,231.86,226.93,0,0,,244,44,1013.6,28000,,"4233",-35.9,1515,186,1,9,1,3,1,2,"A3",,2
1776565694.000,"780aba","CPA466  ",24.952057,121.085358,3275,3475,196.3,179,192,0.288,48.92,0.00,-0.18,52.91,47.95,-1024,-1024,,258,7,1012.0,3008,,"5766",-35.9,302,186,1,9,2,3,2,2,"A5",,2
1776565694.000,"780dd9","CES2561 ",24.839813,121.088765,28000,29375,396.7,283,438,0.720,224.08,-0.50,-9.67,231.86,226.93,0,0,,244,44,1013.6,28000,,"4233",-36.2,1525,186,1,9,1,3,1,2,"A3",,2
1776565699.000,"780dd9","CES2561 ",24.839813,121.088765,28000,29375,396.7,283,438,0.720,224.08,-0.50,-9.67,231.86,226.93,0,0,,244,44,1013.6,28000,,"4233",-36.2,1525,186,1,9,1,3,1,2,"A3",,2
1776565699.000,"780aba","CPA466  ",24.954979,121.089080,3200,3375,194.3,179,192,0.288,49.17,0.00,-0.18,52.91,47.95,-1024,-1024,,258,7,1012.0,3008,,"5766",-36.8,332,186,1,9,2,3,2,2,"A5",,2
1776565704.000,"780dd9","CES2561 ",24.839813,121.088765,28000,29375,396.7,283,438,0.720,224.08,-0.50,-9.67,231.86,226.93,0,0,,244,44,1013.6,28000,,"4233",-36.2,1525,186,1,9,1,3,1,2,"A3",,2
1776565704.000,"780aba","CPA466  ",24.956655,121.091205,3150,3325,192.9,174,192,0.280,49.21,0.00,-0.18,53.26,48.30,-960,-960,,258,7,1012.0,3008,,"5766",-37.0,354,186,1,9,2,3,2,2,"A5",,2
1776565709.000,"780dd9","CES2561 ",24.839813,121.088765,28000,29375,396.7,283,438,0.720,224.08,-0.50,-9.67,231.86,226.93,0,0,,244,44,1013.6,28000,,"4233",-36.2,1525,186,1,9,1,3,1,2,"A3",,2
1776565709.000,"780aba","CPA466  ",24.958331,121.093330,3100,3275,192.9,174,192,0.280,49.21,0.00,-0.18,53.26,48.30,-960,-960,,258,7,1012.0,3008,,"5766",-37.4,366,186,1,9,2,3,2,2,"A5",,2
1776565714.000,"780dd9","CES2561 ",24.839813,121.088765,28000,29375,396.7,283,438,0.720,224.08,-0.50,-9.67,231.86,226.93,0,0,,244,44,1013.6,28000,,"4233",-36.2,1525,186,1,9,1,3,1,2,"A3",,2
1776565714.000,"780aba","CPA466  ",24.958331,121.093330,3100,3275,192.9,174,192,0.280,49.21,0.00,-0.18,53.26,48.30,-960,-960,,258,7,1012.0,3008,,"5766",-37.4,367,186,1,9,2,3,2,2,"A5",,2
1776565719.000,"780dd9","CES2561 ",24.839813,121.088765,28000,29375,396.7,283,438,0.720,224.08,-0.50,-9.67,231.86,226.93,0,0,,244,44,1013.6,28000,,"4233",-36.2,1525,186,1,9,1,3,1,2,"A3",,2
1776565719.000,"780aba","CPA466  ",24.958331,121.093330,3100,3275,192.9,174,192,0.280,49.21,0.00,-0.18,53.26,48.30,-960,-960,,258,7,1012.0,3008,,"5766",-37.4,367,186,1,9,2,3,2,2,"A5",,2
1776565724.000,"780dd9","CES2561 ",24.839813,121.088765,28000,29375,396.7,283,438,0.720,224.08,-0.50,-9.67,231.86,226.93,0,0,,244,44,1013.6,28000,,"4233",-36.2,1525,186,1,9,1,3,1,2,"A3",,2
1776565724.000,"780aba","CPA466  ",24.958331,121.093330,3100,3275,192.9,174,192,0.280,49.21,0.00,-0.18,53.26,48.30,-960,-960,,258,7,1012.0,3008,,"5766",-37.4,369,186,1,9,2,3,2,2,"A5",,2
1776565729.000,"780dd9","CES2561 ",24.839813,121.088765,28000,29375,396.7,283,438,0.720,224.08,-0.50,-9.67,231.86,226.93,0,0,,244,44,1013.6,28000,,"4233",-36.2,1525,186,1,9,1,3,1,2,"A3",,2
1776565729.000,"780aba","CPA466  ",24.958331,121.093330,2725,2900,192.9,174,192,0.280,49.21,0.00,-0.18,53.26,48.30,-960,-960,,,,1012.0,3008,,"5766",-38.1,373,186,1,9,2,3,2,2,"A5",,2
1776565734.000,"899121","EVA629  ",25.059023,121.035807,5125,5425,241.7,,,,228.86,,,,,-1408,,,,,,,,"3211",-37.6,66,186,,8,2,2,,,,,0
1776565734.000,"780dd9","CES2561 ",24.839813,121.088765,28000,29375,396.7,283,438,0.720,224.08,-0.50,-9.67,231.86,226.93,0,0,,244,44,1013.6,28000,,"4233",-36.2,1525,186,1,9,1,3,1,2,"A3",,2
1776565734.000,"780aba","CPA466  ",24.974213,121.113383,2650,2825,192.9,174,192,0.280,49.21,0.00,-0.18,53.26,48.30,-960,-960,,,,1012.0,3008,,"5766",-37.8,380,186,1,9,2,3,2,2,"A5",,2
1776565739.000,"899121","EVA629  ",25.059023,121.035807,5125,5425,241.7,,,,228.86,,,,,-1408,,,,,,,,"3211",-37.7,67,186,,8,2,2,,,,,0
1776565739.000,"780dd9","CES2561 ",24.839813,121.088765,28000,29375,396.7,283,438,0.720,224.08,-0.50,-9.67,231.86,226.93,0,0,,244,44,1013.6,28000,,"4233",-36.2,1525,186,1,9,1,3,1,2,"A3",,2
1776565739.000,"780aba","CPA466  ",24.974808,121.114146,2625,2800,192.9,174,192,0.280,49.21,0.00,-0.18,53.26,48.30,-960,-960,,,,1012.0,3008,,"5766",-37.7,382,186,1,9,2,3,2,2,"A5",,2
1776565744.000,"899121","EVA629  ",25.059023,121.035807,5125,5425,243.1,,,,228.84,,,,,-960,,,,,,,,"3211",-37.9,68,186,,8,2,2,,,,,0
1776565744.000,"780dd9","CES2561 ",24.839813,121.088765,28000,29375,396.7,283,438,0.720,224.08,-0.50,-9.67,231.86,226.93,0,0,,244,44,1013.6,28000,,"4233",-36.2,1525,186,1,9,1,3,1,2,"A3",,2
1776565744.000,"780aba","CPA466  ",24.974808,121.114146,2625,2800,192.9,174,192,0.280,49.21,0.00,-0.18,53.26,48.30,-960,-960,,,,1012.0,3008,,"5766",-37.7,382,186,1,9,2,3,2,2,"A5",,2
1776565749.000,"899121","EVA629  ",25.047478,121.021245,4875,5175,242.3,,,,228.68,,,,,-960,,,,,,,,"3211",-37.6,83,186,,8,2,2,,,"A5",,0
1776565749.000,"780dd9","CES2561 ",24.839813,121.088765,28000,29375,396.7,283,438,0.720,224.08,-0.50,-9.67,231.86,226.93,0,0,,,,,,,"4233",-36.2,1525,186,1,9,1,3,1,2,"A3",,2
1776565749.000,"780aba","CPA466  ",24.974808,121.114146,2625,2800,192.9,174,192,0.280,49.21,0.00,-0.18,53.26,48.30,-960,-960,,,,1012.0,3008,,,-37.7,382,186,1,9,2,3,2,2,"A5",,2
1776565754.000,"899121","EVA629  ",25.047478,121.021245,4875,5175,242.3,,,,228.68,,,,,-960,,,,,,,,"3211",-37.7,85,186,,8,2,2,,,"A5",,0
1776565754.000,"780aba","CPA466  ",24.974808,121.114146,2625,2800,192.9,174,,0.280,49.21,,,53.26,48.30,-960,-960,,,,1012.0,3008,,,-37.7,382,186,1,9,2,3,2,2,"A5",,2
1776565759.000,"899121","EVA629  ",25.047478,121.021245,4875,5175,242.3,,,,228.68,,,,,-960,,,,,,,,"3211",-37.9,87,186,,8,2,2,,,"A5",,0
1776565759.000,"780aba","CPA466  ",24.974808,121.114146,2625,2800,192.9,174,,0.280,49.21,,,53.26,48.30,-960,-960,,,,1012.0,3008,,,-37.7,382,186,1,9,2,3,2,2,"A5",,2
1776565764.000,"899121","EVA629  ",25.038574,121.010183,4675,4950,241.6,,,,228.52,,,,,-960,,,,,,,,"3211",-37.6,91,186,,8,2,2,,,"A5",,0
1776565764.000,"780aba","CPA466  ",24.974808,121.114146,2625,2800,,,,,,,,,,,,,,,,,,,-37.7,382,186,1,9,,3,2,2,"A5",,2
1776565769.000,"899121","EVA629  ",25.038574,121.010183,4675,4950,241.6,,,,228.52,,,,,-960,,,,,,,,"3211",-37.6,91,186,,8,2,2,,,"A5",,0
1776565769.000,"780aba","CPA466  ",24.974808,121.114146,2625,2800,,,,,,,,,,,,,,,,,,,-37.7,382,186,1,9,,3,2,2,"A5",,2
1776565774.000,"8832cc","N/A",24.906876,121.005198,4400,4600,195.7,,,,49.14,,,,,,-512,,,,,,,,-34.8,7,186,,8,0,2,,,,,0
1776565774.000,"899121","EVA629  ",25.038574,121.010183,4675,4950,241.6,,,,228.52,,,,,-960,,,,,,,,"3211",-37.6,91,186,,8,2,2,,,"A5",,0
1776565774.000,"780aba","CPA466  ",24.974808,121.114146,2625,2800,,,,,,,,,,,,,,,,,,,-37.7,382,186,1,9,,3,2,2,"A5",,2
1776565779.000,"8832cc","N/A",24.909171,121.008030,4375,4575,195.7,,,,49.14,,,,,,-512,,,,,,,,-35.4,11,186,,8,0,2,,,,,0
1776565779.000,"899121","EVA629  ",25.038574,121.010183,4675,4950,241.6,,,,228.52,,,,,-960,,,,,,,,"3211",-37.6,91,186,,8,2,2,,,"A5",,0
1776565779.000,"780aba","CPA466  ",24.974808,121.114146,2625,2800,,,,,,,,,,,,,,,,,,,-37.7,382,186,1,9,,3,2,2,"A5",,2
1776565784.000,"8832cc","N/A",24.909171,121.008030,4375,4575,195.7,,,,49.14,,,,,,-512,,,,,,,,-35.3,12,186,,8,0,2,,,,,0
1776565784.000,"899121","EVA629  ",25.038574,121.010183,4675,4950,241.6,,,,228.52,,,,,-960,,,,,,,,,-37.6,91,186,,8,2,2,,,"A5",,0
1776565784.000,"780aba","CPA466  ",24.974808,121.114146,2625,2800,,,,,,,,,,,,,,,,,,,-37.7,382,186,,,,,,,"A5",,2
1776565789.000,"8832cc","N/A",24.909171,121.008030,4375,4575,195.7,,,,49.14,,,,,,-512,,,,,,,,-35.3,12,186,,8,0,2,,,,,0
1776565789.000,"899121","EVA629  ",25.038574,121.010183,4675,4950,241.6,,,,228.52,,,,,-960,,,,,,,,,-37.6,91,186,,8,2,2,,,"A5",,0
1776565789.000,"780aba","CPA466  ",24.974808,121.114146,2625,2800,,,,,,,,,,,,,,,,,,,-37.7,382,186,,,,,,,"A5",,2
1776565794.000,"8832cc","N/A",24.909171,121.008030,4375,4575,195.7,,,,49.14,,,,,,-512,,,,,,,,-35.5,13,186,,8,0,2,,,,,0
1776565794.000,"899121","EVA629  ",25.038574,121.010183,4675,4950,241.6,,,,228.52,,,,,-960,,,,,,,,,-37.6,91,186,,8,2,2,,,"A5",,0
1776565794.000,"780aba","CPA466  ",24.974808,121.114146,2625,2800,,,,,,,,,,,,,,,,,,,-37.7,382,186,,,,,,,"A5",,2
1776565799.000,"8832cc","N/A",24.909171,121.008030,4375,4575,195.7,,,,49.14,,,,,,-512,,,,,,,,-35.5,13,186,,8,0,2,,,,,0
1776565799.000,"899121","EVA629  ",25.038574,121.010183,4675,4950,241.6,,,,228.52,,,,,-960,,,,,,,,,-37.6,91,186,,8,2,2,,,"A5",,0
1776565804.000,"8832cc","N/A",24.909171,121.008030,4375,4575,195.7,,,,49.14,,,,,,-512,,,,,,,,-35.5,13,186,,8,0,2,,,,,0
1776565804.000,"899121","EVA629  ",25.038574,121.010183,4675,4950,241.6,,,,228.52,,,,,-960,,,,,,,,,-37.6,91,186,,8,2,2,,,"A5",,0
1776565809.000,"8832cc","N/A",24.909171,121.008030,4375,4575,195.7,,,,49.14,,,,,,-512,,,,,,,,-35.5,13,186,,8,0,2,,,,,0
1776565809.000,"899121","EVA629  ",25.038574,121.010183,4675,4950,241.6,,,,228.52,,,,,-960,,,,,,,,,-37.6,91,186,,8,2,2,,,"A5",,0
1776565814.000,"8832cc","N/A",24.909171,121.008030,4375,4575,195.7,,,,49.14,,,,,,-512,,,,,,,,-35.5,13,186,,8,0,2,,,,,0
1776565814.000,"899121","EVA629  ",25.038574,121.010183,4675,4950,241.6,,,,228.52,,,,,-960,,,,,,,,,-37.6,91,186,,8,2,2,,,"A5",,0
1776565819.000,"8832cc","N/A",24.909171,121.008030,4375,4575,195.7,,,,49.14,,,,,,-512,,,,,,,,-35.5,13,186,,8,0,2,,,,,0
1776565819.000,"899121","EVA629  ",25.038574,121.010183,4675,4950,241.6,,,,228.52,,,,,-960,,,,,,,,,-37.6,91,186,,8,2,2,,,"A5",,0
1776565824.000,"8832cc","N/A",24.909171,121.008030,4375,4575,195.7,,,,49.14,,,,,,-512,,,,,,,,-35.5,13,186,,8,0,2,,,,,0
1776565829.000,"8832cc","N/A",24.909171,121.008030,4375,4575,195.7,,,,49.14,,,,,,-512,,,,,,,,-35.5,13,186,,8,0,2,,,,,0
1776565834.000,"8832cc","N/A",24.909171,121.008030,4375,4575,,,,,,,,,,,,,,,,,,,-35.5,13,186,,8,,2,,,,,0
1776565869.000,"a0687e","N125YU  ",25.043930,121.338196,4050,4250,197.7,,,,13.76,,,,,-1024,,,,,,,,,-37.5,435,186,,,2,,,,"A3",,2
1776565869.000,"789298","HGB880  ",24.825191,121.592068,35000,36750,537.6,,454,,51.72,0.00,0.18,,,0,,,,,1013.6,35008,,"3541",-37.9,55,186,1,8,2,2,,,"A3",,0
1776565874.000,"789298","HGB880  ",24.825191,121.592068,35000,36750,537.6,,454,,51.72,0.00,0.18,,,0,,,,,1013.6,35008,,"3541",-37.9,55,186,1,8,2,2,,,"A3",,0
1776565879.000,"899121","EVA629  ",24.944924,120.984347,4050,4275,200.4,,,,117.33,,,,,0,,,,,1012.0,4000,,,-35.4,107,186,1,10,2,3,2,2,"A5",,2
1776565879.000,"789298","HGB880  ",24.825191,121.592068,35000,36750,537.6,,454,,51.72,0.00,0.18,,,0,,,,,1013.6,35008,,"3541",-37.9,55,186,1,8,2,2,,,"A3",,0
1776565884.000,"899121","EVA629  ",24.943268,120.989227,4050,4275,200.2,,,,107.44,,,,,0,,,,,1012.0,4000,,,-35.7,118,186,1,10,2,3,2,2,"A5",,2
1776565884.000,"789298","HGB880  ",24.825191,121.592068,35000,36750,537.6,,454,,51.72,0.00,0.18,,,0,,,,,,,,"3541",-37.9,55,186,,8,2,2,,,"A3",,0
1776565889.000,"899121","EVA629  ",24.942642,120.993209,4050,4275,199.8,,,,95.17,,,,,0,,,,,1012.0,4000,,,-36.8,123,186,1,10,2,3,2,2,"A5",,2
1776565889.000,"789298","HGB880  ",24.825191,121.592068,35000,36750,,,454,,,0.00,0.18,,,,,,,,,,,,-37.9,55,186,,8,,2,,,"A3",,0
1776565894.000,"899121","EVA629  ",24.942642,120.993209,4050,4275,199.8,,,,95.17,,,,,0,,,,,1012.0,4000,,,-37.0,131,186,1,10,2,3,2,2,"A5",,2
1776565899.000,"899121","EVA629  ",24.942642,120.993209,4050,4275,199.8,,,,95.17,,,,,0,,,,,1012.0,4000,,,-36.7,135,186,1,10,2,3,2,2,"A5",,2
1776565904.000,"899121","EVA629  ",24.942642,120.993209,4050,4275,199.8,,,,95.17,,,,,0,,,,,1012.0,4000,,,-37.5,141,186,1,10,2,3,2,2,"A5",,2
1776565909.000,"899121","EVA629  ",24.942993,121.012166,4050,4275,199.4,,,,86.26,,,,,0,,,,,1012.0,4000,,"3211",-37.4,150,186,1,10,2,3,2,2,"A5",,2
1776565914.000,"899121","EVA629  ",24.942993,121.012166,4050,4275,199.4,,,,86.26,,,,,0,,,,,1012.0,4000,,"3211",-37.4,150,186,1,10,2,3,2,2,"A5",,2
1776565919.000,"899121","EVA629  ",24.942993,121.012166,4050,4275,199.4,,,,86.26,,,,,0,,,,,1012.0,4000,,"3211",-37.4,150,186,1,10,2,3,2,2,"A5",,2
1776565924.000,"899121","EVA629  ",24.942993,121.012166,4050,4275,199.4,,,,86.26,,,,,0,,,,,1012.0,4000,,"3211",-37.4,150,186,1,10,2,3,2,2,"A5",,2
1776565929.000,"899121","EVA629  ",24.942993,121.012166,3900,4125,199.4,,,,86.26,,,,,0,,,,,1012.0,4000,,"3211",-37.6,154,186,1,10,2,3,2,2,"A5",,2
1776565934.000,"899121","EVA629  ",24.944595,121.040293,3800,4025,197.4,,,,86.22,,,,,-1088,,,,,1012.0,4000,,"3211",-37.6,168,186,1,10,2,3,2,2,"A5",,2
1776565939.000,"899121","EVA629  ",24.945374,121.046244,3700,3950,197.2,,,,83.60,,,,,-1152,,,,,1012.0,2496,,"3211",-36.4,184,186,1,10,2,3,2,2,"A5",,2
1776565944.000,"899121","EVA629  ",24.946609,121.050975,3625,3850,197.0,179,194,0.288,72.58,,-17.58,79.63,74.68,-896,-1120,,,,1012.0,2496,,"3211",-36.1,214,186,1,10,2,3,2,2,"A5",,2
1776565949.000,"899121","EVA629  ",24.948212,121.055756,3525,3750,196.1,179,194,0.288,68.14,,-17.58,79.63,74.68,-1024,-1120,,,,1012.0,2496,,"3211",-36.5,237,186,1,10,2,3,2,2,"A5",,2
1776565954.000,"899121","EVA629  ",24.950277,121.060319,3450,3675,195.6,178,192,0.288,65.53,,-15.47,63.46,58.50,-1088,-1056,,,,1012.0,2496,,"3211",-35.4,282,186,1,10,2,3,2,2,"A5",,2
1776565954.000,"789299","HGB320  ",24.807999,121.568502,37000,38850,546.8,255,464,0.788,51.68,0.00,-0.18,55.55,50.58,0,0,,238,83,1013.6,36992,,"3536",-35.6,63,186,1,10,2,3,2,2,,,2
1776565959.000,"899121","EVA629  ",24.952835,121.064453,3350,3550,195.8,178,192,0.288,53.31,,-15.47,58.54,53.58,-1024,-1024,,,,1012.0,2496,,"3211",-35.6,324,186,1,10,2,3,2,2,"A5",,2
1776565959.000,"789299","HGB320  ",24.811295,121.573079,37000,38850,547.6,255,464,0.788,51.75,0.00,-0.18,55.55,50.58,0,0,,238,83,1013.6,36992,,"3536",-37.3,84,186,1,10,2,3,2,2,,,2
1776565964.000,"899121","EVA629  ",24.955124,121.067454,3300,3525,195.8,178,190,0.284,49.56,,-11.78,52.21,47.25,-1024,-960,,293,13,1012.0,2496,,"3211",-36.4,356,186,1,10,2,3,2,2,"A5",,2
1776565964.000,"789299","HGB320  ",24.821467,121.587300,37000,38850,547.6,256,464,0.788,51.75,0.00,-0.35,55.37,50.40,0,0,,238,83,1013.6,36992,,"3536",-36.5,123,186,1,10,2,3,2,2,,,2
1776565970.000,"899121","EVA629  ",24.955124,121.067454,3300,3525,195.8,178,190,0.284,49.56,,-11.78,52.21,47.25,-1024,-960,,293,13,1012.0,2496,,"3211",-36.6,357,186,1,10,2,3,2,2,"A5",,2
1776565970.000,"789299","HGB320  ",24.821467,121.587300,37000,38850,548.2,256,464,0.788,51.67,0.00,-0.35,55.37,50.40,-64,0,,238,83,1013.6,36992,,"3536",-37.4,150,186,1,10,2,3,2,2,,,2
1776565975.000,"899121","EVA629  ",24.955124,121.067454,3300,3525,195.8,178,190,0.284,49.56,,-11.78,52.21,47.25,-1024,-960,,293,13,1012.0,2496,,"3211",-36.6,357,186,1,10,2,3,2,2,"A5",,2
1776565975.000,"789299","HGB320  ",24.821467,121.587300,37000,38850,548.2,256,464,0.788,51.67,0.00,-0.35,55.37,50.40,-64,0,,238,83,1013.6,36992,,"3536",-37.9,155,186,1,10,2,3,2,2,,,2
1776565980.000,"899121","EVA629  ",24.955124,121.067454,3300,3525,195.8,178,190,0.284,49.56,,-11.78,52.21,47.25,-1024,-960,,293,13,1012.0,2496,,"3211",-36.6,357,186,1,10,2,3,2,2,"A5",,2
1776565980.000,"789299","HGB320  ",24.843533,121.617823,37000,38850,548.2,256,464,0.788,51.67,0.00,-0.35,55.37,50.40,-64,0,,238,83,1013.6,36992,,"3536",-37.7,160,186,1,10,2,3,2,2,,,2
1776565985.000,"899121","EVA629  ",24.955124,121.067454,3300,3525,195.8,178,190,0.284,49.56,,-11.78,52.21,47.25,-1024,-960,,293,13,1012.0,2496,,"3211",-36.6,357,186,1,10,2,3,2,2,"A5",,2
1776565985.000,"789299","HGB320  ",24.843533,121.617823,37000,38850,548.2,256,464,0.788,51.67,0.00,-0.35,55.37,50.40,-64,0,,238,83,1013.6,36992,,"3536",-37.7,160,186,1,10,2,3,2,2,,,2
1776565990.000,"899121","EVA629  ",24.955124,121.067454,3300,3525,195.8,178,190,0.284,49.56,,-11.78,52.21,47.25,-1024,-960,,293,13,1012.0,2496,,"3211",-36.6,357,186,1,10,2,3,2,2,"A5",,2
1776565990.000,"789299","HGB320  ",24.843533,121.617823,37000,38850,548.2,256,464,0.788,51.67,0.00,-0.35,55.37,50.40,-64,0,,238,83,1013.6,36992,,"3536",-37.7,160,186,1,10,2,3,2,2,,,2
1776565995.000,"899121","EVA629  ",24.955124,121.067454,3300,3525,195.8,178,190,0.284,49.56,,-11.78,52.21,47.25,-1024,-960,,293,13,1012.0,2496,,"3211",-36.6,357,186,1,10,2,3,2,2,"A5",,2
1776565995.000,"789299","HGB320  ",24.843533,121.617823,37000,38850,548.2,256,464,0.788,51.67,0.00,-0.35,55.37,50.40,-64,0,,238,83,1013.6,36992,,"3536",-37.7,160,186,1,10,2,3,2,2,,,2
1776566000.000,"899121","EVA629  ",24.955124,121.067454,3300,3525,195.8,178,190,0.284,49.56,,-11.78,52.21,47.25,-1024,-960,,293,13,1012.0,2496,,"3211",-36.6,357,186,1,10,2,3,2,2,"A5",,2
1776566000.000,"78929f","CRK628  ",24.836038,121.241749,35000,36725,535.0,,,,36.87,,,,,-64,,,,,1013.6,35008,,"3572",-33.9,68,186,1,8,1,2,,,"A3",,0
1776566000.000,"789299","HGB320  ",24.843533,121.617823,37000,38850,548.2,256,464,0.788,51.67,0.00,-0.35,55.37,50.40,-64,0,,238,83,1013.6,36992,,"3536",-37.7,160,186,1,10,2,3,2,2,,,2
1776566005.000,"899121","EVA629  ",24.955124,121.067454,3300,3525,195.8,178,190,0.284,49.56,,-11.78,52.21,47.25,-1024,-960,,293,13,1012.0,2496,,"3211",-36.6,357,186,1,10,2,3,2,2,"A5",,2
1776566005.000,"78929f","CRK628  ",24.845767,121.249729,35000,36700,535.0,,,,36.87,,,,,0,,,,,1013.6,35008,,"3572",-31.5,114,186,1,9,1,3,1,2,"A3",,2
1776566005.000,"789299","HGB320  ",24.843533,121.617823,37000,38850,548.2,256,464,0.788,51.67,0.00,-0.35,55.37,50.40,-64,0,,238,83,1013.6,36992,,"3536",-37.7,160,186,1,10,2,3,2,2,,,2
1776566010.000,"899121","EVA629  ",24.955124,121.067454,3300,3525,195.8,178,190,0.284,49.56,,-11.78,52.21,47.25,-1024,-960,,293,13,1012.0,2496,,"3211",-36.6,357,186,1,10,2,3,2,2,"A5",,2
1776566010.000,"78929f","CRK628  ",24.856018,121.258138,35000,36700,535.0,263,462,0.776,36.87,0.00,-0.18,35.68,30.74,-64,-32,,249,92,1013.6,35008,,"3572",-32.3,194,186,1,9,1,3,1,2,"A3",,2
1776566010.000,"789299","HGB320  ",24.843533,121.617823,37000,38850,548.2,256,464,0.788,51.67,0.00,-0.35,55.37,50.40,-64,0,,238,83,1013.6,36992,,"3536",-37.7,160,186,1,10,2,3,2,2,,,2
1776566015.000,"899121","EVA629  ",24.955124,121.067454,3300,3525,195.8,178,190,0.284,49.56,,-11.78,52.21,47.25,-1024,-960,,293,13,1012.0,2496,,,-36.6,357,186,1,10,2,3,,,"A5",,2
1776566015.000,"78929f","CRK628  ",24.865645,121.266053,35000,36700,535.0,263,462,0.776,36.87,-0.03,0.00,35.86,30.92,0,0,,249,89,1013.6,35008,,"3572",-32.7,235,186,1,9,1,3,1,2,"A3",,2
1776566015.000,"789299","HGB320  ",24.843533,121.617823,37000,38850,548.2,256,464,0.788,51.67,0.00,-0.35,55.37,50.40,-64,0,,,,1013.6,36992,,"3536",-37.7,160,186,1,10,2,3,,,,,2
1776566020.000,"899121","EVA629  ",24.955124,121.067454,3300,3525,195.8,178,190,0.284,49.56,,-11.78,52.21,47.25,-1024,-960,,293,13,1012.0,2496,,,-36.6,357,186,1,10,2,3,,,"A5",,2
1776566020.000,"78929f","CRK628  ",24.875656,121.274261,35000,36700,535.0,263,460,0.776,36.87,-0.03,-0.35,35.86,30.92,-64,0,,249,89,1013.6,35008,,"3572",-33.5,284,186,1,9,1,3,1,2,"A3",,2
1776566020.000,"789299","HGB320  ",24.843533,121.617823,37000,38850,548.2,256,464,0.788,51.67,0.00,-0.35,55.37,50.40,-64,0,,,,1013.6,36992,,"3536",-37.7,160,186,1,10,2,3,,,,,2
1776566025.000,"78927e","HKE674  ",24.840271,121.245117,37050,38975,545.2,,466,,36.72,0.00,-0.18,,,0,,,,,1012.8,36992,,"3567",-36.5,48,186,1,9,1,3,1,3,"A3",,2
1776566025.000,"78929f","CRK628  ",24.885956,121.282756,35000,36700,535.6,263,462,0.776,36.96,-0.03,-0.18,35.86,30.91,0,0,,250,90,1013.6,35008,,"3572",-31.1,347,186,1,9,1,3,1,2,"A3",,2
1776566025.000,"789299","HGB320  ",24.843533,121.617823,37000,38850,548.2,,,,51.67,,,,,-64,,,,,1013.6,36992,,"3536",-37.7,160,186,1,10,2,3,,,,,2
1776566030.000,"78927e","HKE674  ",24.854462,121.256714,37050,38975,545.2,257,466,0.792,36.72,0.00,0.00,37.27,32.33,0,-32,,241,88,1012.8,36992,,"3567",-36.4,85,186,1,9,1,3,1,3,"A3",,2
1776566030.000,"78929f","CRK628  ",24.896118,121.291097,35000,36700,535.6,263,460,0.776,36.96,-0.03,-0.35,35.86,30.91,0,-32,,249,92,1013.6,35008,,"3572",-31.9,431,186,1,9,1,3,1,2,"A3",,2
1776566030.000,"789299","HGB320  ",24.843533,121.617823,37000,38850,548.2,,,,51.67,,,,,-64,,,,,,,,,-37.7,160,186,,,2,,,,,,2
1776566035.000,"78927e","HKE674  ",24.862381,121.263173,37050,38975,545.2,257,466,0.792,36.72,0.03,0.35,37.27,32.33,0,-32,,241,88,1012.8,36992,,"3567",-31.8,128,186,1,9,1,3,1,3,"A3",,2
1776566035.000,"78929f","CRK628  ",24.905640,121.298930,35000,36700,535.8,263,462,0.776,36.81,-0.06,-0.70,35.86,30.91,0,-32,,249,90,1013.6,35008,,"3572",-30.7,491,186,1,9,1,3,1,2,"A3",,2
1776566035.000,"789299","HGB320  ",24.843533,121.617823,37000,38850,548.2,,,,51.67,,,,,-64,,,,,,,,,-37.7,160,186,,,2,,,,,,2
1776566040.000,"78927e","HKE674  ",24.874741,121.273244,37050,38975,545.2,257,466,0.792,36.72,-0.03,0.35,37.27,32.32,0,0,,241,88,1012.8,36992,,"3567",-32.3,197,186,1,9,1,3,1,3,"A3",,2
1776566040.000,"78929f","CRK628  ",24.913605,121.305491,35000,36700,535.8,263,462,0.776,36.81,-0.03,-0.53,35.86,30.91,0,-32,,249,90,1013.6,35008,,"3572",-34.5,554,186,1,9,1,3,1,2,"A3",,2
1776566045.000,"78927e","HKE674  ",24.884778,121.281445,37050,38975,545.2,257,466,0.792,36.72,0.00,0.18,37.44,32.49,0,0,,240,88,1012.8,36992,,"3567",-32.9,255,186,1,9,1,3,1,3,"A3",,2
1776566045.000,"78929f","CRK628  ",24.925735,121.315409,35000,36700,535.8,263,462,0.776,36.81,-0.03,-0.53,35.86,30.91,0,-32,,249,90,1013.6,35008,,"3572",-32.4,599,186,1,9,1,3,1,2,"A3",,2
1776566050.000,"78927e","HKE674  ",24.895020,121.289825,37050,38950,545.2,256,466,0.792,36.72,0.00,0.18,37.27,32.31,0,0,,241,88,1012.8,36992,,"3567",-33.2,327,186,1,9,1,3,1,3,"A3",,2
1776566050.000,"78929f","CRK628  ",24.934891,121.322937,34975,36675,536.6,263,462,0.776,36.74,-0.03,-0.53,35.86,30.91,0,-32,,249,90,1013.6,35008,,"3572",-32.7,663,186,1,9,1,3,1,2,"A3",,2
1776566055.000,"78927e","HKE674  ",24.905365,121.298269,37050,38975,545.2,257,466,0.792,36.72,-0.03,0.18,37.44,32.49,0,0,,240,88,1012.8,36992,,"3567",-31.9,394,186,1,9,1,3,1,3,"A3",,2
1776566055.000,"78929f","CRK628  ",24.944870,121.331075,34975,36675,536.6,263,462,0.776,36.74,-0.03,-0.53,35.86,30.91,0,-32,,249,90,1013.6,35008,,"3572",-35.8,709,186,1,9,1,3,1,2,"A3",,2
1776566060.000,"8990b3","N/A",24.953024,121.060578,2650,2825,192.8,,,,84.64,,,,,-384,,,,,1012.0,2000,,,-36.9,42,186,1,9,1,3,1,2,,,2
1776566060.000,"78927e","HKE674  ",24.915363,121.306475,37050,38950,545.2,257,466,0.792,36.72,0.00,0.53,37.44,32.48,0,0,,240,88,1012.8,36992,,"3567",-34.6,460,186,1,9,1,3,1,3,"A3",,2
1776566060.000,"78929f","CRK628  ",24.953117,121.337827,34975,36675,536.6,263,462,0.776,36.74,-0.03,-0.18,35.86,30.89,0,0,,249,90,1013.6,35008,,"3572",-36.5,731,186,1,9,1,3,1,2,"A3",,2
1776566065.000,"8990b3","EVA113  ",24.953862,121.065708,2600,2775,191.8,,,,78.57,,,,,-512,,,,,1012.0,2016,,,-36.9,59,186,1,9,1,3,1,2,,,2
1776566065.000,"78927e","HKE674  ",24.925003,121.314341,37050,38975,545.8,257,466,0.792,36.81,0.03,0.35,37.44,32.48,0,0,,240,88,1012.8,36992,,"3567",-34.0,523,186,1,9,1,3,1,3,"A3",,2
1776566065.000,"78929f","CRK628  ",24.962893,121.345860,34975,36675,536.6,263,462,0.776,36.74,0.06,0.00,35.86,30.88,0,0,,249,90,1013.6,35008,,"3572",-35.1,752,186,1,9,1,3,1,2,"A3",,2
1776566070.000,"8990b3","EVA113  ",24.954941,121.070506,2550,2725,189.9,,,,75.67,,,,,-640,,,,,1012.0,2016,,,-36.3,81,186,1,9,1,3,1,2,,,2
1776566070.000,"78927e","HKE674  ",24.934708,121.322327,37050,38950,545.0,257,466,0.792,36.87,0.06,0.18,37.62,32.65,0,0,,241,88,1012.8,36992,,"3567",-35.4,579,186,1,9,1,3,1,3,"A3",,2
1776566070.000,"78929f","CRK628  ",24.972565,121.353760,34975,36675,535.8,263,462,0.776,36.81,0.06,0.00,35.86,30.88,0,0,,249,90,1013.6,35008,,"3572",-36.2,777,186,1,9,1,3,1,2,"A3",,2
1776566075.000,"8990b3","EVA113  ",24.956177,121.075439,2500,2675,190.4,,,,75.09,,,,,-640,,,,,1012.0,2016,,,-36.8,99,186,1,9,1,3,1,2,,,2
1776566075.000,"78927e","HKE674  ",24.941162,121.327667,37050,38950,545.6,257,466,0.792,36.95,0.00,0.18,37.62,32.65,0,0,,241,88,1012.8,36992,,"3567",-35.7,608,186,1,9,1,3,1,3,"A3",,2
1776566075.000,"78929f","CRK628  ",24.978627,121.358763,34975,36675,535.8,263,462,0.776,36.81,0.06,0.00,35.86,30.88,0,0,,249,90,1013.6,35008,,"3572",-37.1,783,186,1,9,1,3,1,2,"A3",,2
1776566080.000,"8990b3","EVA113  ",24.957260,121.079856,2450,2625,188.7,,,,74.64,,,,,-576,,,,,1012.0,2016,,,-36.6,116,186,1,9,1,3,1,2,"A3",,2
1776566080.000,"78927e","HKE674  ",24.941162,121.327667,37050,38950,545.6,257,466,0.792,36.95,0.00,0.18,37.62,32.65,0,0,,241,88,1012.8,36992,,"3567",-36.0,609,186,1,9,1,3,1,3,"A3",,2
1776566080.000,"78929f","CRK628  ",24.978627,121.358763,34975,36675,535.8,263,462,0.776,36.81,0.06,0.00,35.86,30.88,0,0,,249,90,1013.6,35008,,"3572",-37.1,783,186,1,9,1,3,1,2,"A3",,2
1776566085.000,"8990b3","EVA113  ",24.958610,121.085194,2400,2575,185.9,,,,74.39,,,,,-576,,,,,1012.0,2016,,,-35.9,138,186,1,9,1,3,1,2,"A3",,2
1776566085.000,"78927e","HKE674  ",24.964941,121.347259,37050,38950,545.0,257,466,0.792,36.87,0.00,0.18,37.62,32.65,0,0,,241,88,1012.8,36992,,"3567",-35.8,630,186,1,9,1,3,1,3,"A3",,2
1776566085.000,"78929f","CRK628  ",25.002695,121.378560,35000,36700,536.4,263,462,0.776,36.89,0.06,0.00,35.86,30.88,0,0,,249,90,1013.6,35008,,"3572",-36.5,794,186,1,9,1,3,1,2,"A3",,2
1776566090.000,"8990b3","EVA113  ",24.959930,121.089681,2350,2525,186.3,182,190,0.288,71.86,-1.38,-12.30,76.46,71.50,-640,-640,,22,6,1012.0,2016,,"3231",-35.0,209,186,1,9,1,3,1,2,"A3",,2
1776566090.000,"78927e","HKE674  ",24.975229,121.355758,37025,38925,545.0,257,466,0.792,36.87,-0.03,-0.18,37.62,32.65,0,0,,241,88,1012.8,36992,,"3567",-36.1,656,186,1,9,1,3,1,3,"A3",,2
1776566090.000,"78929f","CRK628  ",25.012344,121.386464,35000,36700,536.4,263,462,0.776,36.89,0.06,0.00,35.86,30.88,0,0,,249,90,1013.6,35008,,"3572",-35.4,817,186,1,9,1,3,1,2,"A3",,2
1776566095.000,"8990b3","EVA113  ",24.961356,121.093433,2300,2475,185.6,182,190,0.284,64.82,-1.38,-12.30,68.91,63.94,-576,-576,,22,6,1012.0,2016,,"3231",-35.6,256,186,1,9,1,3,1,2,"A3",,2
1776566095.000,"78927e","HKE674  ",24.975229,121.355758,37025,38925,545.0,257,466,0.792,36.87,-0.03,-0.18,37.62,32.65,0,0,,241,88,1012.8,36992,,"3567",-36.9,661,186,1,9,1,3,1,3,"A3",,2
1776566095.000,"78929f","CRK628  ",25.012344,121.386464,35000,36700,536.4,263,462,0.776,36.89,0.06,0.00,35.86,30.88,0,0,,,,1013.6,35008,,"3572",-36.4,834,186,1,9,1,3,1,2,"A3",,2
1776566100.000,"8990b3","EVA113  ",24.963821,121.098175,2250,2425,184.0,182,188,0.284,58.56,-1.12,-12.13,68.91,63.94,-576,-576,,22,6,1012.0,2016,,"3231",-35.1,332,186,1,9,1,3,1,2,"A3",,2
1776566100.000,"78927e","HKE674  ",24.975229,121.355758,37025,38925,545.0,257,466,0.792,36.87,-0.03,-0.18,37.62,32.65,0,0,,241,88,1012.8,36992,,"3567",-37.5,663,186,1,9,1,3,1,3,"A3",,2
1776566100.000,"78929f","CRK628  ",25.012344,121.386464,35000,36700,536.4,263,462,0.776,36.89,0.06,0.00,35.86,30.88,0,0,,,,1013.6,35008,,"3572",-36.4,834,186,1,9,1,3,1,2,"A3",,2
1776566105.000,"8990b3","EVA113  ",24.966339,121.102142,2200,2375,183.9,177,188,0.280,55.19,-0.75,-6.33,59.24,54.27,-640,-608,,22,6,1012.0,2016,,"3231",-35.6,381,186,1,9,1,3,1,2,"A3",,2
1776566105.000,"78927e","HKE674  ",25.005581,121.380684,37025,38925,545.0,257,466,0.792,36.87,-0.03,-0.18,37.62,32.65,0,0,,241,88,1012.8,36992,,"3567",-38.1,667,186,1,9,1,3,1,3,"A3",,2
1776566105.000,"78929f","CRK628  ",25.012344,121.386464,35000,36700,536.4,263,462,0.776,36.89,0.06,0.00,35.86,30.88,0,0,,,,1013.6,35008,,"3572",-36.5,835,186,1,9,1,3,1,2,"A3",,2
1776566110.000,"8990b3","EVA113  ",24.968758,121.105715,2150,2325,182.8,176,188,0.276,53.00,-0.75,-6.33,57.83,52.86,-640,-640,,22,6,1012.0,2016,,"3231",-35.7,433,186,1,9,1,3,1,2,"A3",,2
1776566110.000,"78927e","HKE674  ",25.005581,121.380684,37025,38925,545.0,257,466,0.792,36.87,-0.03,-0.18,37.62,32.65,0,0,,241,88,1012.8,36992,,"3567",-38.1,667,186,1,9,1,3,1,3,"A3",,2
1776566110.000,"78929f","CRK628  ",25.012344,121.386464,35000,36700,536.4,263,462,0.776,36.89,0.06,0.00,35.86,30.88,0,0,,,,1013.6,35008,,"3572",-37.4,839,186,1,9,1,3,1,2,"A3",,2
1776566115.000,"8990b3","EVA113  ",24.971412,121.109446,2100,2250,182.3,178,186,0.280,51.68,-0.16,-1.05,56.95,51.99,-512,-576,,59,3,1012.0,2016,,"3231",-33.4,491,186,1,9,1,3,1,2,"A3",,2
1776566115.000,"78927e","HKE674  ",25.005581,121.380684,37025,38925,545.0,257,466,0.792,36.87,-0.03,-0.18,37.62,32.65,0,0,,241,88,1012.8,36992,,"3567",-38.1,667,186,1,9,1,3,1,3,"A3",,2
1776566115.000,"78929f","CRK628  ",25.012344,121.386464,35000,36700,536.4,263,462,0.776,36.89,0.06,0.00,35.86,30.88,0,0,,,,1013.6,35008,,"3572",-37.4,839,186,1,9,1,3,1,2,"A3",,2
1776566120.000,"8990b3","EVA113  ",24.973879,121.112815,2075,2225,182.1,178,188,0.280,51.24,-0.16,-1.76,56.95,51.99,-192,-576,,59,3,1012.0,2016,,"3231",-36.2,546,186,1,9,1,3,1,2,"A3",,2
1776566120.000,"71c034","N/A",25.142075,121.132100,7075,7475,251.6,230,,0.396,229.03,,,235.37,230.36,-1088,-1088,,,,,,,,-36.9,29,186,,8,1,2,,,,,0
1776566120.000,"78927e","HKE674  ",25.005581,121.380684,37025,38925,545.0,257,466,0.792,36.87,-0.03,-0.18,37.62,32.65,0,0,,241,88,1012.8,36992,,"3567",-38.1,667,186,1,9,1,3,1,3,"A3",,2
1776566120.000,"78929f","CRK628  ",25.012344,121.386464,35000,36675,536.4,263,462,0.776,36.89,0.06,0.00,35.86,30.88,0,0,,,,1013.6,35008,,"3572",-37.7,840,186,1,9,1,3,1,2,"A3",,2
1776566125.000,"8990b3","EVA113  ",24.976227,121.115926,2050,2200,180.4,178,188,0.280,50.40,-0.16,-1.76,56.95,51.99,-192,-576,,59,3,1012.0,2016,,"3231",-36.9,565,186,1,9,1,3,1,2,"A3",,2
1776566125.000,"71c034","N/A",25.138229,121.127268,6975,7375,253.1,230,,0.396,229.01,,,235.37,230.36,-1088,-1088,,,,1012.0,4000,,,-36.2,44,186,1,8,1,3,,,,,0
1776566125.000,"78927e","HKE674  ",25.005581,121.380684,37025,38925,545.0,257,466,0.792,36.87,-0.03,-0.18,37.62,32.65,0,0,,241,88,1012.8,36992,,"3567",-38.1,668,186,1,9,1,3,1,3,"A3",,2
1776566125.000,"78929f","CRK628  ",25.012344,121.386464,35000,36675,536.4,,,,36.89,,,,,0,,,,,1013.6,35008,,"3572",-38.0,842,186,1,9,1,3,1,2,"A3",,2
1776566130.000,"8990b3","EVA113  ",24.977280,121.117299,2050,2200,180.3,178,188,0.280,49.95,-0.16,-1.76,56.95,51.99,-64,-576,,59,3,1012.0,2016,,"3231",-36.4,586,186,1,9,1,3,1,2,"A3",,2
1776566130.000,"71c034","N/A",25.136020,121.124475,6925,7325,253.1,230,,0.396,229.01,,,235.37,230.36,-1088,-1088,,,,1012.0,4000,,,-37.5,56,186,1,8,1,2,,,,,0
1776566130.000,"78927e","HKE674  ",25.005581,121.380684,37025,38925,545.0,257,466,0.792,36.87,-0.03,-0.18,37.62,32.65,0,0,,,,1012.8,36992,,"3567",-38.1,668,186,1,9,1,3,1,3,"A3",,2
1776566130.000,"78929f","CRK628  ",25.012344,121.386464,35000,36675,536.4,,,,36.89,,,,,0,,,,,1013.6,35008,,"3572",-38.0,842,186,1,9,1,3,,,"A3",,2
1776566135.000,"8990b3","EVA113  ",24.977280,121.117299,2050,2200,180.2,178,188,0.280,49.50,-0.16,-1.76,56.95,51.99,-64,-576,,59,3,1012.0,2016,,"3231",-37.1,592,186,1,9,1,3,1,2,"A3",,2
1776566135.000,"71c034","N/A",25.132901,121.120485,6850,7250,253.1,230,,0.396,229.01,,,235.37,230.36,-1088,-1088,,,,1012.0,4000,,,-37.5,60,186,1,8,1,2,,,,,0
1776566135.000,"71c399","AAR721  ",24.969876,121.254342,34025,35700,380.3,,464,,229.69,-0.06,-0.18,,,0,,,,,1013.6,34016,,"7101",-36.9,55,186,1,8,2,2,,,"A3",,0
1776566135.000,"78927e","HKE674  ",25.005581,121.380684,37025,38925,545.0,,466,,36.87,-0.03,-0.18,,,0,,,,,1012.8,36992,,"3567",-38.1,668,186,1,9,1,3,,,"A3",,2
1776566135.000,"78929f","CRK628  ",25.012344,121.386464,35000,36675,536.4,,,,36.89,,,,,0,,,,,1013.6,35008,,"3572",-38.4,845,186,1,9,1,3,,,"A3",,2
1776566140.000,"8990b3","EVA113  ",24.977280,121.117299,2050,2200,180.2,178,188,0.280,49.50,-0.16,-1.76,56.95,51.99,-64,-576,,59,3,1012.0,2016,,"3231",-37.4,594,186,1,9,1,3,1,2,"A3",,2
1776566140.000,"71c034","N/A",25.132901,121.120485,6850,7250,253.1,230,,0.396,229.01,,,235.37,230.36,-1088,-1088,,,,1012.0,4000,,,-37.5,61,186,1,8,1,2,,,,,0
1776566140.000,"71c399","AAR721  ",24.961450,121.243459,34000,35675,380.3,,464,,229.69,-0.03,0.00,,,-64,,,,,1013.6,34016,,"7101",-36.9,68,186,1,8,2,2,,,"A3",,0
1776566140.000,"78927e","HKE674  ",25.005581,121.380684,37025,38925,545.0,,466,,36.87,-0.03,-0.18,,,0,,,,,1012.8,36992,,"3567",-38.1,668,186,1,9,1,3,,,"A3",,2
1776566140.000,"78929f","CRK628  ",25.012344,121.386464,35000,36675,536.4,,,,36.89,,,,,0,,,,,1013.6,35008,,"3572",-38.4,845,186,1,9,1,3,,,"A3",,2
1776566145.000,"8990b3","EVA113  ",24.977280,121.117299,2050,2200,180.2,178,188,0.280,49.50,-0.16,-1.76,56.95,51.99,-64,-576,,59,3,1012.0,2016,,"3231",-37.4,594,186,1,9,1,3,1,2,"A3",,2
1776566145.000,"71c034","N/A",25.132901,121.120485,6850,7225,253.0,230,,0.396,228.69,,,235.37,230.36,-960,-1088,,,,1012.0,4000,,,-37.6,68,186,1,8,1,2,,,,,0
1776566145.000,"71c399","AAR721  ",24.955631,121.235945,34000,35675,380.3,271,464,0.780,229.69,-0.03,-0.18,235.72,230.76,-64,-64,,236,84,1013.6,34016,,"7101",-35.2,98,186,1,9,2,3,1,2,"A3",,2
1776566145.000,"78927e","HKE674  ",25.005581,121.380684,37025,38925,545.0,,466,,36.87,-0.03,-0.18,,,0,,,,,1012.8,36992,,"3567",-38.1,668,186,1,9,1,3,,,"A3",,2
1776566145.000,"78929f","CRK628  ",25.012344,121.386464,35000,36675,536.4,,,,36.89,,,,,0,,,,,1013.6,35008,,"3572",-38.4,845,186,1,9,1,3,,,"A3",,2
1776566150.000,"71c034","N/A",25.118912,121.102956,6550,6925,253.0,230,,0.396,228.69,,,235.37,230.36,-960,-1088,,,,1012.0,4000,,,-36.4,89,186,1,8,1,3,1,2,,,2
1776566150.000,"8990b3","EVA113  ",24.977280,121.117299,2050,2200,180.2,178,188,0.280,49.50,-0.16,-1.76,56.95,51.99,-64,-576,,59,3,1012.0,2016,,"3231",-37.4,594,186,1,9,1,3,1,2,"A3",,2
1776566150.000,"71c399","AAR721  ",24.950089,121.228790,34000,35675,380.3,271,464,0.780,229.69,-0.03,-0.35,235.72,230.76,-64,-64,,236,84,1013.6,34016,,"7101",-34.7,141,186,1,9,2,3,1,2,"A3",,2
1776566150.000,"78927e","HKE674  ",25.005581,121.380684,37025,38925,545.0,,466,,36.87,-0.03,-0.18,,,0,,,,,1012.8,36992,,,-38.1,668,186,1,9,1,3,,,"A3",,2
1776566155.000,"71c034","JJA6151 ",25.115584,121.098875,6475,6850,252.2,230,,0.396,228.54,,,235.37,230.36,-1024,-1088,,,,1012.0,4000,,"4130",-37.0,106,186,1,8,1,3,1,2,,,2
1776566155.000,"8990b3","EVA113  ",24.977280,121.117299,2050,2200,180.2,178,188,0.280,49.50,-0.16,-1.76,56.95,51.99,-64,-576,,59,3,1012.0,2016,,"3231",-37.4,594,186,1,9,1,3,1,2,"A3",,2
1776566155.000,"71c399","AAR721  ",24.944644,121.221797,34000,35675,380.9,271,464,0.780,229.58,-0.03,-0.18,235.72,230.76,-64,-32,,236,84,1013.6,34016,,"7101",-34.3,183,186,1,9,2,3,1,2,"A3",,2
1776566155.000,"78927e","HKE674  ",25.005581,121.380684,37025,38925,,,,,,,,,,,,,,,1012.8,36992,,,-38.1,668,186,1,9,,3,,,"A3",,2
1776566160.000,"71c034","JJA6151 ",25.115584,121.098875,6475,6850,251.5,230,,0.396,228.39,,,235.37,230.36,-1024,-1088,,,,1012.0,4000,,"4130",-37.2,116,186,1,8,1,3,1,2,,,2
1776566160.000,"8990b3","EVA113  ",24.977280,121.117299,2050,2200,180.2,178,188,0.280,49.50,-0.16,-1.76,56.95,51.99,-64,-576,,59,3,1012.0,2016,,"3231",-37.4,594,186,1,9,1,3,1,2,"A3",,2
1776566160.000,"71c399","AAR721  ",24.938782,121.214244,34000,35675,380.3,271,464,0.780,229.69,-0.03,0.18,235.90,230.94,0,-32,,237,84,1013.6,34016,,"7101",-33.6,230,186,1,9,2,3,1,2,"A3",,2
1776566160.000,"78927e","HKE674  ",25.005581,121.380684,37025,38925,,,,,,,,,,,,,,,,,,,-38.1,668,186,,,,,,,"A3",,2
1776566165.000,"71c034","JJA6151 ",25.115584,121.098875,6475,6850,250.1,230,,0.396,228.40,,,235.37,230.36,-896,-1088,,,,1012.0,4000,,"4130",-37.1,126,186,1,8,1,3,1,2,,,2
1776566165.000,"8990b3","EVA113  ",24.977280,121.117299,2050,2200,180.2,178,188,0.280,49.50,-0.16,-1.76,56.95,51.99,-64,-576,,59,3,1012.0,2016,,"3231",-37.4,594,186,1,9,1,3,1,2,"A3",,2
1776566165.000,"71c399","AAR721  ",24.933239,121.207080,34000,35675,380.3,271,464,0.780,229.69,-0.03,0.00,235.90,230.94,0,0,,237,84,1013.6,34016,,"7101",-34.5,280,186,1,9,2,3,1,2,"A3",,2
1776566165.000,"78927e","HKE674  ",25.005581,121.380684,37025,38925,,,,,,,,,,,,,,,,,,,-38.1,668,186,,,,,,,"A3",,2
1776566170.000,"71c034","JJA6151 ",25.104086,121.084624,6250,6625,250.1,230,,0.396,228.40,,,235.37,230.36,-896,-1088,,,,1012.0,4000,,"4130",-36.6,140,186,1,8,1,3,1,2,,,2
1776566170.000,"8990b3","EVA113  ",24.977280,121.117299,2050,2200,180.2,178,188,0.280,49.50,-0.16,-1.76,56.95,51.99,-64,-576,,59,3,1012.0,2016,,"3231",-37.4,594,186,1,9,1,3,1,2,"A3",,2
1776566170.000,"71c399","AAR721  ",24.927327,121.199410,34000,35675,380.3,271,464,0.780,229.69,0.00,-0.18,235.90,230.95,0,32,,237,84,1013.6,34016,,"7101",-32.4,324,186,1,9,2,3,1,2,"A3",,2
1776566175.000,"71c034","JJA6151 ",25.099091,121.078389,6150,6500,247.2,225,,0.380,228.44,,,235.37,230.38,-832,-832,,,,1012.0,4000,,"4130",-35.9,156,186,1,8,1,3,1,2,,,2
1776566175.000,"8990b3","EVA113  ",24.977280,121.117299,2050,2200,180.2,,188,,49.50,-0.16,-1.76,,,-64,,,,,1012.0,2016,,"3231",-37.4,594,186,1,9,1,3,1,2,"A3",,2
1776566175.000,"71c399","AAR721  ",24.921799,121.192271,34000,35675,380.3,270,464,0.780,229.69,-0.06,-0.18,235.90,230.95,0,0,,237,84,1013.6,34016,,"7101",-32.3,377,186,1,9,2,3,1,2,"A3",,2
1776566180.000,"71c034","JJA6151 ",25.096802,121.075592,6125,6475,245.8,225,248,0.380,228.46,0.03,0.18,235.37,230.38,-704,-832,,,,1012.0,4000,,"4130",-36.8,174,186,1,8,1,3,1,2,,,2
1776566180.000,"8990b3","EVA113  ",24.977280,121.117299,2050,2200,180.2,,,,49.50,,,,,-64,,,,,1012.0,2016,,,-37.4,594,186,1,9,1,3,1,2,"A3",,2
1776566180.000,"71c399","AAR721  ",24.916077,121.184896,34000,35675,380.3,271,464,0.780,229.69,-0.06,-0.35,235.72,230.78,0,0,,236,84,1013.6,34016,,"7101",-33.1,434,186,1,9,2,3,1,2,"A3",,2
1776566180.000,"78929f","CRK628  ",25.186669,121.539312,35000,36675,543.1,,,,43.96,,,,,0,,,,,,,,,-37.0,869,186,,8,1,2,,,"A3",,0
1776566185.000,"71c034","JJA6151 ",25.096802,121.075592,6125,6475,245.8,225,248,0.380,228.46,0.03,0.18,235.37,230.38,-704,-832,,,,1012.0,4000,,"4130",-37.0,176,186,1,8,1,3,1,2,,,2
1776566185.000,"8990b3","EVA113  ",24.977280,121.117299,2050,2200,180.2,,,,49.50,,,,,-64,,,,,1012.0,2016,,,-37.4,594,186,1,9,1,3,1,2,"A3",,2
1776566185.000,"71c399","AAR721  ",24.910172,121.177266,34000,35700,380.3,271,464,0.780,229.69,0.12,0.00,235.90,230.95,0,0,,237,84,1013.6,34016,,"7101",-32.0,495,186,1,9,2,3,1,2,"A3",,2
1776566185.000,"78929f","CRK628  ",25.192069,121.545116,35000,36675,543.1,,,,43.96,,,,,0,,,,,,,,,-37.3,872,186,,8,1,2,,,"A3",,0
1776566190.000,"71c034","JJA6151 ",25.090167,121.067315,6050,6400,236.6,225,248,0.380,228.43,0.03,0.18,235.37,230.38,-640,-832,,,,1012.0,4000,,"4130",-36.6,193,186,1,8,1,3,1,2,,,2
1776566190.000,"71c399","AAR721  ",24.904358,121.169739,34000,35700,380.3,270,462,0.780,229.69,-0.03,0.00,235.90,230.95,0,0,,237,82,1013.6,34016,,"7101",-33.3,547,186,1,9,2,3,1,2,"A3",,2
1776566190.000,"78929f","CRK628  ",25.192069,121.545116,35000,36675,543.1,,,,43.96,,,,,0,,,,,,,,,-37.4,873,186,,8,1,2,,,"A3",,0
1776566195.000,"71c034","JJA6151 ",25.084394,121.060163,5950,6300,236.6,225,248,0.380,228.43,0.03,0.18,235.37,230.38,-640,-832,,,,1012.0,4000,,"4130",-36.8,203,186,1,8,1,3,1,2,,,2
1776566195.000,"71c399","AAR721  ",24.898790,121.162616,34000,35675,380.3,270,462,0.780,229.69,-0.03,-0.18,235.90,230.96,0,0,,237,82,1013.6,34016,,"7101",-34.4,602,186,1,9,2,3,1,2,"A3",,2
1776566195.000,"78929f","CRK628  ",25.214740,121.570769,35000,36675,543.1,,,,43.96,,,,,0,,,,,,,,,-37.1,879,186,,8,1,2,,,"A3",,0
1776566200.000,"71c034","JJA6151 ",25.080856,121.055758,5900,6250,231.0,225,248,0.380,228.51,0.03,0.18,235.37,230.38,-512,-832,,,,1012.0,4000,,"4130",-37.0,214,186,1,8,1,3,1,2,,,2
1776566200.000,"71c399","AAR721  ",24.893111,121.155205,34000,35700,380.3,270,464,0.780,229.69,0.00,-0.18,235.90,230.96,0,0,,237,82,1013.6,34016,,"7101",-34.5,650,186,1,9,2,3,1,2,"A3",,2
1776566200.000,"78929f","CRK628  ",25.214740,121.570769,35000,36675,543.1,,,,43.96,,,,,0,,,,,,,,,-37.3,888,186,1,9,1,3,1,2,"A3",,2
1776566205.000,"71c034","JJA6151 ",25.080856,121.055758,5900,6250,231.0,225,248,0.380,228.51,0.03,0.18,235.37,230.38,-512,-832,,,,1012.0,4000,,"4130",-37.3,220,186,1,8,1,3,1,2,,,2
1776566205.000,"71c399","AAR721  ",24.887292,121.147691,34000,35700,380.9,270,462,0.776,229.58,-0.03,-0.18,235.90,230.96,0,-32,,237,82,1013.6,34016,,"7101",-35.2,704,186,1,9,2,3,1,2,"A3",,2
1776566205.000,"78929f","CRK628  ",25.214740,121.570769,35000,36675,543.1,,,,43.96,,,,,0,,,,,,,,,-37.3,888,186,1,9,1,3,1,2,"A3",,2
1776566210.000,"71c034","JJA6151 ",25.080856,121.055758,5900,6250,231.0,225,248,0.380,228.51,0.03,0.18,235.37,230.38,-512,-832,,,,1012.0,4000,,"4130",-37.4,221,186,1,8,1,3,1,2,,,2
1776566210.000,"71c399","AAR721  ",24.882065,121.141001,34000,35700,380.9,270,462,0.776,229.58,-0.03,0.00,235.90,230.96,0,-32,,237,82,1013.6,34016,,"7101",-36.3,744,186,1,9,2,3,1,2,"A3",,2
1776566210.000,"78929f","CRK628  ",25.214740,121.570769,35000,36675,543.1,,,,43.96,,,,,0,,,,,,,,,-37.3,888,186,1,9,1,3,1,2,"A3",,2
1776566215.000,"71c034","JJA6151 ",25.080856,121.055758,5900,6250,231.0,225,248,0.380,228.51,0.03,0.18,235.37,230.38,-512,-832,,,,1012.0,4000,,"4130",-37.3,222,186,1,8,1,3,1,2,,,2
1776566215.000,"71c399","AAR721  ",24.878632,121.136576,34000,35700,380.9,270,462,0.776,229.58,-0.03,0.00,235.90,230.96,0,-32,,237,82,1013.6,34016,,"7101",-36.6,748,186,1,9,2,3,1,2,"A3",,2
1776566215.000,"78929f","CRK628  ",25.214740,121.570769,35000,36675,543.1,,,,43.96,,,,,0,,,,,,,,,-37.3,888,186,1,9,1,3,1,2,"A3",,2
1776566220.000,"71c034","JJA6151 ",25.080856,121.055758,5900,6250,231.0,225,248,0.380,228.51,0.03,0.18,235.37,230.38,-512,-832,,,,1012.0,4000,,"4130",-37.3,222,186,1,8,1,3,1,2,,,2
1776566220.000,"71c399","AAR721  ",24.878632,121.136576,34000,35700,380.9,270,462,0.776,229.58,-0.03,0.00,235.90,230.96,0,-32,,237,82,1013.6,34016,,"7101",-37.0,750,186,1,9,2,3,1,2,"A3",,2
1776566220.000,"78929f","CRK628  ",25.214740,121.570769,35000,36675,543.1,,,,43.96,,,,,0,,,,,,,,,-37.3,888,186,1,9,1,3,1,2,"A3",,2
1776566225.000,"71c034","JJA6151 ",25.080856,121.055758,5900,6250,231.0,225,248,0.380,228.51,0.03,0.18,235.37,230.38,-512,-832,,,,1012.0,4000,,"4130",-37.3,222,186,1,8,1,3,1,2,,,2
1776566225.000,"71c399","AAR721  ",24.878632,121.136576,34000,35700,380.9,270,462,0.776,229.58,-0.03,0.00,235.90,230.96,0,-32,,237,82,1013.6,34016,,"7101",-37.4,752,186,1,9,2,3,1,2,"A3",,2
1776566225.000,"78929f","CRK628  ",25.214740,121.570769,35000,36675,543.1,,,,43.96,,,,,0,,,,,,,,,-37.3,888,186,1,9,1,3,1,2,"A3",,2
1776566230.000,"71c034","JJA6151 ",25.080856,121.055758,5900,6250,231.0,225,248,0.380,228.51,0.03,0.18,235.37,230.38,-512,-832,,,,1012.0,4000,,"4130",-37.4,223,186,1,8,1,3,1,2,,,2
1776566230.000,"71c399","AAR721  ",24.878632,121.136576,34000,35700,380.9,270,462,0.776,229.58,-0.03,0.00,235.90,230.96,0,-32,,237,82,1013.6,34016,,"7101",-37.5,753,186,1,9,2,3,1,2,"A3",,2
1776566230.000,"78929f","CRK628  ",25.214740,121.570769,35000,36675,543.1,,,,43.96,,,,,0,,,,,,,,,-37.3,888,186,1,9,1,3,1,2,"A3",,2
1776566235.000,"71c034","JJA6151 ",25.080856,121.055758,,6250,231.0,,248,,228.51,0.03,0.18,,,-512,,,,,1012.0,4000,,"4130",-37.5,224,186,1,8,1,3,1,2,,,2
1776566235.000,"71c399","AAR721  ",24.878632,121.136576,34000,35700,380.9,270,462,0.776,229.58,-0.03,0.00,235.90,230.96,0,-32,,237,82,1013.6,34016,,"7101",-37.5,753,186,1,9,2,3,1,2,"A3",,2
1776566235.000,"78929f","CRK628  ",25.214740,121.570769,35000,36675,543.1,,,,43.96,,,,,0,,,,,,,,,-37.3,888,186,1,9,1,3,1,2,"A3",,2
1776566240.000,"71c034","JJA6151 ",25.080856,121.055758,,6250,231.0,,,,228.51,,,,,-512,,,,,1012.0,4000,,"4130",-37.5,224,186,1,8,1,3,1,2,,,2
1776566240.000,"71c399","AAR721  ",24.878632,121.136576,34000,35700,380.9,270,462,0.776,229.58,-0.03,0.00,235.90,230.96,0,-32,,237,82,1013.6,34016,,"7101",-37.5,753,186,1,9,2,3,1,2,"A3",,2
1776566240.000,"78929f","CRK628  ",25.214740,121.570769,35000,36675,,,,,,,,,,,,,,,,,,,-37.3,888,186,1,9,,3,1,2,"A3",,2
1776566245.000,"71c034","JJA6151 ",25.080856,121.055758,,6250,231.0,,,,228.51,,,,,-512,,,,,1012.0,4000,,"4130",-37.7,225,186,1,8,1,3,1,2,,,2
1776566245.000,"71c399","AAR721  ",24.878632,121.136576,34000,35700,380.9,270,462,0.776,229.58,-0.03,0.00,235.90,230.96,0,-32,,237,82,1013.6,34016,,"7101",-37.5,753,186,1,9,2,3,1,2,"A3",,2
1776566245.000,"78929f","CRK628  ",25.214740,121.570769,35000,36675,,,,,,,,,,,,,,,,,,,-37.3,888,186,1,9,,3,1,2,"A3",,2
1776566250.000,"71c034","JJA6151 ",25.080856,121.055758,,6250,231.0,,,,228.51,,,,,-512,,,,,1012.0,4000,,"4130",-37.7,227,186,1,8,1,3,1,2,,,2
1776566250.000,"71c399","AAR721  ",24.878632,121.136576,34000,35700,380.9,270,462,0.776,229.58,-0.03,0.00,235.90,230.96,0,-32,,237,82,1013.6,34016,,"7101",-37.5,753,186,1,9,2,3,1,2,"A3",,2
1776566250.000,"78929f","N/A",25.214740,121.570769,35000,36675,,,,,,,,,,,,,,,,,,,-37.3,888,186,1,9,,3,1,2,"A3",,2
1776566255.000,"71c034","JJA6151 ",25.035375,121.033319,5175,5525,231.0,,,,228.51,,,,,-512,,,,,1012.0,4000,,"4130",-36.8,238,186,1,8,1,3,1,2,,,2
1776566255.000,"71c399","AAR721  ",24.878632,121.136576,34000,35700,380.9,270,462,0.776,229.58,-0.03,0.00,235.90,230.96,0,-32,,237,82,1013.6,34016,,"7101",-37.5,753,186,1,9,2,3,1,2,"A3",,2
1776566260.000,"71c034","JJA6151 ",25.032578,121.034139,5125,5425,211.5,182,200,0.300,164.65,0.00,0.35,170.16,165.19,-1472,-1440,,,,1012.0,4000,,"4130",-36.9,253,186,1,8,1,3,1,2,,,2
1776566260.000,"71c399","AAR721  ",24.878632,121.136576,34000,35700,380.9,270,462,0.776,229.58,-0.03,0.00,235.90,230.96,0,-32,,237,82,1013.6,34016,,"7101",-37.5,753,186,1,9,2,3,1,2,"A3",,2
1776566265.000,"71c034","JJA6151 ",25.025738,121.036170,4950,5250,211.5,181,200,0.300,164.65,0.00,0.35,170.33,165.36,-1472,-1408,,,,1012.0,2496,,"4130",-36.8,265,186,1,8,1,3,,,,,2
1776566265.000,"71c399","AAR721  ",24.878632,121.136576,34000,35700,380.9,,462,,229.58,-0.03,0.00,,,0,,,,,1013.6,34016,,"7101",-37.5,753,186,1,9,2,3,1,2,"A3",,2
1776566270.000,"71c034","JJA6151 ",25.024933,121.036428,4925,5250,211.3,180,200,0.296,164.91,0.00,0.35,170.51,165.54,-1408,-1376,,,,1012.0,2496,,"4130",-36.8,274,186,1,8,1,3,,,,,2
1776566270.000,"71c399","AAR721  ",24.878632,121.136576,34000,35700,380.9,,,,229.58,,,,,0,,,,,1013.6,34016,,,-37.5,753,186,1,9,2,3,,,"A3",,2
1776566275.000,"71c034","JJA6151 ",25.024933,121.036428,4925,5250,211.3,180,200,0.296,164.91,0.00,0.35,170.51,165.54,-1408,-1376,,,,1012.0,2496,,"4130",-37.2,277,186,1,8,1,3,,,,,2
1776566280.000,"71c034","JJA6151 ",25.014426,121.039486,4675,4975,210.1,180,200,0.296,165.10,0.00,0.35,170.51,165.54,-1216,-1376,,,,1012.0,2496,,"4130",-37.1,282,186,1,8,1,3,1,2,,,2
1776566285.000,"71c034","JJA6151 ",25.014426,121.039486,4675,4975,210.1,180,200,0.296,165.10,0.00,0.35,170.51,165.54,-1216,-1376,,,,1012.0,2496,,"4130",-36.9,284,186,1,8,1,3,1,2,,,2
1776566290.000,"71c034","JJA6151 ",25.014426,121.039486,4675,4975,207.0,180,200,0.296,149.84,0.00,0.35,170.51,165.54,-896,-1376,,,,1012.0,2496,,"4130",-36.8,292,186,1,8,1,3,1,2,,,2
1776566295.000,"71c034","JJA6151 ",24.999023,121.047923,4350,4625,204.2,180,196,0.296,147.40,-0.16,-1.23,170.51,165.54,-1024,-1376,,,,1012.0,2496,,"4130",-36.5,310,186,1,8,1,3,1,2,,,2
1776566300.000,"71c034","JJA6151 ",24.996643,121.049601,4300,4575,202.5,180,196,0.296,147.09,-0.16,-1.23,170.51,165.54,-1152,-1376,,,,1012.0,2496,,"4130",-36.5,321,186,1,8,1,3,1,2,,,2
1776566305.000,"71c034","JJA6151 ",24.992221,121.052753,4175,4450,201.1,180,196,0.296,147.18,-0.16,-1.23,170.51,165.54,-1088,-1376,,,,1012.0,2496,,"4130",-36.4,339,186,1,8,1,3,1,2,,,2
1776566310.000,"71c034","JJA6151 ",24.988264,121.055603,4100,4375,199.1,180,196,0.292,146.47,0.09,0.53,150.29,145.33,-1024,-1024,,17,5,1012.0,2496,,"4130",-36.1,369,186,1,8,1,3,1,2,,,2
1776566315.000,"71c034","JJA6151 ",24.984819,121.058039,4025,4300,198.6,180,196,0.292,146.71,0.09,0.53,150.29,145.33,-1088,-1024,,17,5,1012.0,2496,,"4130",-36.5,382,186,1,8,1,3,1,2,,,2
1776566320.000,"71c034","JJA6151 ",24.984819,121.058039,4025,4300,196.1,180,196,0.292,158.14,0.09,0.53,150.29,145.33,-960,-1024,,17,5,1012.0,2496,,"4130",-36.5,388,186,1,8,1,3,1,2,,,2
1776566325.000,"71c034","JJA6151 ",24.976089,121.061961,3850,4100,194.9,180,196,0.292,163.61,0.09,0.53,150.29,145.33,-960,-1024,,17,5,1012.0,2496,,"4130",-35.0,406,186,1,8,1,3,1,2,,,2
1776566330.000,"71c034","JJA6151 ",24.970871,121.063436,3775,4025,193.8,180,196,0.292,165.96,0.09,0.53,150.29,145.33,-576,-1024,,17,5,1012.0,2496,,"4130",-36.3,425,186,1,8,1,3,1,2,,,2
1776566335.000,"71c034","JJA6151 ",24.967300,121.064402,3725,3975,192.6,175,188,0.284,166.18,-0.06,-0.18,170.33,165.37,-512,-544,,11,5,1012.0,2496,,"4130",-35.8,457,186,1,8,1,3,1,2,,,2
1776566340.000,"71c034","JJA6151 ",24.962288,121.065812,3675,3925,191.6,175,190,0.284,166.11,-0.06,-0.18,170.33,165.37,-576,-544,,11,5,1012.0,2496,,"4130",-35.3,477,186,1,8,1,3,1,2,"A3",,2
1776566345.000,"71c034","JJA6151 ",24.960565,121.066278,3650,3900,190.6,175,190,0.284,166.04,-0.06,-0.18,170.33,165.37,-512,-544,,11,5,1012.0,2496,,"4130",-36.3,502,186,1,8,1,3,1,2,"A3",,2
1776566350.000,"71c034","JJA6151 ",24.953384,121.068268,3600,3825,190.7,175,188,0.280,164.80,-1.03,-10.20,168.57,163.62,-512,-512,,54,6,1012.0,2496,,"4130",-33.0,540,186,1,8,1,3,1,2,"A3",,2
1776566350.000,"789271","HKE857  ",25.065447,121.378145,32025,33650,398.7,,,,229.68,,,,,0,,,,,1013.6,32000,,"3704",-37.3,41,186,1,8,2,2,,,"A3",,0
1776566355.000,"71c034","JJA6151 ",24.948974,121.070010,3550,3775,191.3,176,188,0.284,156.92,-2.31,-22.32,158.03,153.07,-384,-384,,49,9,1012.0,2496,,"4130",-32.9,578,186,1,8,1,3,1,2,"A3",,2
1776566355.000,"789271","HKE857  ",25.058441,121.369120,32025,33650,398.7,,,,229.68,,,,,0,,,,,1013.6,32000,,"3704",-36.7,51,186,1,8,2,2,,,"A3",,0
1776566360.000,"71c034","JJA6151 ",24.945761,121.072083,3525,3750,192.4,176,188,0.284,143.67,-2.44,-24.43,148.89,143.93,-384,-352,,20,8,1012.0,2496,,"4130",-33.4,612,186,1,8,1,3,1,2,"A3",,2
1776566360.000,"789271","HKE857  ",25.053623,121.362857,32025,33650,398.0,273,450,0.756,229.59,0.03,0.35,237.48,232.48,0,0,,,,1013.6,32000,,"3704",-36.0,73,186,1,8,2,2,,,"A3",,0
1776566365.000,"71c034","JJA6151 ",24.942317,121.075451,3500,3725,193.4,177,190,0.284,131.44,-2.41,-23.38,138.69,133.73,-384,-416,,37,17,1012.0,2496,,"4130",-33.1,641,186,1,8,1,3,1,2,"A3",,2
1776566365.000,"789271","HKE857  ",25.047684,121.355235,32025,33650,398.0,273,450,0.756,229.59,0.03,0.35,237.48,232.48,0,0,,,,1013.3,32000,,"3704",-36.9,93,186,1,8,2,2,,,"A3",,0
1776566370.000,"71c034","JJA6151 ",24.939377,121.080119,3450,3675,195.2,177,190,0.284,119.45,-2.41,-23.38,138.69,133.73,-384,-416,,37,17,1012.0,2496,,"4130",-32.1,665,186,1,8,1,3,1,2,"A3",,2
1776566370.000,"789271","HKE857  ",25.041367,121.347046,32025,33650,398.0,273,450,0.756,229.59,0.03,0.53,237.48,232.48,-64,0,,,,1013.6,32000,,"3704",-36.0,117,186,1,9,2,3,2,2,"A3",,2
1776566375.000,"71c034","JJA6151 ",24.937683,121.084646,3425,3650,197.0,177,190,0.284,107.42,-2.41,-23.38,138.69,133.73,-448,-416,,37,17,1012.0,2496,,"4130",-32.2,686,186,1,8,1,3,1,2,"A3",,2
1776566375.000,"789271","HKE857  ",25.035328,121.339278,32025,33650,397.3,273,450,0.756,229.70,0.03,0.53,237.48,232.48,0,0,,,,1013.6,32000,,"3704",-36.0,131,186,1,9,2,3,2,2,"A3",,2
1776566380.000,"71c034","JJA6151 ",24.936963,121.088614,3400,3625,197.9,177,190,0.284,95.51,-2.41,-23.38,138.69,133.73,-448,-416,,37,17,1012.0,2496,,"4130",-31.8,712,186,1,8,1,3,1,2,"A3",,2
1776566380.000,"789271","HKE857  ",25.028904,121.330935,32025,33650,397.3,273,450,0.756,229.70,-0.09,0.18,237.48,232.48,0,0,,,,1013.6,32000,,"3704",-36.9,149,186,1,9,2,3,2,2,"A3",,2
1776566385.000,"71c034","JJA6151 ",24.936996,121.094462,3350,3575,198.6,180,192,0.288,85.67,-2.47,-25.14,87.89,82.93,-448,-448,,336,18,1012.0,2496,,"4130",-32.3,744,186,1,8,1,3,1,2,"A3",,2
1776566385.000,"789271","HKE857  ",25.025162,121.326090,32000,33625,397.3,273,450,0.756,229.70,-0.09,0.18,237.66,232.66,0,0,,,,1013.6,32000,,"3704",-36.7,171,186,1,9,2,3,2,2,"A3",,2
1776566390.000,"71c034","JJA6151 ",24.937866,121.098633,3325,3550,198.6,179,192,0.288,71.20,-2.38,-23.91,75.76,70.80,-448,-448,,325,19,1012.0,2496,,"4130",-31.9,771,186,1,8,1,3,1,2,"A3",,2
1776566390.000,"789271","HKE857  ",25.017883,121.316681,32025,33650,397.3,272,450,0.752,229.70,-0.09,0.18,237.66,232.66,0,32,,,,1013.6,32000,,"3704",-36.8,194,186,1,9,2,3,2,2,"A3",,2
1776566395.000,"71c034","JJA6151 ",24.940082,121.103901,3275,3500,198.6,179,192,0.288,59.43,-2.38,-23.91,63.46,58.50,-512,-512,,325,19,1012.0,2496,,"4130",-32.7,803,186,1,8,1,3,1,2,"A3",,2
1776566395.000,"789271","HKE857  ",25.009957,121.306423,32000,33625,397.3,272,450,0.752,229.70,-0.09,0.18,237.66,232.66,0,32,,,,1013.6,32000,,"3704",-36.2,207,186,1,9,2,3,2,2,"A3",,2
1776566400.000,"71c034","JJA6151 ",24.943039,121.108093,3225,3450,198.9,179,192,0.288,47.65,-2.38,-24.26,51.15,46.19,-576,-512,,299,22,1012.0,2496,,"4130",-32.5,836,186,1,8,1,3,1,2,"A3",,2
1776566400.000,"789271","HKE857  ",25.005020,121.300049,32000,33625,397.3,272,450,0.752,229.70,-0.09,0.18,237.66,232.66,-64,32,,,,1013.6,32000,,"3704",-36.7,218,186,1,9,2,3,2,2,"A3",,2
1776566405.000,"71c034","JJA6151 ",24.946518,121.111399,3175,3400,198.7,179,192,0.288,38.25,-2.34,-24.08,51.15,46.19,-704,-512,,299,22,1012.0,2496,,"4130",-32.8,871,186,1,8,1,3,1,2,"A3",,2
1776566405.000,"789271","HKE857  ",25.000259,121.293894,32000,33625,397.3,272,450,0.752,229.70,-0.09,0.18,237.66,232.66,-64,32,,,,1013.6,32000,,"3704",-36.4,223,186,1,9,2,3,2,2,"A3",,2
1776566410.000,"71c034","JJA6151 ",24.949858,121.113489,3125,3325,198.3,178,192,0.284,24.11,-2.34,-24.08,27.07,22.11,-832,-800,,299,22,1012.0,2016,,"4130",-33.9,911,186,1,8,1,3,1,2,"A3",,2
1776566410.000,"789271","HKE857  ",24.992081,121.283310,32000,33625,397.3,272,450,0.752,229.70,-0.09,0.18,237.66,232.66,-64,32,,,,1013.6,32000,,"3704",-36.7,230,186,1,9,2,3,2,2,"A3",,2
1776566415.000,"71c034","JJA6151 ",24.952377,121.114553,3075,3300,196.5,178,192,0.284,16.87,-2.34,-24.08,27.07,22.11,-1344,-800,,299,22,1012.0,2016,,"4130",-36.6,927,186,1,8,1,3,1,2,"A3",,2
1776566415.000,"789271","HKE857  ",24.986069,121.275533,32000,33650,397.3,272,450,0.752,229.70,-0.09,0.18,237.66,232.66,0,32,,,,1013.6,32000,,"3704",-36.7,242,186,1,9,2,3,2,2,"A3",,2
1776566420.000,"71c034","JJA6151 ",24.957596,121.115977,2950,3150,196.3,178,190,0.284,10.57,-0.69,-6.50,27.07,22.11,-1088,-800,,299,22,1012.0,2016,,"4130",-36.4,941,186,1,8,1,3,1,2,"A3",,2
1776566420.000,"789271","HKE857  ",24.980255,121.268005,32000,33625,397.3,273,450,0.756,229.70,-0.06,0.18,237.66,232.68,-64,-32,,254,57,1013.6,32000,,"3704",-36.8,265,186,1,9,2,3,2,2,"A3",,2
1776566425.000,"71c034","JJA6151 ",24.957596,121.115977,2950,3150,196.3,178,190,0.284,10.57,-0.69,-6.50,27.07,22.11,-1088,-800,,299,22,1012.0,2016,,"4130",-37.4,946,186,1,8,1,3,1,2,"A3",,2
1776566425.000,"789271","HKE857  ",24.977836,121.264810,32000,33650,397.3,273,450,0.756,229.70,-0.06,0.18,237.66,232.68,-64,-32,,254,57,1013.6,32000,,"3704",-37.0,280,186,1,9,2,3,2,2,"A3",,2
1776566430.000,"71c034","JJA6151 ",24.957596,121.115977,2950,3150,196.3,178,190,0.284,10.57,-0.69,-6.50,27.07,22.11,-1088,-800,,299,22,1012.0,2016,,"4130",-38.0,948,186,1,8,1,3,1,2,"A3",,2
1776566430.000,"789271","HKE857  ",24.970574,121.255430,32000,33650,397.3,273,450,0.756,229.70,-0.06,0.18,237.66,232.68,-64,-32,,254,57,1013.6,32000,,"3704",-36.3,303,186,1,9,2,3,2,2,"A3",,2
1776566435.000,"71c034","JJA6151 ",24.957596,121.115977,2600,3150,197.6,182,192,0.288,7.27,-0.03,-0.53,10.20,5.23,-1280,-1248,,237,9,1012.0,2016,,"4130",-36.8,961,186,1,8,1,3,1,2,"A3",,2
1776566435.000,"789271","HKE857  ",24.965593,121.249004,31975,33625,397.3,273,450,0.756,229.70,0.00,0.18,237.66,232.68,0,-32,,254,57,1013.6,32000,,"3704",-35.1,328,186,1,9,2,3,2,2,"A3",,2
1776566440.000,"71c034","JJA6151 ",24.957596,121.115977,2600,2800,197.6,182,192,0.288,7.27,-0.03,-0.53,10.20,5.23,-1280,-1248,,237,9,1012.0,2016,,"4130",-36.9,962,186,1,8,1,3,1,2,"A3",,2
1776566440.000,"789271","HKE857  ",24.956282,121.236981,32000,33650,396.6,273,450,0.756,229.60,0.03,0.18,237.66,232.68,0,-32,,254,57,1013.6,32000,,"3704",-35.0,373,186,1,9,2,3,2,2,"A3",,2
1776566445.000,"71c034","JJA6151 ",24.957596,121.115977,2425,2625,197.6,182,192,0.288,7.27,-0.03,-0.53,10.20,5.23,-1280,-1248,,237,9,1012.0,2016,,"4130",-37.1,963,186,1,8,1,3,1,2,"A3",,2
1776566445.000,"789271","HKE857  ",24.951394,121.230659,32000,33650,396.6,273,450,0.756,229.60,0.03,0.35,237.48,232.52,0,0,,253,58,1013.6,32000,,"3704",-33.1,412,186,1,9,2,3,2,2,"A3",,2
1776566450.000,"71c034","JJA6151 ",24.957596,121.115977,2425,2625,197.6,182,192,0.288,7.27,-0.03,-0.53,10.20,5.23,-1280,-1248,,237,9,1012.0,2016,,"4130",-37.2,964,186,1,8,1,3,1,2,"A3",,2
1776566450.000,"789271","HKE857  ",24.944412,121.221670,32000,33650,396.6,273,450,0.756,229.60,0.03,0.18,237.48,232.52,0,0,,253,58,1013.6,32000,,"3704",-31.9,477,186,1,9,2,3,2,2,"A3",,2
1776566455.001,"71c034","JJA6151 ",24.990777,121.120381,2275,2450,190.8,182,190,0.288,5.11,0.19,0.70,10.37,5.40,-768,-768,,82,1,1012.0,2016,,"4130",-33.5,996,186,1,8,1,3,1,2,"A3",,2
1776566455.001,"789271","HKE857  ",24.938779,121.214387,32000,33650,396.6,273,450,0.756,229.60,0.00,0.18,237.48,232.52,0,0,,253,58,1013.6,32000,,"3704",-30.8,510,186,1,9,2,3,2,2,"A3",,2
1776566460.001,"71c034","JJA6151 ",24.992407,121.120536,2250,2425,183.2,182,190,0.288,8.79,0.19,0.70,10.37,5.40,-768,-768,,82,1,1012.0,2016,,"4130",-35.2,1009,186,1,8,1,3,1,2,"A3",,2
1776566460.001,"789271","HKE857  ",24.932648,121.206462,32000,33650,396.6,273,450,0.752,229.60,0.03,0.18,237.30,232.35,0,32,,252,55,1013.6,32000,,"3704",-29.4,569,186,1,9,2,3,2,2,"A3",,2
1776566465.000,"769103","N/A",24.907542,121.006372,4125,4375,194.8,181,,0.292,48.54,,,50.80,45.86,-512,-480,,,,1012.0,4000,,"0141",-35.3,34,186,1,9,2,3,2,2,,,2
1776566465.000,"71c034","JJA6151 ",24.995386,121.120951,2200,2375,174.1,182,190,0.288,24.80,0.19,0.70,10.37,5.40,-640,-768,,82,1,1012.0,2016,,"4130",-36.1,1019,186,1,8,1,3,1,2,"A3",,2
1776566465.000,"789271","HKE857  ",24.926788,121.198934,32000,33650,396.6,272,448,0.756,229.60,0.00,0.18,237.48,232.53,0,0,,253,58,1013.6,32000,,"3704",-29.2,614,186,1,9,2,3,2,2,"A3",,2
1776566470.000,"769103","N/A",24.908892,121.007978,4125,4375,194.1,181,,0.292,48.34,,,50.80,45.86,-576,-480,,,,1012.0,4000,,"0141",-36.5,49,186,1,9,2,3,2,2,,,2
1776566470.000,"71c034","JJA6151 ",25.001205,121.123749,2125,2300,168.9,182,190,0.288,34.63,0.19,0.70,10.37,5.40,-576,-768,,82,1,1012.0,3008,,"4130",-36.7,1028,371,1,8,1,3,1,2,"A3",,2
1776566470.000,"789271","HKE857  ",24.920903,121.191326,32000,33650,396.6,272,450,0.752,229.60,-0.06,0.35,237.30,232.35,0,0,,252,55,1013.6,32000,,"3704",-30.7,674,186,1,9,2,3,2,2,"A3",,2
1776566475.000,"769103","N/A",24.908892,121.007978,4125,4375,194.1,181,,0.292,48.34,,,50.80,45.86,-576,-480,,,,1012.0,4000,,"0141",-36.5,49,186,1,9,2,3,2,2,,,2
1776566475.000,"71c034","JJA6151 ",25.001205,121.123749,2125,2300,168.9,182,190,0.288,34.63,0.19,0.70,10.37,5.40,-576,-768,,82,1,1012.0,3008,,"4130",-36.7,1028,371,1,8,1,3,1,2,"A3",,2
1776566475.000,"789271","HKE857  ",24.914978,121.183726,32000,33650,396.6,273,450,0.752,229.60,0.03,0.35,237.48,232.53,0,0,,253,58,1013.6,32000,,"3704",-29.5,716,186,1,9,2,3,2,2,"A3",,2
1776566480.000,"769103","N/A",24.908892,121.007978,4125,4375,194.1,181,,0.292,48.34,,,50.80,45.86,-576,-480,,,,1012.0,4000,,"0141",-36.5,49,186,1,9,2,3,2,2,,,2
1776566480.000,"71c034","JJA6151 ",25.001205,121.123749,2125,2300,168.9,182,190,0.288,34.63,0.19,0.70,10.37,5.40,-576,-768,,82,1,1012.0,3008,,"4130",-36.7,1028,371,1,8,1,3,1,2,"A3",,2
1776566480.000,"789271","HKE857  ",24.908985,121.175986,32000,33650,396.6,273,448,0.756,229.60,-0.12,0.35,237.48,232.53,0,0,,253,58,1013.6,32000,,"3704",-31.0,774,186,1,9,2,3,2,2,"A3",,2
1776566485.000,"769103","N/A",24.908892,121.007978,4125,4375,194.1,181,,0.292,48.34,,,50.80,45.86,-576,-480,,,,1012.0,4000,,"0141",-36.5,49,186,1,9,2,3,2,2,,,2
1776566485.000,"71c034","JJA6151 ",25.001205,121.123749,2125,2300,168.9,182,190,0.288,34.63,0.19,0.70,10.37,5.40,-576,-768,,82,1,1012.0,3008,,"4130",-36.7,1028,371,1,8,1,3,1,2,"A3",,2
1776566485.000,"789271","HKE857  ",24.902939,121.168213,32000,33650,397.3,273,450,0.756,229.70,-0.09,0.35,237.48,232.54,0,0,,253,57,1013.6,32000,,"3704",-31.6,822,186,1,9,2,3,2,2,"A3",,2
1776566490.000,"769103","N/A",24.908892,121.007978,4125,4375,194.1,181,,0.292,48.34,,,50.80,45.86,-576,-480,,,,1012.0,4000,,"0141",-36.5,49,186,1,9,2,3,2,2,,,2
1776566490.000,"71c034","JJA6151 ",25.001205,121.123749,2125,2300,168.9,182,190,0.288,34.63,0.19,0.70,10.37,5.40,-576,-768,,82,1,1012.0,3008,,"4130",-36.7,1028,371,1,8,1,3,1,2,"A3",,2
1776566490.000,"789271","HKE857  ",24.897125,121.160685,32000,33650,397.3,273,450,0.756,229.70,0.03,0.35,237.48,232.54,0,0,,253,57,1013.6,32000,,"3704",-31.2,886,186,1,9,2,3,2,2,"A3",,2
1776566495.000,"769103","N/A",24.908892,121.007978,4125,4375,194.1,181,,0.292,48.34,,,50.80,45.86,-576,-480,,,,1012.0,4000,,"0141",-36.5,49,186,1,9,2,3,2,2,,,2
1776566495.000,"71c034","JJA6151 ",25.001205,121.123749,2125,2300,168.9,182,190,0.288,34.63,0.19,0.70,10.37,5.40,-576,-768,,82,1,1012.0,3008,,"4130",-36.7,1028,371,1,8,1,3,1,2,"A3",,2
1776566495.000,"789271","HKE857  ",24.891037,121.152802,32000,33650,397.3,273,450,0.752,229.70,-0.06,0.00,237.48,232.54,0,0,,253,57,1013.6,32000,,"3704",-31.1,922,186,1,9,2,3,2,2,"A3",,2
1776566500.000,"769103","N/A",24.908892,121.007978,4125,4375,194.1,181,,0.292,48.34,,,50.80,45.86,-576,-480,,,,1012.0,4000,,"0141",-36.5,49,186,1,9,2,3,2,2,,,2
1776566500.000,"71c034","JJA6151 ",25.001205,121.123749,2125,2300,168.9,182,190,0.288,34.63,0.19,0.70,10.37,5.40,-576,-768,,82,1,1012.0,3008,,"4130",-36.7,1028,371,1,8,1,3,1,2,"A3",,2
1776566500.000,"789271","HKE857  ",24.884857,121.144816,32000,33650,397.3,273,450,0.756,229.70,-0.03,0.00,237.48,232.54,0,32,,253,57,1013.6,32000,,"3704",-31.9,979,186,1,9,2,3,2,2,"A3",,2
1776566505.000,"769103","N/A",24.908892,121.007978,4125,4375,194.1,181,,0.292,48.34,,,50.80,45.86,-576,-480,,,,1012.0,4000,,"0141",-36.5,49,186,1,9,2,3,2,2,,,2
1776566505.000,"71c034","JJA6151 ",25.001205,121.123749,2125,2300,168.9,182,190,0.288,34.63,0.19,0.70,10.37,5.40,-576,-768,,82,1,1012.0,3008,,"4130",-36.7,1028,371,1,8,1,3,1,2,"A3",,2
1776566505.000,"789271","HKE857  ",24.879890,121.138415,32000,33650,396.6,273,450,0.756,229.60,-0.12,0.18,237.30,232.37,0,32,,252,56,1013.6,32000,,"3704",-33.5,1026,186,1,9,2,3,2,2,"A3",,2
1776566510.000,"769103","N/A",24.933611,121.038968,4025,4275,194.1,181,,0.292,48.34,,,50.80,45.86,-576,-480,,,,1012.0,4000,,"0141",-36.8,50,186,1,9,2,3,2,2,,,2
1776566510.000,"71c034","JJA6151 ",25.001205,121.123749,2125,2300,168.9,182,190,0.288,34.63,0.19,0.70,10.37,5.40,-576,-768,,82,1,1012.0,3008,,"4130",-36.7,1028,371,1,8,1,3,1,2,"A3",,2
1776566510.000,"789271","HKE857  ",24.873559,121.130279,32000,33650,397.2,273,450,0.756,229.49,-0.09,0.00,237.30,232.37,0,0,,252,57,1013.6,32000,,"3704",-35.2,1073,186,1,9,2,3,2,2,"A3",,2
1776566515.000,"769103","N/A",24.937637,121.044210,3975,4225,194.1,181,,0.292,48.34,,,50.80,45.86,-576,-480,,,,,,,"0141",-37.5,59,186,1,9,2,3,2,2,,,2
1776566515.000,"789271","HKE857  ",24.867416,121.122386,32000,33650,397.2,273,448,0.756,229.49,0.03,0.35,237.30,232.37,0,0,,252,57,1013.6,32000,,"3704",-36.4,1099,186,1,9,2,3,2,2,"A3",,2
1776566515.000,"71c034","JJA6151 ",25.001205,121.123749,2125,2300,168.9,,,,34.63,,,,,-576,,,,,1012.0,3008,,,-36.7,1028,371,1,8,1,3,,,"A3",,2
1776566520.000,"769103","N/A",24.937637,121.044210,3975,4225,194.1,181,,0.292,48.34,,,50.80,45.86,-576,-480,,,,,,,"0141",-37.6,63,186,1,9,2,3,2,2,,,2
1776566520.000,"789271","HKE857  ",24.864899,121.119181,32000,33650,397.2,273,448,0.756,229.49,-0.06,0.35,237.30,232.37,0,0,,252,57,1013.6,32000,,"3704",-36.8,1119,186,1,9,2,3,2,2,"A3",,2
1776566520.000,"71c034","JJA6151 ",25.001205,121.123749,2125,2300,168.9,,,,34.63,,,,,-576,,,,,1012.0,3008,,,-36.7,1028,371,1,8,1,3,,,"A3",,2
1776566525.000,"769103","SIA7450 ",24.942270,121.050317,3875,4125,194.1,,,,48.34,,,,,-576,,,,,,,,,-36.4,79,186,1,9,2,3,2,2,"A5",,2
1776566525.000,"789271","HKE857  ",24.864899,121.119181,32000,33650,397.2,273,448,0.756,229.49,-0.06,0.35,237.30,232.37,0,0,,252,57,1013.6,32000,,"3704",-36.9,1127,186,1,9,2,3,2,2,"A3",,2
1776566525.000,"71c034","JJA6151 ",25.001205,121.123749,2125,2300,168.9,,,,34.63,,,,,-576,,,,,1012.0,3008,,,-36.7,1028,371,1,8,1,3,,,"A3",,2
1776566530.000,"769103","SIA7450 ",24.942270,121.050317,3875,4125,194.1,,,,48.34,,,,,-576,,,,,,,,,-36.8,81,186,1,9,2,3,2,2,"A5",,2
1776566530.000,"789271","HKE857  ",24.864899,121.119181,32000,33650,397.2,273,448,0.756,229.49,-0.06,0.35,237.30,232.37,0,0,,252,57,1013.6,32000,,"3704",-37.0,1129,186,1,9,2,3,2,2,"A3",,2
1776566535.000,"769103","SIA7450 ",24.948555,121.058246,3700,4125,,,,,,,,,,,,,,,,,,,-37.2,88,186,1,9,,3,2,2,"A5",,2
1776566535.000,"789271","HKE857  ",24.864899,121.119181,32000,33650,397.2,273,448,0.756,229.49,-0.06,0.35,237.30,232.37,0,0,,252,57,1013.6,32000,,"3704",-37.0,1131,186,1,9,2,3,2,2,"A3",,2
1776566540.000,"769103","SIA7450 ",24.948555,121.058246,3700,4125,,,,,,,,,,,,,,,,,,,-37.2,88,186,1,9,,3,2,2,"A5",,2
1776566540.000,"789271","HKE857  ",24.864899,121.119181,32000,33650,397.2,273,448,0.756,229.49,-0.06,0.35,237.30,232.37,0,0,,252,57,1013.6,32000,,"3704",-37.0,1131,186,1,9,2,3,2,2,"A3",,2
1776566545.000,"769103","SIA7450 ",24.948555,121.058246,3700,4125,,,,,,,,,,,,,,,,,,,-37.2,88,186,1,9,,3,2,2,"A5",,2
1776566545.000,"789271","HKE857  ",24.864899,121.119181,32000,33650,397.2,273,448,0.756,229.49,-0.06,0.35,237.30,232.37,0,0,,252,57,1013.6,32000,,"3704",-37.0,1131,186,1,9,2,3,2,2,"A3",,2
1776566550.000,"769103","SIA7450 ",24.948555,121.058246,3700,4125,,,,,,,,,,,,,,,,,,,-37.2,88,186,1,9,,3,2,2,"A5",,2
1776566550.000,"789271","HKE857  ",24.864899,121.119181,32000,33650,397.2,273,448,0.756,229.49,-0.06,0.35,237.30,232.37,0,0,,252,57,1013.6,32000,,"3704",-37.0,1131,186,1,9,2,3,2,2,"A3",,2
1776566555.000,"769103","SIA7450 ",24.948555,121.058246,3700,4125,,,,,,,,,,,,,,,,,,,-37.2,88,186,1,9,,3,2,2,"A5",,2
1776566555.000,"789271","HKE857  ",24.864899,121.119181,32000,33650,397.2,273,448,0.756,229.49,-0.06,0.35,237.30,232.37,0,0,,252,57,1013.6,32000,,"3704",-37.0,1131,186,1,9,2,3,2,2,"A3",,2
1776566560.000,"769103","SIA7450 ",24.948555,121.058246,3700,4125,,,,,,,,,,,,,,,,,,,-37.2,88,186,1,9,,3,2,2,"A5",,2
1776566560.000,"789271","HKE857  ",24.864899,121.119181,32000,33650,397.2,273,448,0.756,229.49,-0.06,0.35,237.30,232.37,0,0,,252,57,1013.6,32000,,"3704",-37.0,1131,186,1,9,2,3,2,2,"A3",,2
1776566565.000,"769103","SIA7450 ",24.948555,121.058246,3700,4125,,,,,,,,,,,,,,,,,,,-37.2,88,186,1,9,,3,2,2,"A5",,2
1776566565.000,"789271","HKE857  ",24.864899,121.119181,32000,33650,397.2,273,448,0.756,229.49,-0.06,0.35,237.30,232.37,0,0,,252,57,1013.6,32000,,"3704",-37.0,1131,186,1,9,2,3,2,2,"A3",,2
1776566570.000,"769103","SIA7450 ",24.948555,121.058246,3700,4125,,,,,,,,,,,,,,,,,,,-37.2,88,186,1,9,,3,2,2,"A5",,2
1776566570.000,"789271","HKE857  ",24.864899,121.119181,32000,33650,397.2,,448,,229.49,-0.06,0.35,,,0,,,,,1013.6,32000,,"3704",-37.0,1131,186,1,9,2,3,,,"A3",,2
1776566575.000,"769103","SIA7450 ",24.948555,121.058246,3700,4125,,,,,,,,,,,,,,,,,,,-37.2,88,186,1,9,,3,2,2,"A5",,2
1776566575.000,"789271","HKE857  ",24.864899,121.119181,32000,33650,397.2,,448,,229.49,-0.06,0.35,,,0,,,,,,,,"3704",-37.0,1131,186,,,2,,,,"A3",,2
1776566580.000,"769103","SIA7450 ",24.948555,121.058246,3700,4125,,,,,,,,,,,,,,,,,,,-37.2,88,186,1,9,,3,2,2,"A5",,2
1776566585.000,"769103","SIA7450 ",24.948555,121.058246,3700,,,,,,,,,,,,,,,,,,,,-37.2,88,186,,,,,,,"A5",,2
1776566590.000,"769103","SIA7450 ",24.948555,121.058246,3700,,,,,,,,,,,,,,,,,,,,-37.2,88,186,,,,,,,"A5",,2
1776566685.000,"780688","CHH7987 ",24.946320,121.057883,3250,3450,196.4,,,,86.21,,,,,-960,,,,,1012.0,2496,,,-37.1,85,186,1,9,1,3,,,"A3",,0
1776566690.000,"780688","CHH7987 ",24.946693,121.064413,3150,3375,196.4,,,,86.21,,,,,-960,,,,,1012.0,2496,,,-36.9,101,186,1,9,1,3,2,2,"A3",,2
1776566695.000,"780688","CHH7987 ",24.947021,121.069082,3075,3275,197.6,179,192,0.288,85.65,-0.16,-1.76,89.30,84.34,-960,-960,,304,7,1012.0,2496,,"3031",-34.9,139,186,1,9,1,3,2,2,"A3",,2
1776566700.000,"780688","CHH7987 ",24.947754,121.074270,3000,3200,197.1,179,190,0.288,79.77,-2.59,-25.49,89.30,84.34,-960,-960,,304,7,1012.0,2496,,"3031",-35.1,162,186,1,9,1,3,2,2,"A3",,2
1776566705.000,"780688","CHH7987 ",24.949310,121.079102,2925,3125,197.4,178,190,0.284,70.46,-1.41,-14.24,70.84,65.88,-704,-800,,322,24,1012.0,2496,,"3031",-34.0,191,186,1,9,1,3,2,2,"A3",,2
1776566710.000,"780688","CHH7987 ",24.950929,121.082706,2875,3075,197.7,177,190,0.280,62.92,-1.41,-14.24,66.09,61.14,-512,-480,,322,24,1012.0,2496,,"3031",-34.4,219,186,1,9,1,3,2,2,"A3",,2
1776566715.000,"780688","CHH7987 ",24.953675,121.087681,2825,3025,197.0,178,190,0.284,57.44,-1.41,-14.24,60.12,55.16,-448,-480,,322,24,1012.0,2496,,"3031",-35.5,252,186,1,9,1,3,2,2,"A3",,2
1776566720.000,"780688","CHH7987 ",24.956329,121.091516,2800,2975,196.8,179,190,0.284,52.43,-1.41,-14.24,55.20,50.23,-448,-448,,322,24,1012.0,2496,,"3031",-33.7,301,186,1,9,1,3,2,2,"A3",,2
1776566725.000,"780688","CHH7987 ",24.959198,121.095225,2750,2925,194.9,179,190,0.284,48.95,-0.50,-4.75,51.86,46.89,-448,-448,,285,9,1012.0,2496,,"3031",-33.6,349,186,1,9,1,3,2,2,"A3",,2
1776566730.000,"780688","CHH7987 ",24.962677,121.099396,2700,2875,193.9,178,188,0.280,47.51,-0.12,-0.88,51.15,46.19,-512,-512,,264,8,1012.0,2496,,"3031",-33.4,404,186,1,9,1,3,2,2,"A3",,2
1776566735.001,"780688","CHH7987 ",24.965500,121.102813,2650,2825,192.5,176,188,0.280,47.53,0.12,0.53,51.68,46.71,-576,-608,,258,5,1012.0,2496,,"3031",-34.9,470,186,1,9,1,3,2,2,"A3",,2
1776566740.000,"780688","CHH7987 ",24.968572,121.106493,2625,2800,191.8,176,186,0.280,47.75,-0.03,0.00,51.50,46.54,-512,-512,,261,7,1012.0,2496,,"3031",-34.3,518,186,1,9,1,3,2,2,"A3",,2
1776566746.000,"780688","CHH7987 ",24.972157,121.110794,2575,2750,191.1,181,192,0.288,47.54,0.00,-0.88,52.38,47.42,-384,-384,,323,2,1012.0,2496,,"3031",-34.8,587,186,1,9,1,3,2,2,"A3",,2
1776566751.000,"780688","CHH7987 ",24.975182,121.114473,2525,2725,186.9,175,190,0.276,48.04,0.28,2.11,53.79,48.82,-704,-672,,89,4,1012.0,2496,,"3031",-36.2,637,186,1,9,1,3,2,2,"A3",,2
1776566756.000,"780688","CHH7987 ",24.977510,121.117427,2475,2650,180.8,169,190,0.268,49.26,0.28,2.11,54.32,49.35,-640,-672,,89,4,1012.0,3008,,"3031",-36.8,659,186,1,9,1,3,2,2,"A3",,2
1776566761.000,"780688","CHH7987 ",24.980072,121.120758,2425,2600,178.9,170,190,0.268,49.99,0.28,2.11,55.02,50.05,-768,-736,,89,4,1012.0,3008,,"3031",-35.6,689,186,1,9,1,3,2,2,"A3",,2
1776566766.000,"780688","CHH7987 ",24.983047,121.124674,2350,2525,178.2,171,180,0.272,50.24,0.06,-0.53,55.37,50.40,-832,-800,,99,2,1012.0,3008,,"3031",-34.6,728,186,1,9,1,3,2,2,"A3",,2
1776566771.000,"780688","CHH7987 ",24.985107,121.127319,2300,2475,173.8,170,176,0.268,49.43,-0.19,-2.11,54.32,49.34,-896,-896,,17,2,1012.0,3008,,"3031",-35.3,766,186,1,9,1,3,2,2,"A3",,2
1776566776.000,"780688","CHH7987 ",24.986298,121.128845,2250,2425,173.8,170,178,0.268,49.43,0.00,-0.70,54.32,49.34,-896,-896,,46,4,1012.0,3008,,"3031",-35.9,769,186,1,9,1,3,2,2,"A3",,2
1776566781.000,"780688","CHH7987 ",24.986298,121.128845,2250,2425,173.8,170,178,0.268,49.43,0.00,-0.70,54.32,49.34,-896,-896,,46,4,1012.0,3008,,"3031",-35.9,769,186,1,9,1,3,2,2,"A3",,2
1776566786.000,"780688","CHH7987 ",24.986298,121.128845,2250,2425,173.8,170,178,0.268,49.43,0.00,-0.70,54.32,49.34,-896,-896,,46,4,1012.0,3008,,"3031",-35.9,769,186,1,9,1,3,2,2,"A3",,2
1776566791.000,"780688","CHH7987 ",24.986298,121.128845,2250,2425,173.8,170,178,0.268,49.43,0.00,-0.70,54.32,49.34,-896,-896,,46,4,1012.0,3008,,"3031",-35.9,769,186,1,9,1,3,2,2,"A3",,2
1776566796.000,"780688","CHH7987 ",24.986298,121.128845,2250,2425,173.8,170,178,0.268,49.43,0.00,-0.70,54.32,49.34,-896,-896,,46,4,1012.0,3008,,"3031",-35.9,769,186,1,9,1,3,2,2,"A3",,2
1776566801.000,"780688","CHH7987 ",24.986298,121.128845,2250,2425,173.8,170,178,0.268,49.43,0.00,-0.70,54.32,49.34,-896,-896,,46,4,1012.0,3008,,"3031",-35.9,769,186,1,9,1,3,2,2,"A3",,2
1776566806.000,"780688","CHH7987 ",24.986298,121.128845,2250,2425,173.8,170,178,0.268,49.43,0.00,-0.70,54.32,49.34,-896,-896,,46,4,1012.0,3008,,"3031",-35.9,769,186,1,9,1,3,2,2,"A3",,2
1776566811.000,"780688","CHH7987 ",24.986298,121.128845,2250,2425,173.8,170,178,0.268,49.43,0.00,-0.70,54.32,49.34,-896,-896,,46,4,1012.0,3008,,"3031",-35.9,769,186,1,9,1,3,2,2,"A3",,2
1776566816.000,"780688","CHH7987 ",24.986298,121.128845,2250,2425,173.8,170,178,0.268,49.43,0.00,-0.70,54.32,49.34,-896,-896,,46,4,1012.0,3008,,"3031",-35.9,769,186,1,9,1,3,2,2,"A3",,2
1776566821.000,"780688","CHH7987 ",24.986298,121.128845,2250,2425,173.8,170,178,0.268,49.43,0.00,-0.70,54.32,49.34,-896,-896,,46,4,1012.0,3008,,"3031",-35.9,769,186,1,9,1,3,2,2,"A3",,2
1776566826.000,"71c555","N/A",24.936451,120.987871,4025,4300,221.2,,,,165.34,,,,,-1024,,,,,1012.0,4000,,,-37.0,16,186,1,8,2,2,,,,,0
1776566826.000,"780688","CHH7987 ",24.986298,121.128845,2250,2425,173.8,170,178,0.268,49.43,0.00,-0.70,54.32,49.34,-896,-896,,46,4,1012.0,3008,,"3031",-35.9,769,186,1,9,1,3,2,2,"A3",,2
1776566831.000,"71c555","N/A",24.936451,120.987871,4025,4300,221.2,,,,165.34,,,,,-1024,,,,,1012.0,4000,,,-37.0,16,186,1,8,2,2,,,,,0
1776566831.000,"780688","CHH7987 ",24.986298,121.128845,2250,2425,173.8,,178,,49.43,0.00,-0.70,,,-896,,,46,4,1012.0,3008,,,-35.9,769,186,1,9,1,3,,,"A3",,2
1776566836.000,"71c555","N/A",24.936451,120.987871,4025,4250,199.5,,,,105.71,,,,,64,,,,,1012.0,4000,,,-36.6,18,186,1,10,2,3,,,,,0
1776566841.000,"71c555","N/A",24.929947,121.002452,4025,4250,199.3,,,,98.66,,,,,64,,,,,1012.0,4000,,,-36.3,20,186,1,8,2,2,,,,,0
1776566846.000,"71c555","N/A",24.929764,121.009776,4025,4250,199.3,,,,98.66,,,,,64,,,,,1012.0,4000,,,-36.1,26,186,1,8,2,2,,,,,0
1776566851.000,"71c555","N/A",24.929764,121.009776,4025,4250,198.3,,,,87.11,,,,,0,,,,,1012.0,4000,,,-36.2,28,186,1,8,2,2,,,,,0
1776566856.000,"71c555","N/A",24.930073,121.016529,4025,4250,198.3,,,,87.11,,,,,0,,,,,1012.0,4000,,"4155",-35.9,35,186,1,8,2,2,,,,,0
1776566861.000,"71c555","N/A",24.930073,121.016529,4025,4250,198.3,,,,87.11,,,,,0,,,,,1012.0,4000,,"4155",-35.9,35,186,1,8,2,2,,,,,0
1776566866.000,"71c555","N/A",24.930073,121.016529,4025,4250,198.3,,,,87.11,,,,,0,,,,,1012.0,4000,,"4155",-35.9,35,186,1,8,2,2,,,,,0
1776566871.000,"71c555","N/A",24.930073,121.016529,4025,4250,198.3,,,,87.11,,,,,0,,,,,1012.0,4000,,"4155",-35.9,36,186,1,8,2,2,,,,,0
1776566876.000,"71c555","N/A",24.933655,121.038920,4050,4275,197.0,,,,60.83,,,,,-64,,,,,1012.0,4000,,"4155",-35.5,45,186,1,8,2,2,,,,,0
1776566881.000,"71c555","N/A",24.936172,121.043142,4025,4275,196.1,,,,56.23,,,,,-320,,,,,1012.0,4000,,"4155",-36.0,57,186,1,10,2,3,2,2,,,2
1776566881.000,"8990f6","N/A",24.822739,121.271362,12000,12550,173.5,,,,231.08,,,,,896,,,,,1013.6,14016,,,-36.2,41,186,1,8,2,2,,,,,0
1776566886.000,"71c555","N/A",24.936813,121.044057,4000,4250,194.8,,,,50.83,,,,,-832,,,,,1012.0,4000,,"4155",-36.8,69,186,1,10,2,3,2,2,,,2
1776566886.000,"8990f6","MDA1265 ",24.820221,121.267955,12075,12625,172.7,,,,230.87,,,,,768,,,,,1013.6,14016,,"4614",-35.5,73,186,1,8,2,2,,,"A2",,0
1776566891.000,"71c555","N/A",24.941944,121.050887,3875,4125,194.2,,,,48.76,,,,,-1344,,,,,1012.0,3008,,"4155",-37.2,77,186,1,10,2,3,2,2,,,2
1776566891.000,"8990f6","MDA1265 ",24.817657,121.264445,12125,12675,173.5,160,,0.304,231.08,,,243.46,238.51,768,736,,,,1013.6,14016,,"4614",-34.3,116,186,1,8,2,2,,,"A2",,0
1776566896.000,"71c555","N/A",24.945529,121.055240,3725,3975,196.1,,,,47.69,,,,,-1600,,,,,1012.0,3008,,"4155",-35.8,91,186,1,10,2,3,2,2,,,2
1776566896.000,"8990f6","MDA1265 ",24.815689,121.261800,12175,12725,173.5,160,,0.304,231.08,,,243.28,238.33,768,768,,,,1013.6,14016,,"4614",-35.0,164,186,1,10,2,3,2,2,"A2",,2
1776566901.000,"71c555","N/A",24.948212,121.058400,3625,3875,196.7,,,,46.65,,,,,-1600,,,,,1012.0,3008,,"4155",-36.6,102,186,1,10,2,3,2,2,,,2
1776566901.000,"8990f6","MDA1265 ",24.812622,121.257680,12250,12800,173.5,159,,0.304,231.08,,,243.63,238.69,704,736,,,,1013.6,14016,,"4614",-34.5,209,186,1,10,2,3,2,2,"A2",,2
1776566906.000,"71c555","JJA6101 ",24.949486,121.059852,3575,3800,198.1,181,,0.292,46.64,,,49.39,44.44,-1408,-1504,,,,1012.0,3008,,"4155",-36.1,118,186,1,10,2,3,2,2,"A3",,2
1776566906.000,"8990f6","MDA1265 ",24.810155,121.254290,12325,12875,173.5,159,,0.304,231.08,,,243.63,238.69,704,736,,,,1013.6,14016,,"4614",-34.0,261,186,1,10,2,3,2,2,"A2",,2
1776566911.000,"71c555","JJA6101 ",24.954895,121.066182,3375,3600,198.2,181,,0.292,47.45,,,49.39,44.44,-1280,-1504,,,,1012.0,3008,,"4155",-36.2,131,186,1,10,2,3,2,2,"A3",,2
1776566911.000,"8990f6","MDA1265 ",24.807455,121.250662,12375,12950,173.5,160,,0.304,231.08,,,244.16,239.22,768,736,,,,1013.6,14016,,"4614",-33.1,318,186,1,10,2,3,2,2,"A2",,2
1776566916.000,"71c555","JJA6101 ",24.957367,121.069234,3300,3525,197.6,181,,0.292,48.49,,,49.39,44.44,-896,-1504,,,,1012.0,3008,,"4155",-35.2,155,186,1,10,2,3,2,2,"A3",,2
1776566916.000,"8990f6","MDA1265 ",24.804886,121.247203,12450,13025,173.5,160,,0.304,231.08,,,244.16,239.22,768,768,,,,1013.6,14016,,"4614",-33.0,381,186,1,10,2,3,2,2,"A2",,2
1776566921.000,"71c555","JJA6101 ",24.959634,121.072083,3250,3475,196.2,181,,0.292,48.51,,,49.39,44.44,-704,-1504,,,,1012.0,3008,,"4155",-36.7,177,186,1,10,2,3,2,2,"A3",,2
1776566921.000,"8990f6","MDA1265 ",24.802185,121.243490,12525,13100,173.5,160,,0.304,231.08,,,244.16,239.22,832,800,,,,1013.6,14016,,"4614",-32.1,426,186,1,10,2,3,2,2,"A2",,2
1776566926.000,"71c555","JJA6101 ",24.963455,121.076813,3175,3375,193.5,181,,0.292,48.98,,,49.39,44.44,-512,-1504,,,,1012.0,3008,,"4155",-35.8,195,186,1,10,2,3,2,2,"A3",,2
1776566926.000,"8990f6","MDA1265 ",24.800034,121.240641,12575,13150,172.7,160,,0.304,230.87,,,244.51,239.57,832,832,,,,1013.6,14016,,"4614",-32.1,484,186,1,10,2,3,2,2,"A2",,2
1776566931.000,"71c555","JJA6101 ",24.966293,121.080475,3150,3350,192.2,175,186,0.280,49.43,0.12,1.05,52.73,47.77,-448,-480,,,,1012.0,3008,,"4155",-36.2,217,186,1,10,2,3,2,2,"A3",,2
1776566931.000,"8990f6","MDA1265 ",24.797493,121.237188,12650,13225,172.7,160,,0.304,230.87,,,244.34,239.40,768,800,,,,1013.6,14016,,"4614",-31.5,546,186,1,10,2,3,2,2,"A2",,2
1776566936.000,"71c555","JJA6101 ",24.968765,121.083628,3100,3300,192.2,175,186,0.280,49.43,0.12,1.05,52.73,47.77,-448,-480,,,,1012.0,3008,,"4155",-35.8,228,186,1,10,2,3,2,2,"A3",,2
1776566936.000,"8990f6","MDA1265 ",24.794632,121.233317,12700,13275,172.7,159,,0.304,230.87,,,243.98,239.05,768,768,,,,1013.6,14016,,"4614",-31.0,610,186,1,10,2,3,2,2,"A2",,2
1776566941.000,"71c555","JJA6101 ",24.972389,121.088251,3050,3250,190.0,172,182,0.276,49.27,0.03,-0.35,52.56,47.59,-768,-608,,263,10,1012.0,3008,,"4155",-34.7,253,186,1,10,2,3,2,2,"A3",,2
1776566941.000,"8990f6","MDA1265 ",24.792068,121.229858,12775,13350,172.7,159,,0.304,230.87,,,243.63,238.70,704,736,,,,1013.6,14016,,"4614",-30.5,660,186,1,10,2,3,2,2,"A2",,2
1776566946.000,"71c555","JJA6101 ",24.975229,121.091879,2975,3175,190.0,171,182,0.272,49.27,0.00,0.18,52.56,47.59,-960,-960,,263,10,1012.0,3008,,"4155",-36.0,274,186,1,10,2,3,2,2,"A3",,2
1776566946.000,"8990f6","MDA1265 ",24.789551,121.226451,12825,13400,172.7,159,,0.304,230.87,,,243.11,238.17,704,704,,,,1013.6,14016,,"4614",-32.2,734,186,1,10,2,3,2,2,"A2",,2
1776566951.000,"71c555","JJA6101 ",24.978115,121.095558,2875,3075,192.1,174,186,0.276,49.01,-0.16,-1.76,52.56,47.59,-1216,-1216,,263,10,1012.0,3008,,"4155",-33.5,305,186,1,10,2,3,2,2,"A3",,2
1776566951.000,"8990f6","MDA1265 ",24.787158,121.223196,12875,13475,173.5,159,,0.304,231.08,,,242.58,237.64,640,640,,,,1013.6,14016,,"4614",-33.1,798,186,1,10,2,3,2,2,"A2",,2
1776566956.000,"71c555","JJA6101 ",24.980955,121.099134,2775,2950,194.2,177,188,0.284,48.76,-0.09,-0.70,52.56,47.59,-1280,-1248,,260,9,1012.0,3008,,"4155",-35.8,337,186,1,10,2,3,2,2,"A3",,2
1776566956.000,"8990f6","MDA1265 ",24.784505,121.219621,12950,13550,173.5,159,,0.304,231.08,,,242.40,237.47,640,640,,,,1013.6,14016,,"4614",-33.4,864,186,1,10,2,3,2,2,"A2",,2
1776566956.000,"7892a5","HKE848  ",24.813041,121.574914,34975,36775,540.5,,456,,51.84,0.00,0.00,,,0,,,,,1012.8,35008,,,-36.2,31,186,1,8,2,2,,,,,0
1776566961.000,"71c555","JJA6101 ",24.983795,121.102710,2675,2850,195.8,181,192,0.288,49.56,0.12,1.58,53.09,48.12,-1216,-1312,,260,9,1012.0,3008,,"4155",-35.9,352,186,1,10,2,3,2,2,"A3",,2
1776566961.000,"8990f6","MDA1265 ",24.782089,121.216278,13000,13600,173.5,159,,0.308,231.08,,,242.40,237.47,640,640,,,,1013.6,14016,,"4614",-31.7,918,186,1,10,2,3,2,2,"A2",,2
1776566961.000,"7892a5","HKE848  ",24.814682,121.577148,34975,36775,540.5,,456,,51.84,0.00,0.00,,,0,,,,,1012.8,35008,,,-36.6,32,186,1,8,2,2,,,,,0
1776566966.000,"71c555","JJA6101 ",24.985331,121.104731,2600,2775,194.8,181,192,0.288,50.83,0.12,1.58,53.09,48.12,-1152,-1312,,260,9,1012.0,3008,,"4155",-35.8,370,186,1,10,2,3,2,2,"A3",,2
1776566966.000,"8990f6","MDA1265 ",24.779388,121.212667,13050,13650,174.9,159,,0.304,231.03,,,242.23,237.29,576,576,,,,1013.6,14016,,"4614",-31.8,995,186,1,10,2,3,2,2,"A2",,2
1776566966.000,"7892a5","HKE848  ",24.828543,121.596472,34975,36775,541.2,260,456,0.768,51.75,0.00,0.00,53.79,48.81,0,-32,,,,1012.8,35008,,"3563",-36.2,56,186,1,9,2,3,2,3,,,2
1776566971.000,"71c555","JJA6101 ",24.989288,121.109861,2500,2675,192.7,181,192,0.288,48.37,-0.59,-6.50,53.09,48.12,-768,-1312,,260,9,1012.0,3008,,"4155",-35.9,375,186,1,10,2,3,2,2,"A3",,2
1776566971.000,"8990f6","MDA1265 ",24.776871,121.209259,13100,13700,174.9,159,,0.308,231.03,,,242.40,237.47,576,576,,,,1013.6,14016,,"4614",-31.7,1056,186,1,10,2,3,2,2,"A2",,2
1776566971.000,"7892a5","HKE848  ",24.828543,121.596472,34975,36775,541.2,260,456,0.768,51.75,0.00,0.00,53.79,48.81,0,-32,,,,1012.8,35008,,"3563",-36.4,57,186,1,9,2,3,2,3,,,2
1776566976.000,"71c555","JJA6101 ",24.992267,121.113437,2425,2600,192.7,181,192,0.288,48.37,-0.59,-6.50,53.09,48.12,-768,-1312,,260,9,1012.0,3008,,"4155",-36.4,377,186,1,10,2,3,2,2,"A3",,2
1776566976.000,"8990f6","MDA1265 ",24.774729,121.206302,13125,13725,175.7,159,,0.308,231.24,,,242.58,237.65,576,608,,,,1013.6,14016,,"4614",-31.8,1123,186,1,10,2,3,2,2,"A2",,2
1776566976.000,"7892a5","HKE848  ",24.828543,121.596472,34975,36775,541.2,260,456,0.768,51.75,0.00,0.00,53.79,48.81,0,-32,,,,1012.8,35008,,"3563",-36.4,57,186,1,9,2,3,2,3,,,2
1776566981.000,"780995","N/A",24.906052,121.002900,4050,4325,198.4,,,,86.53,,,,,0,,,,,,,,,-36.3,9,186,,8,1,2,,,,,0
1776566981.000,"71c555","JJA6101 ",24.995728,121.117757,2325,2500,183.0,172,192,0.272,49.43,-0.59,-6.50,54.49,49.52,-896,-896,,,,1012.0,3008,,"4155",-35.1,397,186,1,10,2,3,2,2,"A3",,2
1776566981.000,"8990f6","MDA1265 ",24.771835,121.202393,13200,13800,176.3,159,,0.308,230.98,,,242.58,237.65,576,608,,,,1013.6,14016,,"4614",-33.0,1173,186,1,10,2,3,2,2,"A2",,2
1776566981.000,"7892a5","HKE848  ",24.828543,121.596472,34975,36775,541.2,260,456,0.768,51.75,0.00,0.00,53.79,48.81,0,-32,,,,1012.8,35008,,"3563",-36.4,57,186,1,9,2,3,2,3,,,2
1776566986.000,"780995","CSN3087 ",24.906326,121.007385,4025,4300,198.3,,,,86.82,,,,,-64,,,,,1012.0,4000,,"5015",-35.1,28,186,1,8,1,2,,,"A5",,0
1776566986.000,"71c555","JJA6101 ",24.998383,121.121267,2250,2425,179.0,172,178,0.272,50.44,0.31,1.58,54.49,49.52,-832,-896,,,,1012.0,3008,,"4155",-36.3,415,186,1,10,2,3,2,2,"A3",,2
1776566986.000,"8990f6","MDA1265 ",24.769135,121.198730,13250,13850,177.1,159,,0.308,231.19,,,242.40,237.47,576,544,,,,1013.6,14016,,"4614",-31.4,1247,186,1,10,2,3,2,2,"A2",,2
1776566986.000,"7892a5","HKE848  ",24.828543,121.596472,34975,36775,541.2,260,456,0.768,51.75,0.00,0.00,53.79,48.81,0,-32,,,,1012.8,35008,,"3563",-36.4,57,186,1,9,2,3,2,3,,,2
1776566991.000,"780995","CSN3087 ",24.906611,121.012694,4025,4300,198.4,177,,0.288,86.53,,,90.00,85.06,64,-64,,,,1012.0,4000,,"5015",-35.1,49,186,1,8,1,2,,,"A5",,0
1776566991.000,"71c555","JJA6101 ",24.998383,121.121267,2250,2425,179.0,172,178,0.272,50.44,0.31,1.58,54.49,49.52,-832,-896,,,,1012.0,3008,,"4155",-36.6,419,186,1,10,2,3,2,2,"A3",,2
1776566991.000,"8990f6","MDA1265 ",24.766582,121.195264,13275,13900,178.5,159,,0.308,231.14,,,242.58,237.65,512,512,,,,1013.6,14016,,"4614",-30.9,1306,186,1,10,2,3,2,2,"A2",,2
1776566991.000,"7892a5","HKE848  ",24.828543,121.596472,34975,36775,541.2,260,456,0.768,51.75,0.00,0.00,53.79,48.81,0,-32,,,,1012.8,35008,,"3563",-36.4,57,186,1,9,2,3,2,3,,,2
1776566996.000,"780995","CSN3087 ",24.906797,121.016477,4025,4300,198.4,177,,0.288,86.53,,,90.00,85.06,64,-64,,,,1012.0,4000,,"5015",-36.1,65,186,1,8,1,2,,,"A5",,0
1776566996.000,"71c555","JJA6101 ",24.998383,121.121267,2250,2425,179.0,172,178,0.272,50.44,0.31,1.58,54.49,49.52,-832,-896,,,,1012.0,3008,,"4155",-36.6,419,186,1,10,2,3,2,2,"A3",,2
1776566996.000,"8990f6","MDA1265 ",24.764236,121.192118,13325,13950,179.1,159,,0.308,230.89,,,242.58,237.65,576,544,,,,1013.6,14016,,"4614",-29.6,1377,186,1,10,2,3,2,2,"A2",,2
1776566996.000,"7892a5","HKE848  ",24.828543,121.596472,34975,36775,541.2,260,456,0.768,51.75,0.00,0.00,53.79,48.81,0,-32,,,,1012.8,35008,,"3563",-36.4,57,186,1,9,2,3,2,3,,,2
1776567001.000,"780995","CSN3087 ",24.907449,121.022385,4025,4300,198.4,177,,0.288,86.53,,,90.00,85.06,64,-64,,,,1012.0,4000,,"5015",-34.7,77,186,1,9,1,3,2,3,"A5",,2
1776567001.000,"71c555","JJA6101 ",24.998383,121.121267,2250,2425,179.0,172,178,0.272,50.44,0.31,1.58,54.49,49.52,-832,-896,,,,1012.0,3008,,"4155",-36.6,419,186,1,10,2,3,2,2,"A3",,2
1776567001.000,"8990f6","MDA1265 ",24.761508,121.188372,13375,14000,179.9,159,,0.308,231.09,,,242.58,237.65,576,576,,,,1013.6,14016,,"4614",-27.9,1426,186,1,10,2,3,2,2,"A2",,2
1776567001.000,"7892a5","HKE848  ",24.828543,121.596472,34975,36775,541.2,260,456,0.768,51.75,0.00,0.00,53.79,48.81,0,-32,,,,1012.8,35008,,"3563",-36.4,57,186,1,9,2,3,2,3,,,2
1776567006.000,"780995","CSN3087 ",24.908203,121.025289,4025,4300,193.7,177,188,0.288,69.13,-2.09,-18.63,90.00,85.06,256,-64,,,,1012.0,4000,,"5015",-35.0,93,186,1,9,1,3,2,3,"A5",,2
1776567006.000,"71c555","JJA6101 ",24.998383,121.121267,2250,2425,179.0,172,178,0.272,50.44,0.31,1.58,54.49,49.52,-832,-896,,,,1012.0,3008,,"4155",-36.6,419,186,1,10,2,3,2,2,"A3",,2
1776567006.000,"8990f6","MDA1265 ",24.758881,121.184845,13425,14050,180.5,160,,0.308,230.84,,,242.75,237.83,576,608,,,,1013.6,14016,,"4614",-27.3,1503,186,1,10,2,3,2,2,"A2",,2
1776567006.000,"7892a5","HKE848  ",24.828543,121.596472,34975,36775,541.2,260,456,0.768,51.75,0.00,0.00,53.79,48.81,0,-32,,,,1012.8,35008,,"3563",-36.4,57,186,1,9,2,3,2,3,,,2
1776567011.000,"780995","CSN3087 ",24.908203,121.025289,4025,4300,193.7,177,188,0.288,69.13,-2.09,-18.63,90.00,85.06,256,-64,,,,1012.0,4000,,"5015",-35.0,93,186,1,9,1,3,2,3,"A5",,2
1776567011.000,"71c555","JJA6101 ",24.998383,121.121267,2250,2425,179.0,172,178,0.272,50.44,0.31,1.58,54.49,49.52,-832,-896,,,,1012.0,3008,,,-36.6,419,186,1,10,2,3,2,2,"A3",,2
1776567011.000,"8990f6","MDA1265 ",24.756294,121.181324,13475,14100,181.3,160,,0.312,231.04,,,242.93,238.01,576,608,,,,1013.6,14016,,"4614",-27.9,1560,186,1,10,2,3,2,2,"A2",,2
1776567011.000,"7892a5","HKE848  ",24.828543,121.596472,34975,36775,541.2,260,456,0.768,51.75,0.00,0.00,53.79,48.81,0,-32,,,,1012.8,35008,,"3563",-36.4,57,186,1,9,2,3,2,3,,,2
1776567016.000,"780995","CSN3087 ",24.908203,121.025289,4025,4300,193.7,177,188,0.288,69.13,-2.09,-18.63,90.00,85.06,256,-64,,,,1012.0,4000,,"5015",-35.0,93,186,1,9,1,3,2,3,"A5",,2
1776567016.000,"71c555","JJA6101 ",24.998383,121.121267,2250,2425,179.0,172,178,0.272,50.44,0.31,1.58,54.49,49.52,-832,-896,,,,1012.0,3008,,,-36.6,419,186,1,10,2,3,2,2,"A3",,2
1776567016.000,"8990f6","MDA1265 ",24.753640,121.177748,13525,14150,181.3,160,,0.312,231.04,,,242.75,237.83,576,608,,,,1013.6,14016,,"4614",-28.2,1635,186,1,10,2,3,2,2,"A2",,2
1776567016.000,"7892a5","HKE848  ",24.828543,121.596472,34975,36775,541.2,260,456,0.768,51.75,0.00,0.00,53.79,48.81,0,-32,,,,1012.8,35008,,"3563",-36.4,57,186,1,9,2,3,2,3,,,2
1776567021.000,"780995","CSN3087 ",24.908203,121.025289,4025,4300,186.4,177,188,0.288,53.07,-2.09,-18.63,90.00,85.06,-128,-64,,,,1012.0,4000,,"5015",-35.2,94,186,1,9,1,3,2,3,"A5",,2
1776567021.000,"71c555","JJA6101 ",24.998383,121.121267,2250,2425,179.0,172,178,0.272,50.44,0.31,1.58,54.49,49.52,-832,-896,,,,1012.0,3008,,,-36.6,419,186,1,10,2,3,2,2,"A3",,2
1776567021.000,"8990f6","MDA1265 ",24.750961,121.174164,13575,14200,182.0,160,,0.312,230.80,,,242.75,237.83,576,608,,,,1013.6,14016,,"4614",-26.9,1683,186,1,10,2,3,2,2,"A2",,2
1776567021.000,"7892a5","HKE848  ",24.828543,121.596472,34975,36775,541.2,260,,0.768,51.75,,,53.79,48.81,0,-32,,,,1012.8,35008,,"3563",-36.4,57,186,1,9,2,3,2,3,,,2
1776567026.000,"780995","CSN3087 ",24.918503,121.042582,4050,4325,187.6,177,184,0.288,50.62,-0.31,-3.16,90.00,85.06,-128,-64,,,,1012.0,4000,,"5015",-35.7,114,186,1,9,1,3,2,3,"A5",,2
1776567026.000,"71c555","JJA6101 ",24.998383,121.121267,2250,2425,179.0,172,178,0.272,50.44,0.31,1.58,54.49,49.52,-832,-896,,,,1012.0,3008,,,-36.6,419,186,1,10,2,3,2,2,"A3",,2
1776567026.000,"71be20","AIH954  ",24.856384,121.141968,37000,38825,576.7,274,496,0.840,47.18,0.03,0.18,49.04,45.18,0,0,,239,83,1013.6,36992,,"3537",-34.9,56,186,1,9,1,3,2,2,,,2
1776567026.000,"8990f6","MDA1265 ",24.748306,121.170553,13625,14250,182.7,160,,0.312,231.00,,,242.75,237.84,576,576,,,,1013.6,14016,,"4614",-30.3,1756,186,1,10,2,3,2,2,"A2",,2
1776567026.000,"7892a5","HKE848  ",24.828543,121.596472,34975,36775,541.2,,,,51.75,,,,,0,,,,,,,,,-36.4,57,186,,,2,,,,,,2
1776567031.000,"780995","CSN3087 ",24.921570,121.046600,4025,4300,186.7,177,184,0.288,50.00,-0.31,-3.16,90.00,85.06,-192,-64,,,,1012.0,3008,,"5015",-35.9,140,186,1,9,1,3,2,3,"A5",,2
1776567031.000,"71c555","JJA6101 ",24.998383,121.121267,2250,2425,179.0,172,178,0.272,50.44,0.31,1.58,54.49,49.52,-832,-896,,,,1012.0,3008,,,-36.6,419,186,1,10,2,3,2,2,"A3",,2
1776567031.000,"71be20","AIH954  ",24.863846,121.150767,37000,38825,576.7,274,496,0.840,47.18,0.00,0.00,49.04,44.12,0,0,,245,86,1013.6,36992,,"3537",-35.0,124,186,1,9,1,3,2,2,"A5",,2
1776567031.000,"8990f6","MDA1265 ",24.745651,121.166941,13675,14300,182.7,159,,0.312,231.00,,,242.93,238.01,512,544,,,,1013.6,14016,,"4614",-33.8,1804,186,1,10,2,3,2,2,"A2",,2
1776567036.000,"780995","CSN3087 ",24.924133,121.049957,4000,4275,185.9,177,182,0.288,49.80,-0.09,0.00,90.00,85.06,-512,-64,,,,1012.0,3008,,"5015",-35.5,163,186,1,9,1,3,2,3,"A5",,2
1776567036.000,"71c555","JJA6101 ",24.998383,121.121267,2250,2425,179.0,172,178,0.272,50.44,0.31,1.58,54.49,49.52,-832,-896,,,,1012.0,3008,,,-36.6,419,186,1,10,2,3,2,2,"A3",,2
1776567036.000,"71be20","AIH954  ",24.873642,121.162364,37000,38825,576.7,274,496,0.840,47.18,0.00,-0.18,48.87,43.94,0,0,,246,86,1013.6,36992,,"3537",-33.2,179,186,1,9,1,3,2,2,"A5",,2
1776567036.000,"8990f6","MDA1265 ",24.743546,121.164144,13700,14350,183.5,159,,0.312,231.19,,,242.93,238.01,512,544,,,,1013.6,14016,,"4614",-35.7,1833,186,1,10,2,3,2,2,"A2",,2
1776567041.000,"780995","CSN3087 ",24.925873,121.052144,3975,4250,184.5,177,182,0.288,49.84,-0.09,0.00,90.00,85.06,-640,-64,,,,1012.0,3008,,"5015",-36.5,170,186,1,9,1,3,2,3,"A5",,2
1776567041.000,"71c555","JJA6101 ",24.998383,121.121267,2250,2425,179.0,,178,,50.44,0.31,1.58,,,-832,,,,,1012.0,3008,,,-36.6,419,186,1,10,2,3,2,2,"A3",,2
1776567041.000,"8990f6","MDA1265 ",24.743546,121.164144,13700,14350,183.5,159,,0.312,231.19,,,242.93,238.01,512,544,,,,1013.6,14016,,"4614",-35.7,1833,186,1,10,2,3,2,2,"A2",,2
1776567041.000,"71be20","AIH954  ",24.883102,121.173551,37000,38825,576.7,274,496,0.840,47.18,0.00,-0.18,48.87,43.93,0,0,,246,86,1013.6,36992,,"3537",-33.6,246,186,1,9,1,3,2,2,"A5",,2
1776567046.000,"780995","CSN3087 ",24.930038,121.057536,3875,4150,183.6,166,182,0.268,49.20,-0.09,0.00,52.03,47.08,-832,-832,,,,1012.0,3008,,"5015",-36.0,198,186,1,9,1,3,2,3,"A5",,2
1776567046.000,"71c555","JJA6101 ",24.998383,121.121267,2250,2425,179.0,,,,50.44,,,,,-832,,,,,,,,,-36.6,419,186,,,2,,,,"A3",,2
1776567046.000,"8990f6","MDA1265 ",24.743546,121.164144,13700,14350,183.5,159,,0.312,231.19,,,242.93,238.01,512,544,,,,1013.6,14016,,"4614",-35.7,1833,186,1,10,2,3,2,2,"A2",,2
1776567046.000,"71be20","AIH954  ",24.892552,121.184692,37000,38825,576.7,274,496,0.840,47.18,0.00,0.18,48.87,43.93,0,0,,246,86,1013.6,36992,,"3537",-32.7,318,186,1,9,1,3,2,2,"A5",,2
1776567051.000,"780995","CSN3087 ",24.931686,121.059621,3825,4100,183.6,166,180,0.268,49.20,-0.16,-0.35,52.21,47.26,-1024,-992,,288,7,1012.0,3008,,"5015",-35.3,232,186,1,9,1,3,2,3,"A5",,2
1776567051.000,"8990f6","MDA1265 ",24.743546,121.164144,13700,14350,183.5,159,,0.312,231.19,,,242.93,238.01,512,544,,,,1013.6,14016,,"4614",-35.7,1833,186,1,10,2,3,2,2,"A2",,2
1776567051.000,"71be20","AIH954  ",24.901291,121.195017,37000,38825,576.7,274,496,0.840,47.18,0.00,-0.18,48.87,43.93,0,0,,246,86,1013.6,36992,,"3537",-35.0,388,186,1,9,1,3,2,2,"A5",,2
1776567056.000,"780995","CSN3087 ",24.935334,121.064257,3725,4000,184.3,166,180,0.268,48.96,-0.16,-0.35,52.21,47.26,-1024,-992,,288,7,1012.0,3008,,"5015",-35.3,270,186,1,9,1,3,2,3,"A5",,2
1776567056.000,"8990f6","MDA1265 ",24.743546,121.164144,13700,14350,183.5,159,,0.312,231.19,,,242.93,238.01,512,544,,,,1013.6,14016,,"4614",-35.7,1833,186,1,10,2,3,2,2,"A2",,2
1776567056.000,"71be20","AIH954  ",24.910538,121.206004,37000,38825,576.7,274,496,0.836,47.18,0.00,-0.18,48.87,43.93,0,0,,246,86,1013.6,36992,,"3537",-35.3,441,186,1,9,1,3,2,2,"A5",,2
1776567061.000,"780995","CSN3087 ",24.938173,121.067833,3625,3900,184.9,166,180,0.268,48.73,-0.16,-0.35,52.21,47.26,-1024,-992,,288,7,1012.0,3008,,"5015",-36.3,302,186,1,9,1,3,2,3,"A5",,2
1776567061.000,"8990f6","MDA1265 ",24.743546,121.164144,13700,14350,183.5,159,,0.312,231.19,,,242.93,238.01,512,544,,,,1013.6,14016,,"4614",-35.7,1833,186,1,10,2,3,2,2,"A2",,2
1776567061.000,"71be20","AIH954  ",24.915642,121.212003,37000,38825,576.7,273,494,0.836,47.18,0.00,0.00,49.04,44.10,0,-32,,245,88,1013.6,36992,,"3537",-36.2,480,186,1,9,1,3,2,2,"A5",,2
1776567066.000,"780995","CSN3087 ",24.941116,121.071472,3550,3825,185.7,166,180,0.268,48.93,-0.16,-0.35,52.21,47.26,-1024,-992,,288,7,1012.0,3008,,"5015",-35.0,339,186,1,9,1,3,2,3,"A5",,2
1776567066.000,"8990f6","MDA1265 ",24.743546,121.164144,13700,14350,183.5,159,,0.312,231.19,,,242.93,238.01,512,544,,,,1013.6,14016,,"4614",-35.7,1833,186,1,10,2,3,2,2,"A2",,2
1776567066.000,"71be20","AIH954  ",24.915642,121.212003,37000,38825,576.7,274,494,0.840,47.18,0.00,-0.18,49.04,44.09,0,0,,245,88,1013.6,36992,,"3537",-37.0,498,186,1,9,1,3,2,2,"A5",,2
1776567071.000,"780995","CSN3087 ",24.944046,121.075185,3475,3750,185.7,166,180,0.268,48.93,-0.16,-0.35,52.21,47.26,-960,-992,,288,7,1012.0,3008,,"5015",-36.1,362,186,1,9,1,3,2,3,"A5",,2
1776567071.000,"8990f6","MDA1265 ",24.743546,121.164144,13700,14350,183.5,159,,0.312,231.19,,,242.93,238.01,512,544,,,,1013.6,14016,,"4614",-35.7,1833,186,1,10,2,3,2,2,"A2",,2
1776567071.000,"71be20","AIH954  ",24.915642,121.212003,37000,38825,576.7,274,494,0.840,47.18,0.00,-0.18,49.04,44.09,0,0,,245,88,1013.6,36992,,"3537",-37.3,501,186,1,9,1,3,2,2,"A5",,2
1776567076.000,"780995","CSN3087 ",24.945877,121.077525,3425,3675,186.5,166,180,0.268,49.13,-0.16,-0.35,52.21,47.26,-960,-992,,288,7,1012.0,3008,,"5015",-35.0,384,186,1,9,1,3,2,3,"A5",,2
1776567076.000,"8990f6","MDA1265 ",24.743546,121.164144,13700,14350,183.5,159,,0.312,231.19,,,242.93,238.01,512,544,,,,1013.6,14016,,"4614",-35.7,1833,186,1,10,2,3,2,2,"A2",,2
1776567076.000,"71be20","AIH954  ",24.915642,121.212003,37000,38825,576.7,274,494,0.840,47.18,0.00,-0.18,49.04,44.09,0,0,,245,88,1013.6,36992,,"3537",-37.4,502,186,1,9,1,3,2,2,"A5",,2
1776567081.000,"780995","CSN3087 ",24.949768,121.082408,3300,3550,187.1,166,180,0.268,48.90,-0.16,-0.35,52.21,47.26,-960,-992,,,,1012.0,3008,,"5015",-34.2,411,186,1,9,1,3,2,3,"A5",,2
1776567081.000,"8990f6","MDA1265 ",24.743546,121.164144,13700,14350,183.5,159,,0.312,231.19,,,242.93,238.01,512,544,,,,1013.6,14016,,"4614",-35.7,1833,186,1,10,2,3,2,2,"A2",,2
1776567081.000,"71be20","AIH954  ",24.915642,121.212003,37000,38825,576.7,274,494,0.840,47.18,0.00,-0.18,49.04,44.09,0,0,,245,88,1013.6,36992,,"3537",-37.3,509,186,1,9,1,3,2,2,"A5",,2
1776567086.000,"780995","CSN3087 ",24.952057,121.085307,3225,3475,187.9,168,180,0.268,49.10,-0.16,-0.35,52.21,47.25,-1024,-992,,,,1012.0,3008,,"5015",-34.7,431,186,1,9,1,3,2,3,"A5",,2
1776567086.000,"8990f6","MDA1265 ",24.743546,121.164144,13700,14350,183.5,159,,0.312,231.19,,,242.93,238.01,512,544,,,,1013.6,14016,,"4614",-35.7,1833,186,1,10,2,3,2,2,"A2",,2
1776567086.000,"71be20","AIH954  ",24.960705,121.265380,37000,38825,576.7,274,494,0.840,47.18,0.00,-0.18,49.04,44.09,0,0,,245,88,1013.6,36992,,"3537",-37.2,520,186,1,9,1,3,2,2,"A5",,2
1776567091.000,"780995","CSN3087 ",24.955491,121.089702,3150,3375,188.6,168,180,0.268,49.30,-0.16,-0.35,52.21,47.25,-896,-992,,,,1012.0,3008,,"5015",-35.6,451,186,1,9,1,3,2,3,"A5",,2
1776567091.000,"8990f6","MDA1265 ",24.743546,121.164144,13700,14350,183.5,159,,0.312,231.19,,,242.93,238.01,512,544,,,,1013.6,14016,,"4614",-35.7,1833,186,1,10,2,3,2,2,"A2",,2
1776567091.000,"71be20","AIH954  ",24.973618,121.280619,37000,38800,576.7,274,494,0.840,47.18,0.00,-0.18,49.04,44.09,0,0,,245,88,1013.3,37008,,"3537",-36.4,545,186,1,9,1,3,2,2,"A5",,2
1776567091.000,"780a9c","CPA580  ",24.829239,121.597900,37000,38900,571.8,,488,,51.75,,0.18,,,0,,,,,1012.8,36992,,"3546",-37.1,41,186,1,8,1,2,,,,,0
1776567096.000,"780995","CSN3087 ",24.957586,121.092345,3075,3300,188.6,168,180,0.268,49.30,-0.16,-0.35,52.21,47.25,-960,-992,,,,1012.0,3008,,"5015",-35.7,465,186,1,9,1,3,2,3,"A5",,2
1776567096.000,"71be20","AIH954  ",24.973618,121.280619,37000,38800,576.7,274,494,0.840,47.18,0.00,-0.18,49.04,44.09,64,0,,245,88,1013.3,37008,,"3537",-37.6,552,186,1,9,1,3,2,2,"A5",,2
1776567096.000,"780a9c","CPA580  ",24.829239,121.597900,37000,38900,571.8,,488,,51.75,,0.18,,,0,,,,,1012.8,36992,,"3546",-37.3,43,186,1,8,1,2,,,,,0
1776567101.000,"780995","CSN3087 ",24.960938,121.096649,2975,3200,188.6,168,180,0.268,49.30,-0.16,-0.35,52.21,47.25,-896,-992,,,,1012.0,3008,,"5015",-35.5,477,186,1,9,1,3,2,3,"A5",,2
1776567101.000,"71be20","AIH954  ",24.986343,121.295726,37000,38800,576.7,274,496,0.840,47.18,0.00,-0.18,49.04,44.09,64,0,,245,88,1013.3,37008,,"3537",-37.4,564,186,1,9,1,3,2,2,"A5",,2
1776567101.000,"780a9c","CPA580  ",24.841950,121.615647,37000,38900,571.8,,488,,51.75,,0.18,,,0,,,,,1012.8,36992,,"3546",-37.7,47,186,1,8,1,2,,,,,0
1776567106.000,"780995","CSN3087 ",24.963638,121.100067,2900,3125,187.9,168,180,0.268,49.10,-0.16,-0.35,52.21,47.25,-960,-992,,,,1012.0,3008,,"5015",-36.7,484,186,1,9,1,3,2,3,"A5",,2
1776567106.000,"71be20","AIH954  ",24.986343,121.295726,37000,38800,577.4,274,496,0.840,47.25,0.00,-0.18,49.04,44.09,0,0,,245,88,1013.3,37008,,"3537",-38.1,570,186,1,9,1,3,2,2,"A5",,2
1776567106.000,"780a9c","CPA580  ",24.841950,121.615647,37000,38900,571.8,,488,,51.75,,0.18,,,0,,,,,1012.8,36992,,"3546",-37.7,47,186,1,8,1,2,,,,,0
1776567111.000,"780995","CSN3087 ",24.963638,121.100067,2900,3125,188.5,167,,0.264,48.87,,,52.73,47.77,-1024,-1056,,,,1012.0,3008,,"5015",-36.1,494,186,1,9,1,3,2,3,"A5",,2
1776567111.000,"71be20","AIH954  ",24.986343,121.295726,37000,38800,577.4,274,496,0.840,47.25,0.00,-0.18,49.04,44.09,0,0,,245,88,1013.3,37008,,"3537",-37.7,574,186,1,9,1,3,2,2,"A5",,2
1776567111.000,"780a9c","CPA580  ",24.841950,121.615647,37000,38900,571.8,,488,,51.75,,0.18,,,0,,,,,1012.8,36992,,"3546",-37.7,47,186,1,8,1,2,,,,,0
1776567116.000,"780995","CSN3087 ",24.968712,121.106493,2750,2975,189.3,169,,0.268,49.07,,,52.73,47.77,-960,-992,,,,1012.0,3008,,"5015",-36.3,511,186,1,9,1,3,2,3,"A5",,2
1776567116.000,"71be20","AIH954  ",24.986343,121.295726,37000,38800,577.4,274,496,0.840,47.25,0.00,-0.18,49.04,44.09,0,0,,245,88,1013.3,37008,,"3537",-37.8,575,186,1,9,1,3,2,2,"A5",,2
1776567116.000,"780a9c","CPA580  ",24.841950,121.615647,37000,38900,571.8,,488,,51.75,,0.18,,,0,,,,,1012.8,36992,,"3546",-37.7,47,186,1,8,1,2,,,,,0
1776567121.000,"780995","CSN3087 ",24.971970,121.110586,2675,2900,189.2,169,,0.268,48.64,,,52.73,47.77,-960,-992,,,,1012.0,3008,,"5015",-36.1,520,186,1,9,1,3,2,3,"A5",,2
1776567121.000,"71be20","AIH954  ",24.986343,121.295726,37000,38800,577.4,274,496,0.840,47.25,0.00,-0.18,49.04,44.09,0,0,,,,1013.3,37008,,"3537",-37.8,575,186,,,1,,,,"A5",,2
1776567121.000,"780a9c","CPA580  ",24.841950,121.615647,37000,38900,571.8,,488,,51.75,,0.18,,,0,,,,,1012.8,36992,,"3546",-37.7,47,186,1,8,1,2,,,,,0
1776567126.000,"780995","CSN3087 ",24.975266,121.114655,2575,2800,189.2,169,,0.268,48.64,,,52.73,47.77,-1216,-992,,,,1012.0,3008,,"5015",-35.7,533,186,1,9,1,3,2,3,"A5",,2
1776567126.000,"71be20","AIH954  ",24.986343,121.295726,37000,38800,577.4,,496,,47.25,0.00,-0.18,,,0,,,,,1013.3,37008,,"3537",-37.8,575,186,,,1,,,,"A5",,2
1776567126.000,"780a9c","CPA580  ",24.841950,121.615647,37000,38900,571.8,,488,,51.75,,0.18,,,0,,,,,1012.8,36992,,"3546",-37.7,47,186,1,8,1,2,,,,,0
1776567131.000,"780995","CSN3087 ",24.976822,121.116587,2525,2750,189.3,169,,0.268,49.07,,,52.73,47.77,-1088,-992,,,,1012.0,3008,,"5015",-36.8,541,186,1,9,1,3,2,3,"A5",,2
1776567131.000,"71be20","AIH954  ",24.986343,121.295726,37000,38800,577.4,,496,,47.25,0.00,-0.18,,,0,,,,,1013.3,37008,,"3537",-37.8,575,186,,,1,,,,"A5",,2
1776567131.000,"780a9c","CPA580  ",24.841950,121.615647,37000,38900,571.8,,488,,51.75,,0.18,,,0,,,,,1012.8,36992,,"3546",-37.7,47,186,1,8,1,2,,,,,0
1776567136.000,"780995","CSN3087 ",24.979523,121.120148,2425,2650,188.1,169,,0.268,49.96,,,52.73,47.77,-832,-992,,,,1012.0,3008,,"5015",-36.2,551,186,1,9,1,3,2,3,"A5",,2
1776567136.000,"71be20","AIH954  ",24.986343,121.295726,37000,38800,577.4,,496,,47.25,0.00,-0.18,,,0,,,,,1013.3,37008,,"3537",-37.8,575,186,,,1,,,,"A5",,2
1776567136.000,"780a9c","CPA580  ",24.841950,121.615647,37000,38900,571.8,,488,,51.75,,0.18,,,0,,,,,1012.8,36992,,"3546",-37.7,47,186,1,8,1,2,,,,,0
1776567141.000,"780995","CSN3087 ",24.984027,121.125926,2325,2525,187.3,169,,0.268,49.76,,,52.73,47.77,-960,-992,,,,1012.0,3008,,"5015",-36.4,563,186,1,9,1,3,2,3,"A5",,2
1776567141.000,"71be20","AIH954  ",24.986343,121.295726,37000,38800,577.4,,496,,47.25,0.00,-0.18,,,0,,,,,1013.3,37008,,"3537",-37.8,575,186,,,1,,,,"A5",,2
1776567141.000,"780a9c","CPA580  ",24.841950,121.615647,37000,38900,,,488,,,,0.18,,,,,,,,,,,"3546",-37.7,47,186,,8,,2,,,,,0
1776567146.000,"780995","CSN3087 ",24.984027,121.125926,2325,2525,187.3,169,,0.268,49.76,,,52.73,47.77,-960,-992,,,,1012.0,3008,,"5015",-36.4,563,186,1,9,1,3,2,3,"A5",,2
1776567146.000,"71be20","AIH954  ",24.986343,121.295726,37000,38800,577.4,,496,,47.25,0.00,-0.18,,,0,,,,,1013.3,37008,,"3537",-37.8,575,186,,,1,,,,"A5",,2
1776567146.000,"780a9c","CPA580  ",24.841950,121.615647,37000,38900,,,488,,,,0.18,,,,,,,,,,,"3546",-37.7,47,186,,8,,2,,,,,0
1776567151.000,"780995","CSN3087 ",24.984027,121.125926,2325,2525,187.3,169,,0.268,49.76,,,52.73,47.77,-960,-992,,,,1012.0,3008,,"5015",-36.4,563,186,1,9,1,3,2,3,"A5",,2
1776567151.000,"71be20","AIH954  ",24.986343,121.295726,37000,38800,577.4,,496,,47.25,0.00,-0.18,,,0,,,,,1013.3,37008,,,-37.8,575,186,,,1,,,,"A5",,2
1776567151.000,"780a9c","CPA580  ",24.841950,121.615647,37000,38900,,,,,,,,,,,,,,,,,,"3546",-37.7,47,186,,8,,2,,,,,0
1776567156.001,"780995","CSN3087 ",24.984027,121.125926,2325,2525,187.3,169,,0.268,49.76,,,52.73,47.77,-960,-992,,,,1012.0,3008,,"5015",-36.4,563,186,1,9,1,3,2,3,"A5",,2
1776567156.001,"71be20","AIH954  ",24.986343,121.295726,37000,38800,577.4,,496,,47.25,0.00,-0.18,,,0,,,,,1013.3,37008,,,-37.8,575,186,,,1,,,,"A5",,2
1776567156.001,"780a9c","CPA580  ",24.841950,121.615647,37000,38900,,,,,,,,,,,,,,,,,,,-37.7,47,186,,8,,2,,,,,0
1776567161.000,"780995","CSN3087 ",24.984027,121.125926,2325,2525,187.3,169,,0.268,49.76,,,52.73,47.77,-960,-992,,,,1012.0,3008,,"5015",-36.4,563,186,1,9,1,3,2,3,"A5",,2
1776567166.000,"780995","CSN3087 ",24.984027,121.125926,2325,2525,187.3,169,,0.268,49.76,,,52.73,47.77,-960,-992,,,,1012.0,3008,,"5015",-36.4,563,186,1,9,1,3,2,3,"A5",,2
1776567171.000,"780995","CSN3087 ",24.984027,121.125926,2325,2525,187.3,169,,0.268,49.76,,,52.73,47.77,-960,-992,,,,1012.0,3008,,"5015",-36.4,563,186,1,9,1,3,2,3,"A5",,2
1776567176.000,"780995","CSN3087 ",24.984027,121.125926,2325,2525,187.3,,,,49.76,,,,,-960,,,,,1012.0,3008,,"5015",-36.4,563,186,1,9,1,3,2,3,"A5",,2
1776567176.000,"781b48","N/A",24.813721,121.576029,33025,34675,521.9,,,,51.77,,,,,0,,,,,1012.8,32992,,,-34.9,71,186,1,8,1,2,,,,,0
1776567181.000,"780995","CSN3087 ",24.984027,121.125926,2325,2525,187.3,,,,49.76,,,,,-960,,,,,1012.0,3008,,"5015",-36.4,563,186,1,9,1,3,2,3,"A5",,2
1776567181.000,"781b48","N/A",24.818069,121.582118,33025,34675,521.9,266,448,0.752,51.77,-0.03,0.18,54.32,49.34,0,0,,246,77,1012.8,32992,,,-36.2,104,186,1,8,1,2,,,,,0
1776567186.000,"780995","CSN3087 ",24.984027,121.125926,2325,2525,187.3,,,,49.76,,,,,-960,,,,,1012.0,3008,,"5015",-36.4,563,186,1,9,1,3,2,3,"A5",,2
1776567186.000,"781b48","N/A",24.825610,121.592638,33025,34675,522.6,266,450,0.752,51.68,0.03,0.35,54.32,49.34,0,0,,246,77,1012.8,32992,,,-36.3,116,186,1,9,1,3,,,,,0
1776567191.000,"780995","CSN3087 ",24.984027,121.125926,2325,2525,187.3,,,,49.76,,,,,-960,,,,,1012.0,3008,,,-36.4,563,186,1,9,1,3,2,3,"A5",,2
1776567191.000,"781b48","AMU862  ",24.831615,121.600929,33025,34675,522.6,266,450,0.752,51.68,0.03,0.35,54.32,49.34,64,0,,246,77,1012.8,32992,,"3527",-37.4,141,186,1,8,1,2,,,,,0
1776567196.000,"780995","CSN3087 ",24.984027,121.125926,2325,2525,187.3,,,,49.76,,,,,-960,,,,,1012.0,3008,,,-36.4,563,186,1,9,1,3,,,"A5",,2
1776567196.000,"781b48","AMU862  ",24.831615,121.600929,33025,34675,522.6,266,450,0.752,51.68,0.03,0.35,54.32,49.34,64,0,,246,77,1012.8,32992,,"3527",-37.7,142,186,1,8,1,2,,,,,0
1776567201.000,"780995","CSN3087 ",24.984027,121.125926,2325,2525,,,,,,,,,,,,,,,1012.0,3008,,,-36.4,563,186,1,9,,3,,,"A5",,2
1776567201.000,"781b48","AMU862  ",24.831615,121.600929,33025,34675,522.6,266,450,0.752,51.68,0.03,0.35,54.32,49.34,64,0,,246,77,1012.8,32992,,"3527",-37.7,143,186,1,8,1,2,,,,,0
1776567206.000,"781b48","AMU862  ",24.831615,121.600929,33025,34675,522.6,266,450,0.752,51.68,0.03,0.35,54.32,49.34,64,0,,246,77,1012.8,32992,,"3527",-37.7,143,186,1,8,1,2,,,,,0
1776567211.000,"781b48","AMU862  ",24.831615,121.600929,33025,34675,522.6,266,450,0.752,51.68,0.03,0.35,54.32,49.34,64,0,,246,77,1012.8,32992,,"3527",-37.7,143,186,1,8,1,2,,,,,0
1776567216.000,"781b48","AMU862  ",24.831615,121.600929,33025,34675,522.6,266,450,0.752,51.68,0.03,0.35,54.32,49.34,64,0,,246,77,1012.8,32992,,"3527",-37.7,143,186,1,8,1,2,,,,,0
1776567221.000,"781b48","AMU862  ",24.831615,121.600929,33025,34675,522.6,266,450,0.752,51.68,0.03,0.35,54.32,49.34,64,0,,246,77,1012.8,32992,,"3527",-37.7,143,186,1,8,1,2,,,,,0
1776567226.000,"781b48","AMU862  ",24.831615,121.600929,33025,34675,522.6,266,450,0.752,51.68,0.03,0.35,54.32,49.34,64,0,,246,77,1012.8,32992,,"3527",-37.7,143,186,1,8,1,2,,,,,0
1776567231.000,"781b48","AMU862  ",24.831615,121.600929,33025,34675,522.6,266,450,0.752,51.68,0.03,0.35,54.32,49.34,64,0,,246,77,1012.8,32992,,"3527",-37.7,143,186,1,8,1,2,,,,,0
1776567236.000,"781b48","AMU862  ",24.831615,121.600929,33025,34675,522.6,266,450,0.752,51.68,0.03,0.35,54.32,49.34,64,0,,246,77,1012.8,32992,,"3527",-37.7,143,186,1,8,1,2,,,,,0
1776567241.000,"781b48","AMU862  ",24.831615,121.600929,33025,34675,522.6,,450,,51.68,0.03,0.35,,,64,,,,,1012.8,32992,,"3527",-37.7,143,186,1,8,1,2,,,,,0
1776567246.000,"780a4e","CRK252  ",24.899395,121.008756,4425,4675,212.1,190,206,0.312,67.55,0.12,2.29,69.26,64.32,-448,-384,,299,11,1012.0,4000,,,-32.9,37,186,,8,0,2,,,,,0
1776567246.000,"781b48","AMU862  ",24.831615,121.600929,33025,34675,522.6,,,,51.68,,,,,64,,,,,1012.8,32992,,"3527",-37.7,143,186,1,8,1,2,,,,,0
1776567251.000,"780a4e","CRK252  ",24.901537,121.014612,4375,4600,213.6,190,206,0.312,68.00,-0.09,-1.23,70.14,65.20,-416,-512,,299,11,1012.0,4000,,"3321",-32.7,52,186,,8,0,2,,,,,0
1776567256.000,"780a4e","CRK252  ",24.903671,121.019694,4350,4575,213.6,190,206,0.312,68.00,-0.09,-1.23,70.14,65.20,-416,-512,,299,11,1012.0,4000,,"3321",-34.9,61,186,,8,0,2,,,"A0",,0
1776567261.000,"780a4e","CRK252  ",24.903671,121.019694,4350,4600,210.0,190,206,0.312,60.63,-0.09,-1.23,70.14,65.20,-416,-512,,299,11,1012.0,4000,,"3321",-35.5,65,186,,8,0,2,,,"A0",,0
1776567266.000,"780a4e","CRK252  ",24.905960,121.024119,4300,4550,207.3,190,206,0.312,58.61,-0.09,-1.23,70.14,65.20,-416,-448,,299,11,1012.0,4000,,"3321",-34.8,69,186,,8,0,2,,,"A0",,0
1776567271.000,"780a4e","CRK252  ",24.905960,121.024119,4300,4550,207.3,190,206,0.312,58.61,-0.09,-1.23,70.14,65.20,-416,-448,,299,11,1012.0,4000,,"3321",-35.0,72,186,,8,0,2,,,"A0",,0
1776567276.000,"780a4e","CRK252  ",24.905960,121.024119,4300,4550,207.3,190,206,0.312,58.61,-0.09,-1.23,70.14,65.20,-416,-448,,299,11,1012.0,4000,,"3321",-35.0,72,186,,8,0,2,,,"A0",,0
1776567281.000,"780a4e","CRK252  ",24.916397,121.039988,4225,4475,199.9,190,206,0.312,51.30,-0.09,-1.23,70.14,65.20,-416,-640,,299,11,1012.0,4000,,"3321",-35.1,79,186,,8,0,2,,,"A0",,0
1776567286.000,"780a4e","CRK252  ",24.919373,121.043905,4150,4400,199.6,190,196,0.312,50.49,-0.12,-1.41,70.14,65.20,-416,-1024,,299,11,1012.0,4000,,"3321",-33.5,105,186,,8,0,2,,,"A0",,0
1776567291.000,"780a4e","CRK252  ",24.922577,121.048075,4050,4300,198.7,190,196,0.312,49.90,-0.12,-1.41,70.14,65.20,-416,-1088,,299,11,1012.0,4000,,"3321",-32.8,122,186,,8,0,2,,,"A0",,0
1776567296.000,"780a4e","CRK252  ",24.925651,121.052079,3975,4200,197.8,180,194,0.292,49.30,0.06,-0.70,52.03,47.08,-1120,-1088,,295,10,1012.0,3008,,"3321",-34.1,147,186,,8,0,2,,,"A0",,0
1776567301.000,"780a4e","CRK252  ",24.928165,121.055240,3900,4125,197.1,180,194,0.292,49.11,0.06,-0.70,52.03,47.08,-1120,-1024,,295,10,1012.0,3008,,"3321",-35.1,157,186,,8,0,2,,,"A0",,0
1776567306.000,"780a4e","CRK252  ",24.930818,121.058557,3825,4050,194.8,180,194,0.292,48.54,0.06,-0.70,52.03,47.08,-1120,-960,,295,10,1012.0,3008,,"3321",-35.7,165,186,,8,0,2,,,"A0",,0
1776567311.000,"780a4e","CRK252  ",24.933285,121.061666,3750,3975,194.2,180,194,0.292,48.76,0.06,-0.70,52.03,47.08,-1120,-960,,295,10,1012.0,3008,,"3321",-35.4,172,186,,8,0,2,,,"A0",,0
1776567316.000,"780a4e","CRK252  ",24.937546,121.066996,3650,3875,194.2,180,194,0.292,48.76,0.06,-0.70,52.03,47.08,-1120,-960,,295,10,1012.0,3008,,"3321",-36.0,175,186,,8,0,2,,,"A0",,0
1776567321.000,"780a4e","CRK252  ",24.937546,121.066996,3650,3875,194.2,180,194,0.292,48.76,0.06,-0.70,52.03,47.08,-1120,-960,,295,10,1012.0,3008,,"3321",-36.5,176,186,,8,0,2,,,"A0",,0
1776567326.000,"780a4e","CRK252  ",24.937546,121.066996,3650,3875,194.2,180,194,0.292,48.76,0.06,-0.70,52.03,47.08,-1120,-960,,295,10,1012.0,3008,,"3321",-36.5,176,186,,8,0,2,,,"A0",,0
1776567331.000,"780a4e","CRK252  ",24.937546,121.066996,3650,3875,194.2,180,194,0.292,48.76,0.06,-0.70,52.03,47.08,-1120,-960,,295,10,1012.0,3008,,"3321",-36.5,176,186,,8,0,2,,,"A0",,0
1776567336.000,"780a4e","CRK252  ",24.937546,121.066996,3650,3875,194.2,180,194,0.292,48.76,0.06,-0.70,52.03,47.08,-1120,-960,,295,10,1012.0,3008,,"3321",-36.5,176,186,,8,0,2,,,"A0",,0
1776567341.000,"780a4e","CRK252  ",24.937546,121.066996,3650,3875,194.2,180,194,0.292,48.76,0.06,-0.70,52.03,47.08,-1120,-960,,295,10,1012.0,3008,,"3321",-36.5,176,186,,8,0,2,,,"A0",,0
1776567346.000,"780a4e","CRK252  ",24.937546,121.066996,3200,3425,194.2,180,194,0.292,48.76,0.06,-0.70,52.03,47.08,-1120,-960,,,,1012.0,3008,,"3321",-37.1,178,186,,8,0,2,,,"A0",,0
1776567351.000,"780a4e","CRK252  ",24.937546,121.066996,3100,3275,193.6,180,194,0.292,49.40,0.06,-0.70,52.03,47.08,-1120,-1024,,,,1012.0,3008,,"3321",-37.2,180,186,,8,0,2,,,"A0",,0
1776567356.000,"780a4e","CRK252  ",24.960379,121.095869,3000,3175,193.6,,,,49.40,,,,,,-1024,,,,1012.0,3008,,"3321",-35.7,192,186,,8,0,2,,,"A0",,0
1776567361.000,"780a4e","CRK252  ",24.960379,121.095869,3000,3175,193.6,,,,49.40,,,,,,-1024,,,,,,,,-35.7,192,186,,8,0,2,,,"A0",,0
1776567366.000,"780a4e","CRK252  ",24.960379,121.095869,3000,3175,197.1,,,,49.11,,,,,,-1088,,,,,,,,-36.8,198,186,,8,0,2,,,"A0",,0
1776567371.000,"780a4e","CRK252  ",24.969910,121.107992,2725,2900,197.1,,,,49.11,,,,,,-1088,,,,,,,,-36.4,203,186,,8,0,2,,,"A0",,0
1776567376.000,"780a4e","CRK252  ",24.972290,121.111043,2650,2825,196.4,,,,49.34,,,,,,-1152,,,,,,,,-35.6,217,186,,8,0,2,,,"A0",,0
1776567381.000,"780a4e","CRK252  ",24.974112,121.113281,2600,2775,197.1,,,,49.11,,,,,,-1024,,,,,,,"3321",-35.9,230,186,,8,0,2,,,"A0",,0
1776567386.000,"780a4e","CRK252  ",24.978907,121.119344,2450,2625,197.1,,192,,49.11,0.16,1.41,,,,-1024,,,,,,,"3321",-36.6,235,186,,8,0,2,,,"A0",,0
1776567391.000,"780a4e","CRK252  ",24.981720,121.122945,2375,2525,195.7,,192,,49.14,0.16,1.41,,,,-1088,,,,1012.0,3008,,"3321",-34.6,244,186,,8,0,2,,,"A0",,0
1776567396.000,"780a4e","CRK252  ",24.982305,121.123698,2350,2500,193.6,,188,,49.40,-0.16,0.00,,,,-1088,,,,1012.0,3008,,"3321",-36.8,254,186,,8,0,2,,,"A0",,0
1776567401.000,"780bc8","N/A",24.936218,121.014093,4025,4275,200.4,180,,0.292,117.33,,,96.86,93.00,0,-64,,,,1012.0,4000,,,-35.4,23,186,1,9,1,3,2,2,,,2
1776567401.000,"780a4e","CRK252  ",24.982305,121.123698,2350,2500,193.6,,188,,49.40,-0.16,0.00,,,,-1088,,,,1012.0,3008,,"3321",-36.8,254,186,,8,0,2,,,"A0",,0
1776567406.000,"780bc8","N/A",24.936265,121.017255,4025,4275,199.0,180,,0.292,91.15,,,96.86,93.00,0,-64,,,,1012.0,4000,,,-35.5,28,186,1,9,1,3,2,2,,,2
1776567406.000,"780a4e","CRK252  ",24.982305,121.123698,2350,2500,193.6,,188,,49.40,-0.16,0.00,,,,-1088,,,,1012.0,3008,,"3321",-36.8,254,186,,8,0,2,,,"A0",,0
1776567411.000,"780bc8","N/A",24.936265,121.017255,4025,4275,199.0,180,,0.292,91.15,,,96.86,93.00,0,-64,,,,1012.0,4000,,,-35.5,28,186,1,9,1,3,2,2,,,2
1776567411.000,"780a4e","CRK252  ",24.982305,121.123698,2350,2500,193.6,,188,,49.40,-0.16,0.00,,,,-1088,,,,1012.0,3008,,"3321",-36.8,254,186,,8,0,2,,,"A0",,0
1776567416.000,"780bc8","N/A",24.936265,121.017255,4025,4275,199.0,180,,0.292,91.15,,,96.86,93.00,0,-64,,,,1012.0,4000,,,-35.5,28,186,1,9,1,3,2,2,,,2
1776567416.000,"780a4e","CRK252  ",24.982305,121.123698,2350,2500,193.6,,188,,49.40,-0.16,0.00,,,,-1088,,,,1012.0,3008,,"3321",-36.8,254,186,,8,0,2,,,"A0",,0
1776567421.000,"780bc8","N/A",24.936265,121.017255,4025,4275,199.0,180,,0.292,91.15,,,96.86,93.00,0,-64,,,,1012.0,4000,,,-35.5,28,186,1,9,1,3,2,2,,,2
1776567421.000,"780a4e","CRK252  ",24.982305,121.123698,2350,2500,193.6,,188,,49.40,-0.16,0.00,,,,-1088,,,,1012.0,3008,,"3321",-36.8,254,186,,8,0,2,,,"A0",,0
1776567426.000,"780bc8","N/A",24.936265,121.017255,4025,4275,199.3,180,,0.292,87.12,,,96.86,93.00,0,-64,,,,1012.0,4000,,,-36.2,38,186,1,9,1,3,2,2,,,2
1776567426.000,"780a4e","CRK252  ",24.982305,121.123698,2350,2500,193.6,,188,,49.40,-0.16,0.00,,,,-1088,,,,1012.0,3008,,"3321",-36.8,254,186,,8,0,2,,,"A0",,0
1776567426.000,"a8320e","N/A",25.059349,121.369698,40000,42025,414.3,,498,,229.70,0.00,-0.35,,,0,,,,,,,,,-36.5,30,186,1,10,2,3,2,2,,,2
1776567431.000,"780bc8","CXA879  ",24.937568,121.044254,4025,4275,199.3,180,194,0.292,86.84,0.06,0.35,96.86,93.00,-64,-64,,,,1012.0,4000,,"2723",-34.5,50,186,1,9,1,3,2,2,,,2
1776567431.000,"780a4e","CRK252  ",24.982305,121.123698,2350,2500,193.6,,188,,49.40,-0.16,0.00,,,,-1088,,,,1012.0,3008,,"3321",-36.8,254,186,,8,0,2,,,"A0",,0
1776567431.000,"a8320e","N/A",25.059349,121.369698,40000,42025,414.3,,498,,229.70,0.00,-0.35,,,0,,,,,,,,,-36.9,41,186,1,10,2,3,2,2,,,2
1776567436.000,"780bc8","CXA879  ",24.937568,121.044254,4025,4275,199.3,180,194,0.292,86.84,0.06,0.35,96.86,93.00,-64,-64,,,,1012.0,4000,,"2723",-34.9,51,186,1,9,1,3,2,2,,,2
1776567436.000,"780a4e","CRK252  ",24.982305,121.123698,2350,2500,193.6,,188,,49.40,-0.16,0.00,,,,-1088,,,,1012.0,3008,,"3321",-36.8,254,186,,8,0,2,,,"A0",,0
1776567436.000,"a8320e","N/A",25.059349,121.369698,40000,42025,414.3,,498,,229.70,0.00,-0.35,,,0,,,,,1013.6,40000,,,-36.8,54,186,1,10,2,3,2,2,,,2
1776567441.000,"780bc8","CXA879  ",24.937568,121.044254,4025,4275,199.3,180,194,0.292,86.84,0.06,0.35,96.86,93.00,-64,-64,,,,1012.0,4000,,"2723",-35.3,52,186,1,9,1,3,2,2,,,2
1776567441.000,"780a4e","CRK252  ",24.982305,121.123698,2350,2500,193.6,,188,,49.40,-0.16,0.00,,,,-1088,,,,1012.0,3008,,"3321",-36.8,254,186,,8,0,2,,,"A0",,0
1776567441.000,"a8320e","N/A",25.040728,121.345601,40000,42025,414.3,260,498,0.852,229.70,0.00,-0.35,236.25,231.26,0,0,,,,1013.6,40000,,"3623",-35.9,73,186,1,10,2,3,2,2,,,2
1776567446.000,"780bc8","CXA879  ",24.938267,121.058868,3950,4200,200.3,180,194,0.292,86.85,0.06,0.35,96.86,93.00,-960,-64,,,,1012.0,3008,,"2723",-34.7,63,186,1,9,1,3,2,2,,,2
1776567446.000,"780a4e","CRK252  ",24.982305,121.123698,2350,2500,193.6,,188,,49.40,-0.16,0.00,,,,-1088,,,,1012.0,3008,,"3321",-36.8,254,186,,8,0,2,,,"A0",,0
1776567446.000,"a8320e","N/A",25.039581,121.344147,40000,42025,414.3,260,498,0.852,229.70,0.00,-0.35,236.25,231.26,0,0,,,,1013.6,40000,,"3623",-36.5,93,186,1,10,2,3,2,2,,,2
1776567451.000,"780bc8","CXA879  ",24.939198,121.064827,3850,4100,200.3,180,194,0.292,79.64,0.06,0.35,96.86,93.00,-1024,-64,,,,1012.0,3008,,"2723",-34.7,76,186,1,9,1,3,2,2,"A3",,2
1776567451.000,"780a4e","CRK252  ",24.982305,121.123698,2350,2500,193.6,,188,,49.40,-0.16,0.00,,,,-1088,,,,,,,,-36.8,254,186,,8,0,2,,,"A0",,0
1776567451.000,"a8320e","UPS50   ",25.028159,121.329380,40000,42025,414.3,260,498,0.852,229.70,0.00,-0.35,236.25,231.26,0,0,,,,1013.6,40000,,"3623",-36.3,120,186,1,10,2,3,2,2,,,2
1776567456.000,"780bc8","CXA879  ",24.940933,121.069539,3750,4000,198.5,181,194,0.292,67.18,-1.66,-17.93,71.02,66.06,-1216,-1216,,330,30,1012.0,3008,,"2723",-34.6,105,186,1,9,1,3,2,2,"A3",,2
1776567456.000,"a8320e","UPS50   ",25.024528,121.324716,40000,42025,415.0,260,498,0.852,229.59,0.00,-0.35,236.25,231.26,0,0,,,,1013.6,40000,,"3623",-37.0,139,186,1,10,2,3,2,2,,,2
1776567461.000,"780bc8","CXA879  ",24.943201,121.074000,3650,3900,199.0,181,196,0.292,59.83,-1.34,-14.06,71.02,66.06,-1280,-1216,,330,30,1012.0,3008,,"2723",-34.3,123,186,1,9,1,3,2,2,"A3",,2
1776567461.000,"a8320e","UPS50   ",25.019806,121.318563,40000,42025,415.0,260,498,0.852,229.59,0.00,-0.35,236.25,231.26,0,0,,,,1013.6,40000,,"3623",-36.8,151,186,1,10,2,3,2,2,,,2
1776567466.000,"780bc8","CXA879  ",24.945923,121.078186,3550,3775,199.0,181,196,0.292,53.99,-0.91,-8.26,57.83,52.88,-1344,-1344,,330,30,1012.0,3008,,"2723",-35.0,144,186,1,9,1,3,2,2,"A3",,2
1776567466.000,"a8320e","UPS50   ",25.019806,121.318563,40000,42025,415.8,260,498,0.852,229.68,0.00,-0.35,236.25,231.27,0,0,,,,1013.6,40000,,"3623",-36.2,166,186,1,10,2,3,2,2,,,2
1776567471.000,"780bc8","CXA879  ",24.948275,121.081359,3450,3675,199.0,182,196,0.292,50.71,-0.44,-5.10,51.86,46.90,-1344,-1344,,306,13,1012.0,3008,,"2723",-34.5,168,186,1,9,1,3,2,2,"A3",,2
1776567471.000,"a8320e","UPS50   ",25.006512,121.301344,40000,42025,415.8,260,498,0.852,229.68,0.00,-0.35,236.25,231.27,0,0,,,,1013.6,40000,,"3623",-37.2,174,186,1,10,2,3,2,2,,,2
1776567476.000,"780bc8","CXA879  ",24.951999,121.086023,3325,3550,199.1,183,196,0.292,48.46,-0.44,-4.22,50.10,45.14,-1280,-1248,,306,13,1012.0,2016,,"2723",-33.9,204,186,1,9,1,3,2,2,"A3",,2
1776567476.000,"a8320e","UPS50   ",25.002881,121.296680,40000,42025,415.8,260,498,0.852,229.68,0.00,-0.35,236.25,231.27,0,0,,,,1013.6,40000,,"3623",-37.0,177,186,1,10,2,3,2,2,,,2
1776567481.000,"780bc8","CXA879  ",24.954483,121.088969,3250,3475,199.6,183,196,0.292,47.44,-0.44,-4.22,50.10,45.14,-1216,-1216,,306,13,1012.0,2016,,"2723",-33.9,231,186,1,9,1,3,2,2,"A3",,2
1776567481.000,"a8320e","UPS50   ",25.002881,121.296680,40000,42025,415.8,260,498,0.852,229.68,0.00,-0.35,236.25,231.27,0,0,,,,1013.6,40000,,"3623",-37.2,179,186,1,10,2,3,2,2,,,2
1776567486.000,"780bc8","CXA879  ",24.958237,121.093433,3125,3350,200.3,184,194,0.296,47.23,-0.03,-0.70,49.92,44.96,-1280,-1280,,306,13,1012.0,2016,,"2723",-34.3,260,186,1,9,1,3,2,2,"A3",,2
1776567486.000,"a8320e","UPS50   ",25.002881,121.296680,40000,42025,415.8,261,498,0.852,229.68,0.00,-0.35,236.25,231.27,0,0,,,,1013.6,40000,,"3623",-36.8,192,186,1,10,2,3,2,2,,,2
1776567491.000,"780bc8","CXA879  ",24.961441,121.097260,3000,3200,200.3,184,194,0.296,47.63,0.22,2.11,49.92,44.96,-1216,-1280,,306,13,1012.0,2016,,"2723",-33.8,280,186,1,9,1,3,2,2,"A3",,2
1776567491.000,"a8320e","UPS50   ",24.984167,121.272531,40000,42025,415.8,261,498,0.852,229.68,0.00,-0.35,236.25,231.27,0,0,,,,1013.6,40000,,"3623",-37.0,203,186,1,10,2,3,2,2,,,2
1776567496.000,"780bc8","CXA879  ",24.961441,121.097260,3000,3200,200.3,182,194,0.292,47.63,0.22,2.11,51.15,46.19,-1152,-1184,,265,8,1012.0,2016,,"2723",-34.9,289,186,1,9,1,3,2,2,"A3",,2
1776567496.000,"a8320e","UPS50   ",24.977921,121.264496,40000,42050,416.4,261,,0.852,229.58,,,236.25,231.27,0,0,,,,1013.6,40000,,"3623",-37.3,213,186,1,10,2,3,2,2,,,2
1776567501.000,"780bc8","CXA879  ",24.967362,121.104627,2825,3025,195.6,182,194,0.292,48.73,0.22,2.11,51.15,46.19,-1152,-1184,,265,8,1012.0,2016,,"2723",-35.4,299,186,1,9,1,3,2,2,"A3",,2
1776567501.000,"a8320e","UPS50   ",24.977921,121.264496,40000,42050,416.4,261,,0.852,229.58,,,236.25,231.28,0,0,,,,1013.6,40000,,"3623",-35.5,237,186,1,10,2,3,2,2,,,2
1776567506.000,"899150","MDA1264 ",24.822601,121.044362,7925,8275,257.0,218,248,0.380,48.00,,0.18,53.96,50.11,-704,-704,,,,1012.0,4000,,"2060",-33.3,101,186,1,10,2,3,2,2,"A2",,2
1776567506.000,"780bc8","CXA879  ",24.970294,121.108306,2725,2925,192.1,174,194,0.276,49.01,0.22,2.11,52.21,47.24,-1024,-1088,,265,8,1012.0,3008,,"2723",-35.5,321,186,1,9,1,3,2,2,"A3",,2
1776567506.000,"a8320e","UPS50   ",24.964708,121.247397,40000,42050,416.4,261,498,0.852,229.58,0.00,-0.35,236.25,231.28,0,0,,,,1013.6,40000,,"3623",-36.4,262,186,1,10,2,3,2,2,,,2
1776567511.000,"899150","MDA1264 ",24.824982,121.047262,7900,8250,257.0,218,248,0.380,48.00,,0.00,53.79,48.87,-704,-704,,205,10,1012.0,4000,,"2060",-33.4,147,186,1,10,2,3,2,2,"A2",,2
1776567511.000,"780bc8","CXA879  ",24.971375,121.109721,2700,2900,190.7,175,194,0.276,49.04,0.22,2.11,52.56,47.59,-1024,-1024,,265,8,1012.0,3008,,"2723",-35.4,332,186,1,9,1,3,2,2,"A3",,2
1776567511.000,"a8320e","UPS50   ",24.953934,121.233571,40000,42050,416.4,261,498,0.856,229.58,0.03,-0.18,236.25,231.29,0,0,,240,83,1013.6,40000,,"3623",-35.1,297,186,1,10,2,3,2,2,,,2
1776567517.000,"899150","MDA1264 ",24.828506,121.051534,7850,8200,256.3,218,248,0.380,47.85,,-0.18,53.26,48.34,-704,-704,,205,10,1012.0,4000,,"2060",-35.5,161,186,1,10,2,3,2,2,"A2",,2
1776567517.000,"780bc8","CXA879  ",24.971375,121.109721,2700,2900,190.7,175,194,0.276,49.04,0.22,2.11,52.56,47.59,-1024,-1024,,265,8,1012.0,3008,,"2723",-35.5,333,186,1,9,1,3,2,2,"A3",,2
1776567517.000,"a8320e","UPS50   ",24.945668,121.222885,40000,42050,416.4,261,498,0.856,229.58,0.00,-0.18,236.25,231.29,0,0,,240,83,1013.6,40000,,"3623",-33.4,378,186,1,10,2,3,2,2,"A5",,2
1776567522.000,"899150","MDA1264 ",24.835098,121.059519,7750,8075,255.5,219,250,0.380,47.70,,0.18,53.26,48.34,-704,-672,,209,7,1012.0,4000,,"2060",-31.8,205,186,1,10,2,3,2,2,"A2",,2
1776567522.000,"780bc8","CXA879  ",24.971375,121.109721,2700,2900,190.7,175,194,0.276,49.04,0.22,2.11,52.56,47.59,-1024,-1024,,265,8,1012.0,3008,,"2723",-35.5,333,186,1,9,1,3,2,2,"A3",,2
1776567522.000,"a8320e","UPS50   ",24.939430,121.214853,40000,42050,416.4,260,496,0.852,229.58,0.00,-0.35,236.25,231.30,0,0,,240,81,1013.6,40000,,"3623",-32.8,441,186,1,10,2,3,2,2,"A5",,2
1776567527.000,"899150","MDA1264 ",24.839297,121.064620,7700,8025,254.9,219,248,0.380,47.86,,0.18,53.26,48.34,-640,-640,,205,5,1012.0,4000,,"2060",-29.0,283,186,1,10,2,3,2,2,"A2",,2
1776567527.000,"780bc8","CXA879  ",24.980862,121.121780,2425,2600,177.6,175,194,0.276,50.48,0.22,2.11,52.56,47.59,-1024,-1024,,,,1012.0,3008,,"2723",-35.6,347,186,1,9,1,3,2,2,"A3",,2
1776567527.000,"a8320e","UPS50   ",24.934158,121.208089,40000,42050,416.4,260,498,0.852,229.58,0.00,-0.35,236.25,231.30,0,-32,,240,83,1013.6,40000,,"3623",-31.8,530,186,1,10,2,3,2,2,"A5",,2
1776567532.000,"899150","MDA1264 ",24.843292,121.069438,7625,7950,254.1,219,248,0.380,47.71,,0.18,53.26,48.33,-640,-640,,204,7,1012.0,4000,,"2060",-31.7,344,186,1,10,2,3,2,2,"A2",,2
1776567532.000,"780bc8","CXA879  ",24.984121,121.126030,2325,2500,176.1,175,194,0.276,50.07,0.22,2.11,52.56,47.59,-896,-1024,,,,1012.0,3008,,"2723",-35.9,352,186,1,9,1,3,2,2,"A3",,2
1776567532.000,"a8320e","UPS50   ",24.927932,121.199980,40000,42050,417.2,261,498,0.852,229.67,0.00,-0.35,236.25,231.30,0,0,,240,82,1013.6,40000,,"3623",-31.6,598,186,1,10,2,3,2,2,"A5",,2
1776567532.000,"78124f","DKH1311 ",24.949768,121.228383,30025,31550,403.0,,450,,229.63,-0.03,0.00,,,0,,,,,1013.6,30016,,"1042",-36.0,21,186,1,9,1,3,,,,,0
1776567537.000,"899150","MDA1264 ",24.847024,121.074000,7575,7900,253.5,219,248,0.380,47.88,,0.18,53.09,48.16,-704,-704,,216,6,1012.0,4000,,"2060",-29.3,425,186,1,10,2,3,2,2,"A2",,2
1776567537.000,"780bc8","CXA879  ",24.985750,121.128102,2275,2450,176.1,165,194,0.260,50.07,0.22,2.11,54.32,49.34,-896,-768,,,,1012.0,3008,,"2723",-36.3,356,186,1,9,1,3,2,2,"A3",,2
1776567537.000,"a8320e","UPS50   ",24.920517,121.190491,40000,42050,417.2,261,498,0.856,229.67,0.00,-0.18,236.25,231.30,0,0,,240,82,1013.6,40000,,"3623",-31.6,673,186,1,10,2,3,2,2,"A5",,2
1776567537.000,"78124f","DKH1311 ",24.941025,121.217143,30025,31550,403.0,282,450,0.748,229.63,0.00,0.18,236.78,231.81,0,-32,,,,1013.6,30016,,"1042",-34.8,54,186,1,9,1,3,2,2,,,2
1776567542.000,"899150","MDA1264 ",24.850888,121.078664,7525,7850,252.8,219,248,0.380,48.05,,0.18,53.26,48.33,-704,-736,,208,6,1012.0,4000,,"2060",-28.2,483,186,1,10,2,3,2,2,"A2",,2
1776567542.000,"780bc8","CXA879  ",24.985750,121.128102,2275,2450,176.1,165,194,0.260,50.07,0.22,2.11,54.32,49.34,-896,-768,,,,1012.0,3008,,"2723",-36.3,356,186,1,9,1,3,2,2,"A3",,2
1776567542.000,"a8320e","UPS50   ",24.914758,121.183034,40000,42050,417.8,261,498,0.856,229.56,0.00,-0.18,236.25,231.31,0,0,,240,82,1013.6,40000,,"3623",-32.1,754,186,1,10,2,3,2,2,"A5",,2
1776567542.000,"78124f","DKH1311 ",24.934616,121.208852,30025,31550,403.0,281,450,0.744,229.63,0.00,0.18,236.78,231.82,-64,-32,,250,50,1013.6,30016,,"1042",-33.4,95,186,1,9,1,3,2,2,"A3",,2
1776567547.000,"899150","MDA1264 ",24.854965,121.083577,7450,7775,252.8,219,248,0.380,48.05,,0.00,53.26,48.33,-704,-736,,214,5,1012.0,4000,,"2060",-30.0,550,186,1,10,2,3,2,2,"A2",,2
1776567547.000,"780bc8","CXA879  ",24.985750,121.128102,2275,2450,176.1,165,194,0.260,50.07,0.22,2.11,54.32,49.34,-896,-768,,,,1012.0,3008,,"2723",-36.3,356,186,1,9,1,3,2,2,"A3",,2
1776567547.000,"a8320e","UPS50   ",24.908615,121.175130,40000,42050,417.2,261,498,0.856,229.67,0.00,-0.18,236.25,231.31,0,0,,240,82,1013.6,40000,,"3623",-32.5,837,186,1,10,2,3,2,2,"A5",,2
1776567547.000,"78124f","DKH1311 ",24.929608,121.202416,30025,31550,403.0,281,450,0.744,229.63,0.00,0.00,236.78,231.82,0,-32,,250,50,1013.6,30016,,"1042",-32.9,131,186,1,9,1,3,2,2,"A3",,2
1776567552.000,"899150","MDA1264 ",24.858662,121.088147,7400,7725,252.1,219,248,0.380,47.89,,-0.35,52.91,47.97,-704,-704,,223,4,1012.0,4000,,"2060",-30.0,610,186,1,10,2,3,2,2,"A2",,2
1776567552.000,"780bc8","CXA879  ",24.985750,121.128102,2275,2450,176.1,165,,0.260,50.07,,,54.32,49.34,-896,-768,,,,1012.0,3008,,"2723",-36.3,356,186,1,9,1,3,2,2,"A3",,2
1776567552.000,"a8320e","UPS50   ",24.902608,121.167384,40000,42050,417.2,261,498,0.856,229.67,0.00,-0.18,236.25,231.31,0,0,,240,82,1013.6,40000,,"3623",-32.9,890,186,1,10,2,3,2,2,"A5",,2
1776567552.000,"78124f","DKH1311 ",24.922439,121.193191,30025,31550,403.0,281,450,0.744,229.63,0.00,0.18,236.78,231.82,0,-32,,250,50,1013.6,30016,,"1042",-32.8,170,186,1,9,1,3,2,2,"A3",,2
1776567557.000,"899150","MDA1264 ",24.862793,121.093140,7350,7675,252.1,219,248,0.376,47.89,,0.00,52.91,47.97,-704,-704,,223,4,1012.0,4000,,"2060",-29.6,678,186,1,10,2,3,2,2,"A2",,2
1776567557.000,"780bc8","CXA879  ",24.985750,121.128102,2275,2450,176.1,165,,0.260,50.07,,,54.32,49.34,-896,-768,,,,1012.0,3008,,"2723",-36.3,356,186,1,9,1,3,2,2,"A3",,2
1776567557.000,"a8320e","UPS50   ",24.896230,121.159196,40000,42050,417.2,261,498,0.856,229.67,0.00,-0.53,236.25,231.31,0,32,,240,82,1013.6,40000,,"3623",-33.4,963,186,1,10,2,3,2,2,"A5",,2
1776567557.000,"78124f","DKH1311 ",24.916620,121.185677,30025,31550,403.0,282,448,0.748,229.63,0.00,0.18,236.78,231.83,-64,-32,,250,50,1013.6,30016,,"1042",-32.4,220,186,1,9,1,3,2,2,"A3",,2
1776567562.000,"899150","MDA1264 ",24.866455,121.097565,7275,7600,251.3,219,248,0.376,47.74,,0.18,53.09,48.15,-768,-736,,200,4,1012.0,4000,,"2060",-29.4,731,186,1,10,2,3,2,2,"A2",,2
1776567562.000,"780bc8","CXA879  ",24.985750,121.128102,2275,2450,176.1,165,,0.260,50.07,,,54.32,49.34,-896,-768,,,,1012.0,3008,,"2723",-36.3,356,186,1,9,1,3,,,"A3",,2
1776567562.000,"a8320e","UPS50   ",24.889984,121.151072,40000,42050,417.2,261,498,0.856,229.67,0.00,-0.18,236.07,231.14,0,0,,239,82,1013.6,40000,,"3623",-34.6,1028,186,1,10,2,3,2,2,"A5",,2
1776567562.000,"78124f","DKH1311 ",24.910400,121.177673,30025,31550,403.0,281,448,0.744,229.63,0.00,0.00,236.78,231.83,-64,-32,,251,48,1013.6,30016,,"1042",-32.5,264,186,1,9,1,3,2,2,"A3",,2
1776567567.000,"899150","MDA1264 ",24.870580,121.102554,7225,7525,251.4,219,248,0.376,48.06,,0.18,53.09,48.15,-768,-736,,200,4,1012.0,4000,,"2060",-29.8,803,186,1,10,2,3,2,2,"A2",,2
1776567567.000,"780bc8","CXA879  ",24.985750,121.128102,2275,2450,176.1,165,,0.260,50.07,,,54.32,49.34,-896,-768,,,,1012.0,3008,,,-36.3,356,186,1,9,1,3,,,"A3",,2
1776567567.000,"a8320e","UPS50   ",24.884080,121.143494,40000,42050,417.2,261,498,0.856,229.67,0.00,-0.35,236.07,231.14,0,0,,239,82,1013.6,40000,,"3623",-35.3,1075,186,1,10,2,3,2,2,"A5",,2
1776567567.000,"78124f","DKH1311 ",24.904656,121.170234,30025,31550,403.0,281,448,0.744,229.63,0.00,0.00,236.78,231.83,-64,-32,,251,48,1013.6,30016,,"1042",-32.6,328,186,1,9,1,3,2,2,"A3",,2
1776567572.000,"899150","MDA1264 ",24.874490,121.107322,7150,7450,250.6,219,248,0.376,47.91,,-0.18,53.09,48.14,-768,-768,,207,3,1012.0,4000,,"2060",-31.0,864,186,1,10,2,3,2,2,"A2",,2
1776567572.000,"780bc8","CXA879  ",24.985750,121.128102,2275,2450,176.1,165,,0.260,50.07,,,54.32,49.34,-896,-768,,,,1012.0,3008,,,-36.3,356,186,1,9,1,3,,,"A3",,2
1776567572.000,"a8320e","UPS50   ",24.879192,121.137223,40000,42050,417.2,261,498,0.856,229.67,0.00,-0.35,236.07,231.14,0,0,,239,82,1013.6,40000,,"3623",-36.9,1093,186,1,10,2,3,2,2,"A5",,2
1776567572.000,"78124f","DKH1311 ",24.899675,121.163808,30000,31525,403.7,281,448,0.744,229.72,0.03,0.00,236.78,231.83,0,-32,,251,48,1013.6,30016,,"1042",-33.3,373,186,1,9,1,3,2,2,"A3",,2
1776567577.000,"899150","MDA1264 ",24.878586,121.112264,7100,7400,250.6,220,248,0.376,47.91,,0.00,53.09,48.14,-832,-800,,207,3,1012.0,4000,,"2060",-30.0,936,186,1,10,2,3,2,2,"A2",,2
1776567577.000,"780bc8","CXA879  ",24.985750,121.128102,2275,2450,176.1,165,,0.260,50.07,,,54.32,49.34,-896,-768,,,,1012.0,3008,,,-36.3,356,186,1,9,1,3,,,"A3",,2
1776567577.000,"a8320e","UPS50   ",24.873047,121.129294,40000,42050,417.2,261,498,0.856,229.67,0.00,-0.35,236.25,231.32,0,0,,239,82,1013.6,40000,,"3623",-36.1,1111,186,1,10,2,3,2,2,"A5",,2
1776567577.000,"78124f","DKH1311 ",24.892227,121.154226,30000,31525,403.0,281,448,0.744,229.63,-0.03,-0.18,236.78,231.84,0,-32,,250,49,1013.6,30016,,"1042",-33.0,413,186,1,9,1,3,2,2,"A3",,2
1776567582.000,"899150","MDA1264 ",24.882248,121.116740,7025,7325,250.6,221,248,0.380,47.91,,0.00,53.09,48.14,-832,-832,,207,3,1012.0,4000,,"2060",-29.0,996,186,1,10,2,3,2,2,"A2",,2
1776567582.000,"780bc8","CXA879  ",24.985750,121.128102,2275,2450,176.1,165,,0.260,50.07,,,54.32,49.34,-896,-768,,,,1012.0,3008,,,-36.3,356,186,1,9,1,3,,,"A3",,2
1776567582.000,"a8320e","UPS50   ",24.873047,121.129294,40000,42050,417.2,261,498,0.856,229.67,0.00,-0.35,236.25,231.32,0,0,,239,82,1013.6,40000,,"3623",-36.5,1115,186,1,10,2,3,2,2,"A5",,2
1776567582.000,"78124f","DKH1311 ",24.886361,121.146655,30000,31525,403.0,281,448,0.744,229.63,-0.06,0.18,236.78,231.84,0,0,,251,48,1013.6,30016,,"1042",-34.4,449,186,1,9,1,3,2,2,"A3",,2
1776567587.000,"899150","MDA1264 ",24.886175,121.121521,6950,7250,250.6,220,248,0.376,47.91,,0.00,53.09,48.14,-768,-768,,207,3,1012.0,4000,,"2060",-31.0,1073,186,1,10,2,3,2,2,"A2",,2
1776567587.000,"780bc8","CXA879  ",24.985750,121.128102,2275,2450,176.1,165,,0.260,50.07,,,54.32,49.34,-896,-768,,,,1012.0,3008,,,-36.3,356,186,1,9,1,3,,,"A3",,2
1776567587.000,"a8320e","UPS50   ",24.873047,121.129294,40000,42050,417.2,261,498,0.856,229.67,0.00,-0.35,236.25,231.32,0,0,,239,82,1013.6,40000,,"3623",-36.9,1117,186,1,10,2,3,2,2,"A5",,2
1776567587.000,"78124f","DKH1311 ",24.880123,121.138674,30000,31525,403.5,281,448,0.744,229.32,-0.19,-4.39,236.43,231.49,0,0,,249,47,1013.6,30016,,"1042",-34.5,505,186,1,9,1,3,2,2,"A3",,2
1776567592.000,"899150","MDA1264 ",24.890167,121.126404,6900,7200,250.0,221,248,0.376,48.08,,-0.53,52.91,47.96,-704,-736,,223,3,1012.0,4000,,"2060",-32.5,1127,186,1,10,2,3,2,2,"A2",,2
1776567592.000,"780bc8","CXA879  ",24.985750,121.128102,2275,2450,,165,,0.260,,,,54.32,49.34,,-768,,,,,,,,-36.3,356,186,,,,,,,"A3",,2
1776567592.000,"a8320e","UPS50   ",24.873047,121.129294,40000,42050,417.2,261,498,0.856,229.67,0.00,-0.35,236.25,231.32,0,0,,239,82,1013.6,40000,,"3623",-36.9,1117,186,1,10,2,3,2,2,"A5",,2
1776567592.000,"78124f","DKH1311 ",24.877656,121.135617,30000,31525,403.4,281,448,0.744,229.12,-0.28,-5.10,236.07,231.14,0,-32,,247,47,1013.6,30016,,"1042",-36.2,533,186,1,9,1,3,2,2,"A3",,2
1776567597.000,"78124f","DKH1311 ",24.872395,121.129191,30000,31525,404.1,281,448,0.744,227.31,-0.28,-5.10,236.07,231.14,0,-32,,247,47,1013.6,30016,,"1042",-36.6,547,186,1,9,1,3,2,2,"A3",,2
1776567597.000,"a8320e","UPS50   ",24.873047,121.129294,40000,42050,417.2,261,498,0.856,229.67,0.00,-0.35,236.25,231.32,0,0,,239,82,1013.6,40000,,"3623",-36.9,1117,186,1,10,2,3,2,2,"A5",,2
1776567597.000,"899150","MDA1264 ",24.892914,121.129710,6850,7150,249.2,220,248,0.376,47.93,,0.00,52.56,47.61,-704,-704,,276,2,1012.0,4000,,"2060",-36.1,1194,186,1,10,2,3,2,2,"A2",,2
1776567602.000,"78124f","DKH1311 ",24.866180,121.121928,30000,31525,404.1,281,448,0.744,227.31,-0.28,-5.10,236.07,231.14,0,-32,,247,47,1013.6,30016,,"1042",-37.2,552,186,1,9,1,3,2,2,"A3",,2
1776567602.000,"a8320e","UPS50   ",24.873047,121.129294,40000,42050,417.2,261,498,0.856,229.67,0.00,-0.35,236.25,231.32,0,0,,239,82,1013.6,40000,,"3623",-36.9,1117,186,1,10,2,3,2,2,"A5",,2
1776567602.000,"899150","MDA1264 ",24.897626,121.135409,6775,7075,249.2,220,248,0.376,47.93,,0.18,52.56,47.61,-704,-704,,276,2,1012.0,4000,,"2060",-33.2,1238,186,1,10,2,3,2,2,"A2",,2
1776567607.000,"78124f","DKH1311 ",24.858336,121.113178,30000,31525,404.1,281,448,0.744,227.31,-0.28,-5.10,236.07,231.14,0,-32,,247,47,1013.6,30016,,"1042",-37.3,554,186,1,9,1,3,2,2,"A3",,2
1776567607.000,"a8320e","UPS50   ",24.873047,121.129294,40000,42050,417.2,261,498,0.856,229.67,0.00,-0.35,236.25,231.32,0,0,,239,82,1013.6,40000,,"3623",-36.9,1117,186,1,10,2,3,2,2,"A5",,2
1776567607.000,"899150","MDA1264 ",24.901520,121.140188,6725,7025,249.2,220,246,0.376,47.93,,0.00,52.56,47.61,-704,-704,,251,4,1012.0,4000,,"2060",-32.1,1307,186,1,10,2,3,2,2,"A2",,2
1776567612.000,"78124f","DKH1311 ",24.858336,121.113178,30000,31525,404.1,281,448,0.744,227.31,-0.28,-5.10,236.07,231.14,0,-32,,247,47,1013.6,30016,,"1042",-37.3,554,186,1,9,1,3,2,2,"A3",,2
1776567612.000,"a8320e","UPS50   ",24.873047,121.129294,40000,42050,417.2,261,498,0.856,229.67,0.00,-0.35,236.25,231.32,0,0,,239,82,1013.6,40000,,"3623",-36.9,1117,186,1,10,2,3,2,2,"A5",,2
1776567612.000,"899150","MDA1264 ",24.905261,121.144737,6650,6925,249.2,220,246,0.376,47.93,,0.00,52.38,47.43,-704,-704,,261,4,1012.0,4000,,"2060",-32.5,1354,186,1,10,2,3,2,2,"A2",,2
1776567617.000,"78124f","DKH1311 ",24.858336,121.113178,30000,31525,404.1,281,448,0.744,227.31,-0.28,-5.10,236.07,231.14,0,-32,,247,47,1013.6,30016,,"1042",-37.3,554,186,1,9,1,3,2,2,"A3",,2
1776567617.000,"a8320e","UPS50   ",24.873047,121.129294,40000,42050,417.2,261,498,0.856,229.67,0.00,-0.35,236.25,231.32,0,0,,239,82,1013.6,40000,,"3623",-36.9,1117,186,1,10,2,3,2,2,"A5",,2
1776567617.000,"899150","MDA1264 ",24.909125,121.149453,6600,6875,247.8,220,246,0.376,47.94,,0.00,52.21,47.25,-704,-736,,270,4,1012.0,4000,,"2060",-31.5,1426,186,1,10,2,3,2,2,"A2",,2
1776567622.000,"78124f","DKH1311 ",24.858336,121.113178,30000,31525,404.1,281,448,0.744,227.31,-0.28,-5.10,236.07,231.14,0,-32,,247,47,1013.6,30016,,"1042",-37.3,554,186,1,9,1,3,2,2,"A3",,2
1776567622.000,"a8320e","UPS50   ",24.873047,121.129294,40000,42050,417.2,261,498,0.856,229.67,0.00,-0.35,236.25,231.32,0,0,,,,1013.6,40000,,"3623",-36.9,1117,186,1,10,2,3,2,2,"A5",,2
1776567622.000,"899150","MDA1264 ",24.913101,121.154277,6550,6825,247.8,220,246,0.372,47.94,,-0.18,51.86,46.90,-704,-736,,295,5,1012.0,4000,,"2060",-31.2,1469,186,1,10,2,3,2,2,"A2",,2
1776567622.000,"8622ae","ANA859  ",25.039750,121.344253,38000,39750,387.4,259,480,0.816,229.82,0.00,0.35,235.72,231.86,0,0,,,,1012.8,38016,,,-36.4,77,186,1,8,1,2,2,2,,,0
1776567627.000,"78124f","DKH1311 ",24.858336,121.113178,30000,31525,404.1,281,448,0.744,227.31,-0.28,-5.10,236.07,231.14,0,-32,,247,47,1013.6,30016,,"1042",-37.3,554,186,1,9,1,3,2,2,"A3",,2
1776567627.000,"a8320e","UPS50   ",24.873047,121.129294,40000,42050,417.2,261,,0.856,229.67,,,236.25,231.32,0,0,,,,1013.6,40000,,"3623",-36.9,1117,186,1,10,2,3,2,2,"A5",,2
1776567627.000,"899150","MDA1264 ",24.916809,121.158752,6475,6750,247.8,220,246,0.372,47.94,,0.00,51.86,46.90,-704,-736,,295,5,1012.0,4000,,"2060",-31.9,1541,186,1,10,2,3,2,2,"A2",,2
1776567627.000,"8622ae","ANA859  ",25.033264,121.335856,38000,39750,387.4,259,480,0.816,229.82,0.00,0.35,235.72,231.86,0,0,,,,1012.8,38016,,,-36.7,87,186,1,8,1,2,2,2,,,0
1776567632.000,"78124f","DKH1311 ",24.858336,121.113178,30000,31525,404.1,281,448,0.744,227.31,-0.28,-5.10,236.07,231.14,0,-32,,247,47,1013.6,30016,,"1042",-37.3,554,186,1,9,1,3,2,2,"A3",,2
1776567632.000,"a8320e","UPS50   ",24.873047,121.129294,40000,42050,,261,,0.856,,,,236.25,231.32,,0,,,,1013.6,40000,,"3623",-36.9,1117,186,1,10,,3,,,"A5",,2
1776567632.000,"899150","MDA1264 ",24.920763,121.163601,6425,6700,247.8,220,246,0.372,47.94,,0.00,51.86,46.90,-704,-704,,296,5,1012.0,4000,,"2060",-29.9,1595,186,1,10,2,3,2,2,"A2",,2
1776567632.000,"8622ae","ANA859  ",25.033264,121.335856,38000,39775,387.3,259,478,0.816,229.61,0.00,0.18,235.72,231.86,0,0,,,,1012.8,38016,,,-37.0,102,186,1,8,1,2,2,2,,,0
1776567637.000,"78124f","DKH1311 ",24.858336,121.113178,30000,31525,404.1,281,448,0.744,227.31,-0.28,-5.10,236.07,231.14,0,-32,,247,47,1013.6,30016,,"1042",-37.3,554,186,1,9,1,3,2,2,"A3",,2
1776567637.000,"780cc0","N/A",25.134019,121.125252,6225,,,,,,,,,,,,,,,,1012.0,4000,,,-37.1,5,186,1,9,,3,,,,,0
1776567637.000,"899150","MDA1264 ",24.924534,121.168161,6375,6650,246.4,220,246,0.372,47.96,,-0.18,51.86,46.89,-704,-672,,312,5,1012.0,4000,,"2060",-29.5,1674,186,1,10,2,3,2,2,"A2",,2
1776567637.000,"8622ae","ANA859  ",25.021729,121.321004,38000,39775,387.3,259,478,0.816,229.61,0.00,0.18,235.72,231.86,0,0,,,,1012.8,38016,,"6011",-36.7,120,186,1,8,1,2,2,2,,,0
1776567642.000,"78124f","DKH1311 ",24.858336,121.113178,30000,31525,404.1,281,448,0.744,227.31,-0.28,-5.10,236.07,231.14,0,-32,,247,47,1013.6,30016,,"1042",-37.3,554,186,1,9,1,3,2,2,"A3",,2
1776567642.000,"780cc0","N/A",25.134019,121.125252,6225,,,,,,,,,,,,,,,,1012.0,4000,,,-37.1,6,186,1,9,,3,,,,,0
1776567642.000,"899150","MDA1264 ",24.928677,121.173188,6300,6575,246.4,220,246,0.372,47.96,,-0.35,51.68,46.72,-704,-704,,313,5,1012.0,4000,,"2060",-30.8,1717,186,1,10,2,3,2,2,"A2",,2
1776567642.000,"8622ae","ANA859  ",25.021729,121.321004,38000,39775,387.3,259,478,0.816,229.61,0.00,0.18,235.72,231.86,0,0,,,,1012.8,38016,,"6011",-37.1,127,186,1,8,1,2,2,2,,,0
1776567647.000,"78124f","DKH1311 ",24.858336,121.113178,30000,31525,404.1,281,448,0.744,227.31,-0.28,-5.10,236.07,231.14,0,-32,,247,47,1013.6,30016,,"1042",-37.3,554,186,1,9,1,3,2,2,"A3",,2
1776567647.000,"780cc0","N/A",25.134019,121.125252,6225,,,,,,,,,,,,,,,,1012.0,4000,,,-37.2,7,186,1,9,,3,,,,,0
1776567647.000,"899150","MDA1264 ",24.932556,121.177877,6250,6525,246.4,220,246,0.372,47.96,,-0.18,51.50,46.54,-704,-704,,313,5,1012.0,4000,,"2060",-30.0,1783,186,1,10,2,3,2,2,"A2",,2
1776567647.000,"8622ae","ANA859  ",25.021729,121.321004,38000,39775,387.3,259,478,0.816,229.61,0.00,0.53,235.72,231.86,64,0,,,,1012.8,38016,,"6011",-36.6,139,186,1,9,1,3,2,2,,,2
1776567652.000,"78124f","DKH1311 ",24.858336,121.113178,30000,31525,404.1,,,,227.31,,,,,0,,,,,1013.6,30016,,,-37.3,554,186,1,9,1,3,2,2,"A3",,2
1776567652.000,"780cc0","N/A",25.134019,121.125252,6225,,,,,,,,,,,,,,,,1012.0,4000,,,-37.3,11,186,1,9,,3,,,,,0
1776567652.000,"899150","MDA1264 ",24.935852,121.181895,6200,6450,246.4,220,246,0.372,47.96,,-0.18,51.50,46.54,-704,-736,,313,6,1012.0,3200,,"2060",-30.8,1834,186,1,10,2,3,2,2,"A2",,2
1776567652.000,"8622ae","ANA859  ",25.007629,121.302795,38000,39775,387.3,259,478,0.812,229.61,0.00,0.18,235.55,230.57,0,32,,,,1012.8,38016,,"6011",-36.7,162,186,1,9,1,3,2,2,,,2
1776567657.000,"78124f","DKH1311 ",24.858336,121.113178,30000,31525,,,,,,,,,,,,,,,,,,,-37.3,554,186,,,,,,,"A3",,2
1776567657.000,"780cc0","N/A",25.134019,121.125252,6225,,,,,,,,,,,,,,,,1012.0,4000,,,-37.5,13,186,1,9,,3,,,,,0
1776567657.000,"899150","MDA1264 ",24.939835,121.186727,6125,6375,246.4,220,246,0.372,47.96,,-0.18,51.50,46.54,-704,-704,,313,6,1012.0,3200,,"2060",-30.2,1902,186,1,10,2,3,2,2,"A2",,2
1776567657.000,"8622ae","ANA859  ",25.007629,121.302795,38000,39775,387.3,259,478,0.812,229.61,0.00,0.18,235.55,230.57,0,32,,,,1012.8,38016,,"6011",-37.3,179,186,1,9,1,3,2,2,,,2
1776567662.000,"78124f","DKH1311 ",24.858336,121.113178,30000,31525,,,,,,,,,,,,,,,,,,,-37.3,554,186,,,,,,,"A3",,2
1776567662.000,"780cc0","N/A",25.134019,121.125252,5575,,,,,,,,,,,,,,,,1012.0,4000,,,-37.6,14,186,1,9,,3,,,,,0
1776567662.000,"899150","MDA1264 ",24.943634,121.191406,6075,6325,245.7,220,244,0.372,47.80,,-0.35,51.50,46.53,-704,-704,,296,7,1012.0,3200,,"2060",-30.7,1951,186,1,10,2,3,2,2,"A2",,2
1776567662.000,"8622ae","ANA859  ",24.991243,121.281652,38000,39775,387.3,259,478,0.812,229.61,0.00,0.18,235.55,230.57,0,32,,,,1012.8,38016,,"6011",-37.0,197,186,1,9,1,3,2,2,,,2
1776567667.000,"780cc0","CCA149  ",25.134019,121.125252,5575,,,,,,,,,,,,,,,,1012.0,4000,,,-37.5,15,186,1,9,,3,,,"A3",,0
1776567667.000,"899150","MDA1264 ",24.947983,121.196696,6000,6250,245.7,220,244,0.372,47.80,,-0.35,51.50,46.53,-704,-704,,300,6,1012.0,3200,,"2060",-30.7,2004,186,1,10,2,3,2,2,"A2",,2
1776567667.000,"8622ae","ANA859  ",24.985199,121.273804,38000,39775,388.1,259,478,0.812,229.70,0.00,0.35,235.55,230.57,0,32,,,,1012.8,38016,,"6011",-36.8,223,186,1,9,1,3,2,2,"A5",,2
1776567672.000,"780cc0","CCA149  ",25.134019,121.125252,5575,,,,,,,,,,,,,,,,1012.0,4000,,,-37.5,15,186,1,9,,3,,,"A3",,0
1776567672.000,"899150","MDA1264 ",24.951141,121.200460,5950,6200,245.0,220,244,0.368,47.98,,-0.18,51.68,46.71,-704,-736,,307,6,1012.0,3200,,"2060",-31.0,2064,186,1,10,2,3,2,2,"A2",,2
1776567672.000,"8622ae","ANA859  ",24.982864,121.270821,38000,39775,388.0,258,478,0.812,229.49,0.00,0.35,235.55,230.58,0,-32,,,,1012.8,38016,,"6011",-36.3,246,186,1,9,1,3,2,2,"A5",,2
1776567677.000,"780cc0","CCA149  ",25.134019,121.125252,5575,,,,,,,,,,,,,,,,1012.0,4000,,,-37.6,16,186,1,9,,3,,,"A3",,0
1776567677.000,"899150","MDA1264 ",24.955584,121.205888,5875,6125,244.9,220,244,0.368,47.65,,-1.93,51.68,46.71,-704,-704,,307,6,1012.0,3200,,"2060",-31.4,2132,186,1,10,2,3,2,2,"A2",,2
1776567677.000,"8622ae","ANA859  ",24.973618,121.258952,38000,39775,388.0,258,478,0.812,229.49,0.00,0.35,235.55,230.58,0,-32,,,,1012.8,38016,,"6011",-35.5,283,186,1,9,1,3,2,2,"A5",,2
1776567682.000,"780cc0","CCA149  ",25.134019,121.125252,5575,,,,,,,,,,,,,,,,1012.0,4000,,,-37.6,16,186,1,9,,3,,,"A3",,0
1776567682.000,"899150","MDA1264 ",24.959473,121.210531,5825,6075,244.1,220,244,0.368,47.16,,-1.76,51.15,46.18,-704,-704,,307,5,1012.0,3200,,"2060",-32.2,2175,186,1,10,2,3,2,2,"A2",,2
1776567682.000,"8622ae","ANA859  ",24.970230,121.254578,38000,39775,388.0,258,478,0.812,229.49,0.00,0.35,235.55,230.58,0,-32,,,,1013.6,38016,,"6011",-35.3,314,186,1,9,1,3,2,2,"A5",,2
1776567687.000,"780cc0","CCA149  ",25.134019,121.125252,5575,,,,,,,,,,,,,,,,1012.0,4000,,,-37.6,16,186,1,9,,3,,,"A3",,0
1776567687.000,"899150","MDA1264 ",24.963405,121.215112,5775,6025,241.2,219,242,0.368,46.85,,-0.88,50.98,46.00,-704,-672,,286,4,1012.0,3200,,"2060",-34.1,2228,186,1,10,2,3,2,2,"A2",,2
1776567687.000,"8622ae","ANA859  ",24.961869,121.243770,38000,39775,388.7,258,478,0.812,229.59,0.00,0.35,235.72,230.76,0,0,,236,90,1013.6,38016,,"6011",-34.0,381,186,1,9,1,3,2,2,"A5",,2
1776567692.000,"780cc0","CCA149  ",25.134019,121.125252,5575,,,,,,,,,,,,,,,,1012.0,4000,,,-37.6,16,186,1,9,,3,,,"A3",,0
1776567692.000,"899150","MDA1264 ",24.967026,121.219432,5700,5950,236.3,216,234,0.360,47.06,,-1.58,51.33,46.35,-640,-704,,305,3,1012.0,3200,,"2060",-34.5,2278,186,1,10,2,3,2,2,"A2",,2
1776567692.000,"8622ae","ANA859  ",24.956143,121.236411,38000,39775,388.7,258,476,0.812,229.59,0.03,0.53,235.72,230.76,0,32,,236,88,1013.6,38016,,"6011",-34.0,464,186,1,9,1,3,2,2,"A5",,2
1776567697.000,"899150","MDA1264 ",24.970155,121.223093,5650,5900,229.2,207,230,0.348,46.77,,-1.58,50.62,45.64,-640,-640,,302,5,1012.0,3200,,"2060",-33.8,2309,186,1,10,2,3,2,2,"A2",,2
1776567697.000,"8622ae","ANA859  ",24.951348,121.230244,38000,39775,388.7,258,478,0.812,229.59,0.00,0.35,235.72,230.76,0,32,,236,90,1013.6,38016,,"6011",-32.9,553,186,1,9,1,3,2,2,"A5",,2
1776567702.000,"8622ae","ANA859  ",24.944458,121.221364,38000,39775,388.7,258,478,0.812,229.59,0.00,0.53,235.72,230.77,0,0,,236,90,1013.6,38016,,"6011",-32.3,655,186,1,9,1,3,2,2,"A5",,2
1776567702.000,"899150","MDA1264 ",24.973755,121.227264,5600,5850,225.0,206,228,0.344,46.80,,-1.58,50.62,45.64,-704,-640,,302,5,1012.0,3200,,"2060",-35.3,2343,186,1,10,2,3,2,2,"A2",,2
1776567707.000,"780cc0","CCA149  ",25.076154,121.051457,,,,,,,,,,,,,,,,,1012.0,4000,,,-37.5,17,186,1,8,,2,,,"A3",,0
1776567707.000,"8622ae","ANA859  ",24.939011,121.214283,38000,39775,388.1,258,478,0.812,229.70,0.00,0.35,235.72,230.77,0,0,,235,90,1013.6,38016,,"6011",-31.5,759,186,1,9,1,3,2,2,"A5",,2
1776567707.000,"899150","MDA1264 ",24.977417,121.231537,5525,5775,220.0,206,228,0.344,46.66,,-1.58,50.62,45.64,-768,-640,,302,5,1012.0,3200,,"2060",-35.5,2364,186,1,10,2,3,2,2,"A2",,2
1776567712.000,"780cc0","CCA149  ",25.076154,121.051457,,,,,,,,,,,,,,,,,1012.0,4000,,,-37.5,17,186,1,8,,2,,,"A3",,0
1776567712.000,"8622ae","ANA859  ",24.933380,121.207072,38000,39775,388.1,258,478,0.812,229.70,0.00,0.00,235.72,230.77,0,0,,235,90,1013.6,38016,,"6011",-31.0,853,186,1,9,1,3,2,2,"A5",,2
1776567712.000,"899150","MDA1264 ",24.978720,121.233043,5500,5750,217.9,206,218,0.344,46.49,,-0.88,50.62,45.64,-832,-640,,302,5,1012.0,3200,,"2060",-36.2,2386,186,1,10,2,3,2,2,"A2",,2
1776567717.000,"780cc0","CCA149  ",25.076154,121.051457,,,,,,,,,,,,,,,,,,,,,-37.5,17,186,,8,,2,,,"A3",,0
1776567717.000,"8622ae","ANA859  ",24.927234,121.199099,38000,39775,388.7,258,478,0.812,229.59,0.00,0.18,235.72,230.77,0,-32,,236,90,1013.6,38016,,"6011",-30.6,941,186,1,9,1,3,2,2,"A5",,2
1776567717.000,"899150","MDA1264 ",24.978720,121.233043,5500,5750,210.8,191,214,0.320,46.54,,-0.70,50.10,45.11,-832,-832,,302,5,1012.0,3200,,"2060",-35.8,2403,186,1,10,2,3,2,2,"A2",,2
1776567722.000,"780cc0","CCA149  ",25.076154,121.051457,,,,,,,,,,,,,,,,,,,,,-37.5,17,186,,8,,2,,,"A3",,0
1776567722.000,"8622ae","ANA859  ",24.921368,121.191585,38000,39775,388.7,258,476,0.812,229.59,0.00,0.18,235.72,230.77,0,0,,236,90,1012.8,38016,,"6011",-31.2,1035,186,1,9,1,3,2,2,"A5",,2
1776567722.000,"899150","MDA1264 ",24.987519,121.243200,5350,5600,205.1,189,208,0.316,46.58,,-1.05,49.57,44.59,-768,-768,,311,8,1012.0,3200,,"2060",-35.4,2433,186,1,10,2,3,2,2,"A2",,2
1776567727.000,"780cc0","CCA149  ",25.076154,121.051457,,,,,,,,,,,,,,,,,,,,,-37.5,17,186,,8,,2,,,"A3",,0
1776567727.000,"8622ae","ANA859  ",24.916031,121.184642,38000,39775,388.7,258,478,0.812,229.59,0.00,0.18,235.72,230.78,0,0,,236,90,1012.8,38016,,"6011",-31.7,1121,186,1,9,1,3,2,2,"A5",,2
1776567727.000,"899150","MDA1264 ",24.991150,121.247449,5275,5525,203.7,189,204,0.316,46.59,,-0.88,49.57,44.59,-768,-768,,311,8,1012.0,3200,,"2060",-36.3,2457,186,1,10,2,3,2,2,"A2",,2
1776567732.000,"780cc0","CCA149  ",25.076154,121.051457,,,,,,,,,,,,,,,,,,,,,-37.5,17,186,,8,,2,,,"A3",,0
1776567732.000,"8622ae","ANA859  ",24.909451,121.176194,38000,39775,388.7,258,478,0.812,229.59,0.00,0.35,235.72,230.78,0,0,,236,90,1012.8,38016,,"6011",-31.4,1239,186,1,9,1,3,2,2,"A5",,2
1776567732.000,"899150","MDA1264 ",24.991150,121.247449,5275,5525,198.8,183,204,0.304,46.43,,-0.88,49.04,44.05,-832,-768,,311,8,1012.0,3200,,"2060",-36.9,2473,186,1,10,2,3,2,2,"A2",,2
1776567737.000,"780cc0","CCA149  ",25.076154,121.051457,,,,,,,,,,,,,,,,,,,,,-37.5,17,186,,8,,2,,,"A3",,0
1776567737.000,"8622ae","ANA859  ",24.904563,121.169871,38000,39775,388.7,258,478,0.812,229.59,0.00,0.35,235.72,230.78,0,0,,236,90,1012.8,38016,,"6011",-31.2,1325,186,1,9,1,3,2,2,"A5",,2
1776567737.000,"899150","MDA1264 ",24.995107,121.252010,5175,5400,198.8,183,204,0.304,46.43,,-0.88,49.04,44.05,-832,-768,,311,8,1012.0,3200,,"2060",-37.1,2478,186,1,10,2,3,2,2,"A2",,2
1776567742.000,"780cc0","CCA149  ",25.076154,121.051457,,,,,,,,,,,,,,,,,,,,,-37.5,17,186,,8,,2,,,"A3",,0
1776567742.000,"8622ae","ANA859  ",24.898604,121.162202,38000,39775,388.7,258,478,0.812,229.59,0.00,0.35,235.72,230.79,0,32,,236,90,1012.8,38016,,"6011",-32.4,1418,186,1,9,1,3,2,2,"A5",,2
1776567742.000,"899150","MDA1264 ",25.000580,121.258341,5050,5275,191.7,183,204,0.304,46.48,,-0.88,49.04,44.05,-832,-768,,311,8,1012.0,3200,,"2060",-36.7,2484,186,1,10,2,3,2,2,"A2",,2
1776567747.000,"780cc0","CCA149  ",25.076154,121.051457,,,,,,,,,,,,,,,,,,,,,-37.5,17,186,,8,,2,,,"A3",,0
1776567747.000,"8622ae","ANA859  ",24.892738,121.154687,38025,39800,389.5,258,478,0.812,229.69,0.00,0.35,235.72,230.79,0,0,,236,89,1013.6,38016,,"6011",-33.4,1497,186,1,9,1,3,2,2,"A5",,2
1776567747.000,"899150","MDA1264 ",25.003021,121.261130,5000,5225,191.7,183,204,0.304,46.48,,-0.88,49.04,44.05,-832,-768,,,,1012.0,3200,,"2060",-37.0,2494,186,1,10,2,3,2,2,"A2",,2
1776567752.000,"780cc0","CCA149  ",25.076154,121.051457,,,,,,,,,,,,,,,,,,,,,-37.5,17,186,,8,,2,,,"A3",,0
1776567752.000,"8622ae","ANA859  ",24.886917,121.147105,38000,39775,389.5,258,476,0.812,229.69,0.00,0.00,235.55,230.61,0,0,,235,87,1012.8,38016,,"6011",-33.6,1587,186,1,9,1,3,2,2,"A5",,2
1776567752.000,"7801b2","N/A",24.833943,121.240660,35025,36675,536.4,,,,36.89,,,,,0,,,,,,,,,-35.1,4,186,,8,1,2,,,,,0
1776567752.000,"899150","MDA1264 ",25.006698,121.265380,4925,5150,192.4,176,204,0.292,46.26,,-0.88,49.92,44.93,-768,-800,,,,1012.0,3200,,"2060",-36.0,2515,186,1,10,2,3,2,2,"A2",,2
1776567757.000,"780cc0","CCA149  ",25.076154,121.051457,,,,,,,,,,,,,,,,,,,,,-37.5,17,186,,8,,2,,,"A3",,0
1776567757.000,"8622ae","ANA859  ",24.880728,121.139141,38000,39775,390.2,258,476,0.812,229.57,0.00,0.18,235.55,230.61,0,0,,235,88,1012.8,38016,,"6011",-34.8,1646,186,1,9,1,3,2,2,"A5",,2
1776567757.000,"7801b2","N/A",24.844162,121.249034,35025,36675,536.4,264,462,0.780,36.89,0.00,-0.35,36.04,31.10,0,-32,,248,90,1012.8,35008,,"3574",-33.1,32,186,1,9,1,3,2,3,,,2
1776567757.000,"899150","MDA1264 ",25.009232,121.268260,4875,5100,192.4,176,204,0.292,46.26,,-0.88,49.92,44.93,-768,-800,,,,1012.0,3200,,"2060",-36.1,2529,186,1,10,2,3,2,2,"A2",,2
1776567762.000,"780cc0","CCA149  ",25.076154,121.051457,,,,,,,,,,,,,,,,,,,,,-37.5,17,186,,8,,2,,,"A3",,0
1776567762.000,"8622ae","ANA859  ",24.874956,121.131782,38000,39775,390.2,258,478,0.812,229.57,0.00,0.18,235.55,230.62,0,-32,,235,88,1012.8,38016,,"6011",-34.4,1701,186,1,9,1,3,2,2,"A5",,2
1776567762.000,"7801b2","HKE630  ",24.853867,121.257019,35025,36675,536.4,264,462,0.780,36.89,0.00,-0.53,36.04,31.10,0,-32,,248,90,1012.8,35008,,"3574",-34.2,59,186,1,9,1,3,2,3,"A3",,2
1776567762.000,"899150","MDA1264 ",25.011703,121.271108,4825,5050,193.1,176,204,0.292,46.47,,-0.88,49.92,44.93,-768,-800,,,,1012.0,3200,,"2060",-36.2,2545,186,1,10,2,3,2,2,"A2",,2
1776567767.000,"8622ae","ANA859  ",24.868744,121.123759,38025,39800,389.4,258,476,0.812,229.48,0.00,0.18,235.55,230.62,0,-32,,235,88,1012.8,38016,,"6011",-35.5,1737,186,1,9,1,3,2,2,"A5",,2
1776567767.000,"7801b2","HKE630  ",24.863457,121.264965,35025,36675,536.4,264,462,0.780,36.89,0.00,-0.53,36.04,31.10,0,-32,,248,90,1012.8,35008,,"3574",-35.3,84,186,1,9,1,3,2,3,"A3",,2
1776567767.000,"899150","MDA1264 ",25.015357,121.275330,4750,4975,193.1,176,204,0.292,46.47,,-0.88,49.92,44.93,-704,-800,,,,1012.0,3200,,"2060",-37.3,2554,186,1,10,2,3,2,2,"A2",,2
1776567772.000,"8622ae","ANA859  ",24.862747,121.116079,38000,39775,390.2,258,478,0.812,229.57,0.00,0.53,235.72,230.80,64,32,,235,88,1012.8,38016,,"6011",-36.7,1766,186,1,9,1,3,2,2,"A5",,2
1776567772.000,"7801b2","HKE630  ",24.873606,121.273309,35025,36675,536.4,264,462,0.776,36.89,0.00,-0.70,35.86,30.91,0,-32,,249,91,1012.8,35008,,"3574",-33.8,125,186,1,9,1,3,2,3,"A3",,2
1776567772.000,"899150","MDA1264 ",25.015357,121.275330,4750,4975,193.1,176,204,0.292,46.47,,-0.88,49.92,44.93,-704,-800,,,,1012.0,3200,,"2060",-37.4,2555,186,1,10,2,3,2,2,"A2",,2
1776567777.000,"8622ae","ANA859  ",24.862747,121.116079,38000,39775,390.2,258,478,0.812,229.57,0.00,0.53,235.72,230.80,64,32,,235,88,1012.8,38016,,"6011",-37.0,1768,186,1,9,1,3,2,2,"A5",,2
1776567777.000,"899150","MDA1264 ",25.015357,121.275330,4750,4975,193.1,176,204,0.292,46.47,,-0.88,49.92,44.93,-704,-800,,,,1012.0,3200,,"2060",-37.2,2560,186,1,10,2,3,2,2,"A2",,2
1776567777.000,"7801b2","HKE630  ",24.883987,121.281840,35025,36675,536.4,264,462,0.776,36.89,0.00,-0.53,35.86,30.91,-64,-32,,249,91,1012.8,35008,,"3574",-32.2,159,186,1,9,1,3,2,3,"A3",,2
1776567782.000,"8622ae","ANA859  ",24.862747,121.116079,38000,39775,390.2,258,478,0.812,229.57,0.00,0.53,235.72,230.80,64,32,,235,88,1012.8,38016,,"6011",-37.0,1768,186,1,9,1,3,2,2,"A5",,2
1776567782.000,"899150","MDA1264 ",25.015357,121.275330,4750,4975,190.0,176,188,0.292,46.76,,-0.35,49.92,44.93,-704,-800,,,,1012.0,3200,,"2060",-37.1,2564,186,1,10,2,3,2,2,"A2",,2
1776567782.000,"7801b2","HKE630  ",24.894516,121.290487,35025,36675,536.4,264,462,0.780,36.89,0.00,-0.53,36.04,31.08,0,-32,,249,91,1012.8,35008,,"3574",-33.2,199,186,1,9,1,3,2,3,"A3",,2
1776567787.000,"8622ae","ANA859  ",24.862747,121.116079,38000,39775,390.2,258,478,0.812,229.57,0.00,0.53,235.72,230.80,64,32,,235,88,1012.8,38016,,"6011",-37.0,1768,186,1,9,1,3,2,2,"A5",,2
1776567787.000,"899150","MDA1264 ",25.015357,121.275330,4550,4775,190.0,176,188,0.292,46.76,,-0.35,49.92,44.93,-704,-800,,,,1012.0,3200,,"2060",-37.0,2569,186,1,10,2,3,2,2,"A2",,2
1776567787.000,"7801b2","HKE630  ",24.903073,121.297561,35025,36675,536.4,264,462,0.780,36.89,0.00,-0.53,36.04,31.08,0,-32,,248,90,1012.8,35008,,"3574",-32.9,227,186,1,9,1,3,2,3,"A3",,2
1776567792.000,"8622ae","ANA859  ",24.862747,121.116079,38000,39775,390.2,258,478,0.812,229.57,0.00,0.53,235.72,230.80,64,32,,235,88,1012.8,38016,,"6011",-37.0,1768,186,1,9,1,3,2,2,"A5",,2
1776567792.000,"899150","MDA1264 ",25.015357,121.275330,4550,4775,190.0,176,188,0.292,46.76,,-0.35,49.92,44.93,-704,-800,,,,1012.0,3200,,"2060",-37.2,2571,186,1,10,2,3,2,2,"A2",,2
1776567792.000,"7801b2","HKE630  ",24.914246,121.306712,35000,36650,536.4,264,462,0.780,36.89,0.00,-0.53,36.04,31.08,-64,-32,,248,90,1012.8,35008,,"3574",-34.1,261,186,1,9,1,3,2,3,"A3",,2
1776567797.000,"8622ae","ANA859  ",24.862747,121.116079,38000,39775,390.2,258,478,0.812,229.57,0.00,0.53,235.72,230.80,64,32,,235,88,1012.8,38016,,"6011",-37.0,1768,186,1,9,1,3,2,2,"A5",,2
1776567797.000,"899150","MDA1264 ",25.015357,121.275330,4550,4775,190.0,176,188,0.292,46.76,,-0.35,49.92,44.93,-704,-800,,,,1012.0,3200,,"2060",-37.4,2574,186,1,10,2,3,2,2,"A2",,2
1776567797.000,"7801b2","HKE630  ",24.924042,121.314748,35000,36650,536.4,264,462,0.780,36.89,0.00,-0.53,36.04,31.08,0,-32,,248,90,1012.8,35008,,"3574",-35.1,278,186,1,9,1,3,2,3,"A3",,2
1776567802.000,"8622ae","ANA859  ",24.862747,121.116079,38000,39775,390.2,258,478,0.812,229.57,0.00,0.53,235.72,230.80,64,32,,235,88,1012.8,38016,,"6011",-37.0,1768,186,1,9,1,3,2,2,"A5",,2
1776567802.000,"899150","MDA1264 ",25.015357,121.275330,4550,4750,186.0,176,188,0.292,46.52,,-0.35,49.92,44.93,-704,-800,,,,1012.0,3200,,"2060",-37.2,2579,186,1,10,2,3,2,2,"A2",,2
1776567802.000,"7801b2","HKE630  ",24.933884,121.322835,35000,36650,535.8,264,462,0.780,36.81,0.00,-0.53,35.86,30.89,0,32,,249,90,1012.8,35008,,"3574",-33.5,309,186,1,9,1,3,2,3,"A3",,2
1776567807.000,"8622ae","ANA859  ",24.862747,121.116079,38000,39775,390.2,258,478,0.812,229.57,0.00,0.53,235.72,230.80,64,32,,235,88,1012.8,38016,,"6011",-37.0,1768,186,1,9,1,3,2,2,"A5",,2
1776567807.000,"899150","MDA1264 ",25.039611,121.303676,4275,4475,186.0,176,188,0.292,46.52,,-0.35,49.92,44.93,-704,-800,,,,1012.0,3200,,"2060",-37.0,2582,186,1,10,2,3,2,2,"A2",,2
1776567807.000,"7801b2","HKE630  ",24.935898,121.324514,35000,36650,535.8,264,462,0.780,36.81,0.00,-0.53,35.86,30.89,0,32,,249,90,1012.8,35008,,"3574",-35.0,328,186,1,9,1,3,2,3,"A3",,2
1776567812.000,"8622ae","ANA859  ",24.862747,121.116079,38000,39775,390.2,258,478,0.812,229.57,0.00,0.53,235.72,230.80,64,32,,235,88,1012.8,38016,,"6011",-37.0,1768,186,1,9,1,3,2,2,"A5",,2
1776567812.000,"899150","MDA1264 ",25.039611,121.303676,4275,4475,186.0,,188,,46.52,,-0.35,,,-704,,,,,1012.0,3200,,"2060",-37.5,2586,186,1,10,2,3,2,2,"A2",,2
1776567812.000,"7801b2","HKE630  ",24.935898,121.324514,35000,36650,535.8,264,462,0.780,36.81,0.00,-0.53,35.86,30.89,0,32,,249,90,1012.8,35008,,"3574",-35.9,331,186,1,9,1,3,2,3,"A3",,2
1776567817.000,"8622ae","ANA859  ",24.862747,121.116079,38000,39775,390.2,258,478,0.812,229.57,0.00,0.53,235.72,230.80,64,32,,235,88,1012.8,38016,,"6011",-37.0,1768,186,1,9,1,3,2,2,"A5",,2
1776567817.000,"899150","MDA1264 ",25.039611,121.303676,4275,4475,186.0,,188,,46.52,,-0.35,,,-704,,,,,1012.0,3200,,,-37.5,2586,186,1,10,2,3,,,"A2",,2
1776567817.000,"7801b2","HKE630  ",24.935898,121.324514,35000,36650,535.8,264,462,0.780,36.81,0.00,-0.53,35.86,30.89,0,32,,249,90,1012.8,35008,,"3574",-36.6,335,186,1,9,1,3,2,3,"A3",,2
1776567822.000,"8622ae","ANA859  ",24.862747,121.116079,38000,39775,390.2,258,478,0.812,229.57,0.00,0.53,235.72,230.80,64,32,,,,1012.8,38016,,"6011",-37.0,1768,186,1,9,1,3,2,2,"A5",,2
1776567822.000,"899150","MDA1264 ",25.039611,121.303676,4275,4475,186.0,,188,,46.52,,-0.35,,,-704,,,,,1012.0,3200,,,-37.5,2586,186,1,10,2,3,,,"A2",,2
1776567822.000,"7801b2","HKE630  ",24.935898,121.324514,35000,36650,535.8,264,462,0.780,36.81,0.00,-0.53,35.86,30.89,0,32,,249,90,1012.8,35008,,"3574",-36.1,340,186,1,9,1,3,2,3,"A3",,2
1776567827.000,"8622ae","ANA859  ",24.862747,121.116079,38000,39775,390.2,258,478,0.812,229.57,0.00,0.53,235.72,230.80,64,32,,,,1012.8,38016,,"6011",-37.0,1768,186,1,9,1,3,2,2,"A5",,2
1776567827.000,"899150","MDA1264 ",25.039611,121.303676,4275,4475,186.0,,188,,46.52,,-0.35,,,-704,,,,,1012.0,3200,,,-37.5,2586,186,1,10,2,3,,,"A2",,2
1776567827.000,"7801b2","HKE630  ",24.935898,121.324514,35000,36650,535.8,264,462,0.780,36.81,0.00,-0.53,35.86,30.89,0,32,,249,90,1012.8,35008,,"3574",-36.0,341,186,1,9,1,3,2,3,"A3",,2
1776567832.000,"8622ae","ANA859  ",24.862747,121.116079,38000,39775,,258,,0.812,,,,235.72,230.80,,32,,,,,,,,-37.0,1768,186,1,9,,3,2,2,"A5",,2
1776567832.000,"899150","MDA1264 ",25.039611,121.303676,4275,4475,186.0,,188,,46.52,,-0.35,,,-704,,,,,1012.0,3200,,,-37.5,2586,186,1,10,2,3,,,"A2",,2
1776567832.000,"7801b2","HKE630  ",24.935898,121.324514,35000,36650,535.8,264,462,0.780,36.81,0.00,-0.53,35.86,30.89,0,32,,249,90,1012.8,35008,,"3574",-36.0,341,186,1,9,1,3,2,3,"A3",,2
1776567837.000,"78921b","N/A",24.850376,121.253409,37000,38825,563.6,,488,,36.85,,0.35,,,,0,,,,,,,,-36.3,30,186,,8,2,2,,,,,0
1776567837.000,"899150","MDA1264 ",25.039611,121.303676,4275,4475,186.0,,188,,46.52,,-0.35,,,-704,,,,,1012.0,3200,,,-37.5,2586,186,1,10,2,3,,,"A2",,2
1776567837.000,"7801b2","HKE630  ",24.935898,121.324514,35000,36650,535.8,264,462,0.780,36.81,0.00,-0.53,35.86,30.89,0,32,,249,90,1012.8,35008,,"3574",-36.2,343,186,1,9,1,3,2,3,"A3",,2
1776567842.000,"78921b","CPA410  ",24.870621,121.270040,37000,38825,563.6,268,486,0.824,36.85,,0.18,36.91,31.97,64,0,,244,89,1013.0,37008,,"3552",-35.8,76,186,,8,2,2,,,,,0
1776567842.000,"899150","MDA1264 ",25.039611,121.303676,4275,4475,186.0,,,,46.52,,,,,-704,,,,,1012.0,3200,,,-37.5,2586,186,1,10,2,3,,,"A2",,2
1776567842.000,"7801b2","HKE630  ",25.010788,121.386058,35000,36625,535.8,264,462,0.780,36.81,0.00,-0.53,35.86,30.89,0,32,,249,90,1012.8,35008,,"3574",-35.7,352,186,1,9,1,3,2,3,"A3",,2
1776567847.000,"78921b","CPA410  ",24.879192,121.277092,36975,38800,563.6,268,488,0.824,36.85,,0.00,36.91,31.97,96,0,,245,88,1013.0,37008,,"3552",-35.0,115,186,,8,2,2,,,,,0
1776567847.000,"899150","MDA1264 ",25.039611,121.303676,4275,4475,186.0,,,,46.52,,,,,-704,,,,,1012.0,3200,,,-37.5,2586,186,1,10,2,3,,,"A2",,2
1776567847.000,"7801b2","HKE630  ",25.010788,121.386058,35000,36625,535.8,264,462,0.780,36.81,0.00,-0.53,35.86,30.89,0,32,,249,90,1012.8,35008,,"3574",-36.0,361,186,1,9,1,3,2,3,"A3",,2
1776567852.000,"78921b","CPA410  ",24.890076,121.286011,37000,38825,563.6,268,488,0.824,36.85,,0.18,36.91,31.97,-32,0,,245,88,1013.0,37008,,"3552",-35.0,163,186,,8,2,2,,,,,0
1776567852.000,"899150","MDA1264 ",25.039611,121.303676,4275,4475,186.0,,,,46.52,,,,,-704,,,,,1012.0,3200,,,-37.5,2586,186,1,10,2,3,,,"A2",,2
1776567852.000,"7801b2","HKE630  ",25.010788,121.386058,35000,36625,535.8,264,462,0.780,36.81,0.00,-0.53,35.86,30.89,0,32,,249,90,1012.8,35008,,"3574",-36.4,363,186,1,9,1,3,2,3,"A3",,2
1776567857.000,"78921b","CPA410  ",24.900932,121.294918,37000,38825,563.6,268,486,0.824,36.85,,0.00,36.74,31.78,64,0,,245,90,1013.0,37008,,"3552",-35.7,200,186,,8,2,2,,,,,0
1776567857.000,"899150","MDA1264 ",25.039611,121.303676,4275,4475,186.0,,,,46.52,,,,,-704,,,,,1012.0,3200,,,-37.5,2586,186,1,10,2,3,,,"A2",,2
1776567857.000,"7801b2","HKE630  ",25.010788,121.386058,35000,36625,535.8,264,462,0.780,36.81,0.00,-0.53,35.86,30.89,0,32,,249,90,1012.8,35008,,"3574",-36.4,363,186,1,9,1,3,2,3,"A3",,2
1776567862.000,"78921b","CPA410  ",24.905319,121.298523,37000,38800,563.6,268,488,0.824,36.85,,0.18,36.74,31.78,64,0,,245,90,1013.0,37008,,"3552",-36.2,221,186,,8,2,2,,,,,0
1776567862.000,"899150","MDA1264 ",25.039611,121.303676,4275,4475,,,,,,,,,,,,,,,,,,,-37.5,2586,186,,,,,,,"A2",,2
1776567862.000,"7801b2","HKE630  ",25.010788,121.386058,35000,36625,535.8,264,462,0.780,36.81,0.00,-0.53,35.86,30.89,0,32,,,,1012.8,35008,,"3574",-36.4,363,186,1,9,1,3,2,3,"A3",,2
1776567867.000,"78921b","CPA410  ",24.915115,121.306610,37000,38800,563.6,268,488,0.824,36.85,,0.18,36.74,31.78,64,0,,245,90,1013.0,37008,,"3552",-36.9,248,186,,8,2,2,,,,,0
1776567867.000,"7801b2","HKE630  ",25.010788,121.386058,35000,36625,535.8,,,,36.81,,,,,0,,,,,1012.8,35008,,"3574",-36.4,363,186,1,9,1,3,,,"A3",,2
1776567872.000,"780cc0","N/A",24.954712,121.072286,3000,3200,192.3,,,,117.23,,,,,-1088,,,,,,,,"3646",-35.4,33,186,1,9,1,3,2,3,"A3",,2
1776567872.000,"78921b","CPA410  ",24.915115,121.306610,37000,38800,563.6,268,486,0.824,36.85,,0.18,36.74,31.78,32,0,,245,90,1013.0,37008,,"3552",-36.1,267,186,,8,2,2,,,"A0",,0
1776567872.000,"7801b2","HKE630  ",25.010788,121.386058,35000,36625,535.8,,,,36.81,,,,,0,,,,,1012.8,35008,,"3574",-36.4,363,186,1,9,1,3,,,"A3",,2
1776567877.000,"780cc0","CCA149  ",24.953303,121.077006,2900,3100,191.6,173,184,0.276,108.25,-2.91,-27.25,105.12,100.16,-1152,-1152,,353,20,1012.0,2496,,"3646",-35.0,67,186,1,9,1,3,2,3,"A3",,2
1776567877.000,"78921b","CPA410  ",24.935846,121.323628,36975,38775,563.6,268,486,0.824,36.85,,0.18,36.74,31.78,32,0,,245,90,1013.0,37008,,"3552",-36.6,280,186,,8,2,2,,,"A0",,0
1776567877.000,"7801b2","HKE630  ",25.010788,121.386058,35000,36625,535.8,,,,36.81,,,,,0,,,,,1012.8,35008,,"3574",-36.4,363,186,1,9,1,3,,,"A3",,2
1776567882.000,"780cc0","CCA149  ",24.952977,121.081773,2800,3000,191.5,173,184,0.276,94.19,-2.91,-27.25,105.12,100.16,-1088,-1152,,353,20,1012.0,2496,,"3646",-34.0,88,186,1,9,1,3,2,3,"A3",,2
1776567882.000,"78921b","CPA410  ",24.935846,121.323628,36975,38775,563.6,268,486,0.824,36.85,,0.18,36.74,31.78,32,0,,245,90,1013.0,37008,,"3552",-37.0,288,186,,8,2,2,,,"A0",,0
1776567882.000,"7801b2","HKE630  ",25.010788,121.386058,35000,36625,535.8,,,,36.81,,,,,0,,,,,1012.8,35008,,"3574",-36.4,363,186,1,9,1,3,,,"A3",,2
1776567887.000,"780cc0","CCA149  ",24.953675,121.086230,2725,2925,190.6,176,186,0.280,78.81,-3.16,-29.36,74.36,69.39,-1024,-992,,336,31,1012.0,2496,,"3646",-32.3,122,186,1,8,1,3,2,3,"A3",,2
1776567887.000,"78921b","CPA410  ",24.935846,121.323628,36975,38775,563.6,268,486,0.824,36.85,,0.18,36.74,31.78,32,0,,245,90,1013.0,37008,,"3552",-37.3,290,186,,8,2,2,,,"A0",,0
1776567887.000,"7801b2","HKE630  ",25.010788,121.386058,35000,36625,535.8,,,,36.81,,,,,0,,,,,1012.8,35008,,"3574",-36.4,363,186,1,9,1,3,,,"A3",,2
1776567892.000,"780cc0","CCA149  ",24.955582,121.090698,2650,2850,191.0,176,188,0.280,63.57,-2.25,-21.62,74.36,69.39,-640,-992,,336,31,1012.0,2496,,"3646",-34.2,153,186,1,8,1,3,2,3,"A3",,2
1776567892.000,"78921b","CPA410  ",24.935846,121.323628,36975,38775,563.6,268,486,0.824,36.85,,0.18,36.74,31.78,32,0,,245,90,1013.0,37008,,"3552",-37.3,292,186,,8,2,2,,,"A0",,0
1776567892.000,"7801b2","HKE630  ",25.010788,121.386058,35000,36625,535.8,,,,36.81,,,,,0,,,,,1012.8,35008,,"3574",-36.4,363,186,1,9,1,3,,,"A3",,2
1776567897.000,"780cc0","CCA149  ",24.958328,121.094869,2600,2775,188.4,175,186,0.276,52.77,-1.03,-10.37,56.25,51.29,-448,-448,,296,5,1012.0,2496,,"3646",-34.8,227,186,1,8,1,3,2,3,"A3",,2
1776567897.000,"78921b","CPA410  ",24.935846,121.323628,36975,38775,563.6,268,486,0.824,36.85,,0.18,36.74,31.78,32,0,,245,90,1013.0,37008,,"3552",-37.3,292,186,,8,2,2,,,"A0",,0
1776567897.000,"7801b2","HKE630  ",25.010788,121.386058,35000,36625,535.8,,,,36.81,,,,,0,,,,,1012.8,35008,,"3574",-36.4,363,186,1,9,1,3,,,"A3",,2
1776567902.000,"780cc0","CCA149  ",24.961077,121.098305,2575,2750,187.6,175,184,0.276,47.81,-0.53,-7.38,56.25,51.29,-320,-448,,296,5,1012.0,2496,,"3646",-35.7,289,186,1,8,1,3,2,3,"A3",,2
1776567902.000,"78921b","CPA410  ",24.935846,121.323628,36975,38775,563.6,268,486,0.824,36.85,,0.18,36.74,31.78,32,0,,245,90,1013.0,37008,,"3552",-37.3,292,186,,8,2,2,,,"A0",,0
1776567907.000,"780cc0","CCA149  ",24.963591,121.101207,2550,2725,186.7,175,184,0.276,45.87,-0.53,-7.38,56.25,51.29,-128,-448,,296,5,1012.0,2496,,"3646",-35.4,313,186,1,8,1,3,2,3,"A3",,2
1776567907.000,"78921b","CPA410  ",24.935846,121.323628,36975,38775,563.6,268,486,0.824,36.85,,0.18,36.74,31.78,32,0,,245,90,1013.0,37008,,"3552",-37.3,292,186,,8,2,2,,,"A0",,0
1776567912.000,"780cc0","CCA149  ",24.967300,121.105398,2550,2725,187.4,176,184,0.280,46.51,-0.53,-7.38,52.91,47.94,-128,-128,,296,5,1012.0,2496,,"3646",-34.3,338,186,1,8,1,3,2,3,"A3",,2
1776567912.000,"78921b","CPA410  ",24.935846,121.323628,36975,38775,563.6,268,486,0.824,36.85,,0.18,36.74,31.78,32,0,,245,90,1013.0,37008,,"3552",-37.3,292,186,,8,2,2,,,"A0",,0
1776567917.000,"780cc0","CCA149  ",24.969224,121.107633,2525,2700,187.5,176,184,0.280,47.38,-0.53,-7.38,52.91,47.94,0,-128,,296,5,1012.0,2496,,"3646",-34.2,374,186,1,8,1,3,2,3,"A3",,2
1776567917.000,"78921b","CPA410  ",24.935846,121.323628,36975,38775,563.6,268,486,0.824,36.85,,0.18,36.74,31.78,32,0,,,,1013.0,37008,,"3552",-37.3,292,186,,8,2,2,,,"A0",,0
1776567922.000,"780cc0","CCA149  ",24.970505,121.109212,2525,2700,188.4,176,184,0.280,48.01,-0.53,-7.38,52.91,47.94,0,-128,,296,5,1012.0,2496,,"3646",-35.4,385,186,1,8,1,3,2,3,"A3",,2
1776567922.000,"78921b","CPA410  ",24.935846,121.323628,36975,38775,563.6,268,486,0.824,36.85,,0.18,36.74,31.78,32,0,,,,1013.0,37008,,"3552",-37.3,292,186,,8,2,2,,,"A0",,0
1776567927.000,"780cc0","CCA149  ",24.975632,121.115468,2525,2700,188.4,176,184,0.280,48.01,-0.53,-7.38,52.91,47.94,0,-128,,296,5,1012.0,2496,,"3646",-36.2,395,186,1,8,1,3,2,3,"A3",,2
1776567927.000,"78921b","CPA410  ",24.935846,121.323628,36975,38775,563.6,268,486,0.824,36.85,,0.18,36.74,31.78,32,0,,,,,,,"3552",-37.3,292,186,,8,2,2,,,"A0",,0
1776567932.000,"780cc0","CCA149  ",24.975632,121.115468,2525,2700,189.1,174,184,0.276,48.22,-0.53,-7.38,53.61,48.64,-768,-832,,296,5,1012.0,2496,,"3646",-36.3,397,186,1,8,1,3,2,3,"A3",,2
1776567932.000,"78921b","CPA410  ",24.935846,121.323628,36975,38775,563.6,,486,,36.85,,0.18,,,,0,,,,,,,"3552",-37.3,292,186,,8,2,2,,,"A0",,0
1776567937.000,"780cc0","CCA149  ",24.981653,121.122972,2400,2575,188.4,174,184,0.276,48.44,-0.53,-7.38,53.61,48.64,-1024,-832,,296,5,1012.0,2496,,"3646",-36.1,411,186,1,8,1,3,2,3,"A3",,2
1776567942.000,"780cc0","CCA149  ",24.984586,121.126600,2350,2500,184.3,175,184,0.276,48.96,-0.53,-7.38,55.20,50.22,-896,-896,,296,5,1012.0,2496,,"3646",-35.5,433,186,1,8,1,3,2,3,"A3",,2
1776567947.000,"780cc0","CCA149  ",24.985191,121.127377,2325,2475,183.6,175,184,0.276,49.20,-0.53,-7.38,55.20,50.22,-896,-896,,296,5,1012.0,2496,,"3646",-35.9,439,186,1,8,1,3,2,3,"A3",,2
1776567952.000,"780cc0","CCA149  ",24.985191,121.127377,2325,2475,183.6,175,184,0.276,49.20,-0.53,-7.38,55.20,50.22,-896,-896,,296,5,1012.0,2496,,"3646",-35.9,439,186,1,8,1,3,2,3,"A3",,2
1776567957.000,"780cc0","CCA149  ",24.985191,121.127377,2325,2475,183.6,175,184,0.276,49.20,-0.53,-7.38,55.20,50.22,-896,-896,,,,1012.0,2496,,"3646",-35.9,439,186,1,8,1,3,2,3,"A3",,2
1776567962.000,"780cc0","CCA149  ",24.985191,121.127377,2325,2475,183.6,175,,0.276,49.20,,,55.20,50.22,-896,-896,,,,1012.0,2496,,"3646",-35.9,439,186,1,8,1,3,2,3,"A3",,2
1776567967.000,"780cc0","CCA149  ",24.985191,121.127377,2325,2475,183.6,175,,0.276,49.20,,,55.20,50.22,-896,-896,,,,1012.0,2496,,"3646",-35.9,439,186,1,8,1,3,2,3,"A3",,2
1776567972.000,"780cc0","CCA149  ",24.985191,121.127377,2325,2475,183.6,175,,0.276,49.20,,,55.20,50.22,-896,-896,,,,1012.0,2496,,"3646",-35.9,439,186,1,8,1,3,2,3,"A3",,2
1776567977.000,"780cc0","CCA149  ",24.985191,121.127377,2325,2475,183.6,175,,0.276,49.20,,,55.20,50.22,-896,-896,,,,1012.0,2496,,"3646",-35.9,439,186,1,8,1,3,2,3,"A3",,2
1776567982.000,"780cc0","CCA149  ",24.985191,121.127377,2325,2475,183.6,175,,0.276,49.20,,,55.20,50.22,-896,-896,,,,1012.0,2496,,"3646",-35.9,439,186,1,8,1,3,2,3,"A3",,2
1776567987.000,"780cc0","CCA149  ",24.985191,121.127377,2325,2475,183.6,175,,0.276,49.20,,,55.20,50.22,-896,-896,,,,1012.0,2496,,,-35.9,439,186,1,8,1,3,2,3,"A3",,2
1776568107.000,"781d68","N/A",25.076527,121.052597,,4675,246.7,,,,228.95,,,,,-768,,,,,1012.0,4000,,"6315",-36.7,54,186,1,9,2,3,,,,,2
1776568112.000,"781d68","N/A",25.076527,121.052597,,4675,246.7,,,,228.95,,,,,-768,,,,,1012.0,4000,,,-36.7,54,186,1,9,2,3,,,,,2
1776568117.000,"781d68","N/A",25.076527,121.052597,,4675,246.7,,,,228.95,,,,,-768,,,,,1012.0,4000,,,-36.7,54,186,1,9,2,3,,,,,2
1776568122.000,"781d68","N/A",25.076527,121.052597,,,,,,,,,,,,,,,,,1012.0,4000,,,-36.7,54,186,1,9,,3,,,,,2
1776568127.000,"781d68","N/A",25.076527,121.052597,,,,,,,,,,,,,,,,,1012.0,4000,,,-36.7,54,186,1,9,,3,,,,,2
1776568132.000,"781d68","N/A",25.076527,121.052597,,,,,,,,,,,,,,,,,1012.0,4000,,,-36.7,54,186,1,9,,3,,,,,2
1776568137.000,"781d68","N/A",25.076527,121.052597,,,,,,,,,,,,,,,,,1012.0,4000,,,-36.7,54,186,1,9,,3,,,,,2
1776568142.000,"781d68","N/A",25.076527,121.052597,,,,,,,,,,,,,,,,,1012.0,4000,,,-36.7,54,186,1,9,,3,,,,,2
1776568147.000,"781d68","N/A",25.076527,121.052597,,,,,,,,,,,,,,,,,1012.0,4000,,,-36.7,54,186,1,9,,3,,,,,2
1776568152.000,"781d68","N/A",25.076527,121.052597,,,,,,,,,,,,,,,,,1012.0,4000,,,-36.7,54,186,1,9,,3,,,,,2
1776568152.000,"76bcc4","TGW892  ",24.977737,121.117961,,3300,198.5,,,,49.09,,,,,,-1088,,,,,,,"0144",-37.8,269,186,,,1,,,,"A5",,2
1776568152.000,"899053","UIA8811 ",24.740652,121.351146,15750,16525,348.3,,372,,238.50,0.09,0.35,,,832,,,,,1012.8,20000,,"4467",-36.8,38,186,1,8,1,3,2,2,,,2
1776568152.000,"84b42f","APJ626  ",25.201538,121.508331,9350,9775,336.8,,,,71.30,,,,,2944,,,,,,,,,-37.6,42,186,,8,1,2,,,"A3",,0
1776568157.000,"781d68","N/A",25.076527,121.052597,,,,,,,,,,,,,,,,,1012.0,4000,,,-36.7,54,186,1,9,,3,,,,,2
1776568157.000,"76bcc4","TGW892  ",24.977737,121.117961,,3300,198.5,,,,49.09,,,,,,-1088,,,,,,,,-37.8,269,186,,,1,,,,"A5",,2
1776568157.000,"899053","UIA8811 ",24.740652,121.351146,15750,16525,348.3,,372,,238.50,0.09,0.35,,,832,,,,,1012.8,20000,,"4467",-36.8,38,186,1,8,1,3,2,2,,,2
1776568157.000,"84b42f","APJ626  ",25.201538,121.508331,9350,9775,,,,,,,,,,,,,,,,,,,-37.6,42,186,,8,,2,,,"A3",,0
1776568162.000,"781d68","N/A",25.076527,121.052597,,,,,,,,,,,,,,,,,1012.0,4000,,,-36.7,54,186,1,9,,3,,,,,2
1776568162.000,"76bcc4","TGW892  ",24.977737,121.117961,,,,,,,,,,,,,,,,,,,,,-37.8,269,186,,,,,,,"A5",,2
1776568162.000,"899053","UIA8811 ",24.740652,121.351146,15750,16525,348.3,,372,,238.50,0.09,0.35,,,832,,,,,1012.8,20000,,"4467",-36.8,38,186,1,8,1,3,2,2,,,2
1776568162.000,"84b42f","APJ626  ",25.201538,121.508331,9350,9775,,,,,,,,,,,,,,,,,,,-37.6,42,186,,8,,2,,,"A3",,0
1776568167.000,"76bcc4","TGW892  ",24.977737,121.117961,,,,,,,,,,,,,,,,,,,,,-37.8,269,186,,,,,,,"A5",,2
1776568167.000,"899053","UIA8811 ",24.740652,121.351146,15750,16525,348.3,,372,,238.50,0.09,0.35,,,832,,,,,1012.8,20000,,"4467",-36.8,38,186,1,8,1,3,2,2,,,2
1776568167.000,"84b42f","APJ626  ",25.201538,121.508331,9350,9775,,,,,,,,,,,,,,,,,,,-37.6,42,186,,8,,2,,,"A3",,0
1776568172.000,"76bcc4","TGW892  ",24.977737,121.117961,,,,,,,,,,,,,,,,,,,,,-37.8,269,186,,,,,,,"A5",,2
1776568172.000,"899053","UIA8811 ",24.740652,121.351146,15750,16525,348.3,,372,,238.50,0.09,0.35,,,832,,,,,1012.8,20000,,"4467",-36.8,38,186,1,8,1,3,2,2,,,2
1776568172.000,"84b42f","APJ626  ",25.201538,121.508331,9350,9775,,,,,,,,,,,,,,,,,,,-37.6,42,186,,8,,2,,,"A3",,0
1776568177.000,"76bcc4","TGW892  ",24.977737,121.117961,,,,,,,,,,,,,,,,,,,,,-37.8,269,186,,,,,,,"A5",,2
1776568177.000,"899053","UIA8811 ",24.740652,121.351146,15750,16525,348.3,,372,,238.50,0.09,0.35,,,832,,,,,1012.8,20000,,"4467",-36.8,38,186,1,8,1,3,2,2,,,2
1776568177.000,"84b42f","APJ626  ",25.201538,121.508331,9350,9775,,,,,,,,,,,,,,,,,,,-37.6,42,186,,8,,2,,,"A3",,0
1776568182.000,"76bcc4","TGW892  ",24.977737,121.117961,,,,,,,,,,,,,,,,,,,,,-37.8,269,186,,,,,,,"A5",,2
1776568182.000,"899053","UIA8811 ",24.740652,121.351146,15750,16525,348.3,,372,,238.50,0.09,0.35,,,832,,,,,1012.8,20000,,"4467",-36.8,38,186,1,8,1,3,2,2,,,2
1776568182.000,"84b42f","APJ626  ",25.201538,121.508331,9350,9775,,,,,,,,,,,,,,,,,,,-37.6,42,186,,8,,2,,,"A3",,0
1776568187.000,"76bcc4","TGW892  ",24.977737,121.117961,,,,,,,,,,,,,,,,,,,,,-37.8,269,186,,,,,,,"A5",,2
1776568187.000,"899053","UIA8811 ",24.740652,121.351146,15750,16525,348.3,,372,,238.50,0.09,0.35,,,832,,,,,1012.8,20000,,"4467",-36.8,38,186,1,8,1,3,,,,,2
1776568192.000,"899053","UIA8811 ",24.740652,121.351146,15750,16525,348.3,,372,,238.50,0.09,0.35,,,832,,,,,1012.8,20000,,"4467",-36.8,38,186,1,8,1,3,,,,,2
1776568297.000,"781d68","CQH8951 ",24.954895,121.071472,2525,2675,186.5,,,,116.43,,,,,128,,,,,1012.0,2496,,"6315",-34.4,75,186,1,9,2,3,2,3,"A3",,2
1776568302.000,"781d68","CQH8951 ",24.953888,121.076253,2525,2675,183.8,,,,100.03,,,,,64,,,,,1012.0,2496,,"6315",-34.4,88,186,1,9,2,3,2,3,"A3",,2
1776568307.000,"781d68","CQH8951 ",24.953934,121.079203,2525,2675,187.5,,184,,82.65,-2.69,-25.49,,,-64,,,,,1012.0,2496,,"6315",-34.0,112,186,1,9,2,3,2,3,"A3",,2
1776568312.000,"781d68","CQH8951 ",24.955398,121.085764,2550,2700,190.4,180,190,0.288,70.04,-2.12,-20.57,72.95,67.99,64,32,,335,7,1012.0,2496,,"6315",-34.0,139,186,1,9,2,3,2,3,"A3",,2
1776568317.000,"781d68","CQH8951 ",24.956701,121.088717,2550,2700,189.8,179,190,0.284,61.00,-2.12,-20.57,64.86,59.90,-64,-64,,335,7,1012.0,2496,,"6315",-34.0,176,186,1,9,2,3,2,3,"A3",,2
1776568322.000,"781d68","CQH8951 ",24.959448,121.093589,2550,2700,188.1,177,190,0.280,54.96,-2.12,-20.57,59.94,54.98,-64,-64,,335,7,1012.0,2496,,"6315",-33.0,216,186,1,9,2,3,2,3,"A3",,2
1776568327.000,"781d68","CQH8951 ",24.961962,121.097268,2525,2675,187.4,174,184,0.276,52.15,-0.31,-3.16,56.78,51.81,64,32,,267,4,1012.0,2496,,"6315",-35.1,234,186,1,9,2,3,2,3,"A3",,2
1776568332.000,"781d68","CQH8951 ",24.964874,121.101227,2550,2700,188.4,174,184,0.276,50.82,-0.31,-3.16,56.78,51.81,0,32,,267,4,1012.0,2496,,"6315",-35.2,247,186,1,9,2,3,2,3,"A3",,2
1776568337.000,"781d68","CQH8951 ",24.967641,121.104886,2525,2675,188.9,174,184,0.276,50.16,-0.31,-3.16,56.78,51.81,0,32,,267,4,1012.0,2496,,"6315",-34.9,263,186,1,9,2,3,2,3,"A3",,2
1776568342.000,"781d68","CQH8951 ",24.970434,121.108617,2525,2675,186.7,174,184,0.276,50.00,-0.31,-3.16,56.78,51.81,0,32,,267,4,1012.0,2496,,"6315",-34.0,281,186,1,9,2,3,2,3,"A3",,2
1776568347.000,"781d68","CQH8951 ",24.973206,121.112162,2525,2675,180.8,174,184,0.276,49.26,-0.31,-3.16,56.78,51.81,-64,32,,267,4,1012.0,2496,,"6315",-34.1,293,186,1,9,2,3,2,3,"A3",,2
1776568352.000,"781d68","CQH8951 ",24.975974,121.115665,2525,2675,175.8,174,184,0.276,49.15,-0.31,-3.16,56.78,51.81,-192,32,,267,4,1012.0,2496,,"6315",-33.1,312,186,1,9,2,3,2,3,"A3",,2
1776568357.000,"781d68","CQH8951 ",24.978720,121.119189,2500,2650,175.1,162,172,0.256,48.94,-0.09,-0.53,53.26,48.29,-448,-544,,261,4,1012.0,3008,,"6315",-33.2,332,186,1,9,2,3,2,3,"A3",,2
1776568362.000,"781d68","CQH8951 ",24.981467,121.122609,2425,2575,175.7,165,174,0.260,48.69,-0.19,0.70,54.14,49.17,-960,-960,,189,2,1012.0,3008,,"6315",-30.7,358,186,1,9,2,3,2,3,"A3",,2
1776568367.000,"781d68","CQH8951 ",24.984121,121.125978,2350,2500,175.8,170,178,0.268,49.15,0.28,1.41,55.20,50.22,-1088,-1088,,106,4,1012.0,3008,,"6315",-31.9,377,186,1,9,2,3,2,3,"A3",,2
1776568372.000,"71c017","JNA736  ",24.826308,121.069025,19550,20450,392.3,,,,49.65,,,,,2944,,,,,1013.6,28992,,,-33.1,14,186,1,10,2,3,2,2,"A3",,2
1776568372.000,"781d68","CQH8951 ",24.986774,121.129450,2275,2425,175.3,170,178,0.268,49.86,0.28,1.41,55.20,50.22,-960,-1088,,106,4,1012.0,3008,,"6315",-34.2,396,186,1,9,2,3,2,3,"A3",,2
1776568377.000,"71c017","JNA736  ",24.831103,121.075244,19750,20650,392.3,280,382,0.604,49.65,0.00,-0.35,49.57,44.65,3008,3104,,300,35,1013.6,28992,,"6276",-31.7,77,186,1,10,2,3,2,2,"A3",,2
1776568377.000,"781d68","CQH8951 ",24.986774,121.129450,2275,2425,175.3,170,178,0.268,49.86,0.28,1.41,55.20,50.22,-960,-1088,,106,4,1012.0,3008,,"6315",-34.7,397,186,1,9,2,3,2,3,"A3",,2
1776568382.000,"71c017","JNA736  ",24.837248,121.083121,20000,20950,392.3,277,380,0.604,49.65,0.00,-0.53,49.57,44.65,2560,2624,,297,36,1013.6,28992,,"6276",-30.1,164,186,1,10,2,3,2,2,"A3",,2
1776568382.000,"781d68","CQH8951 ",24.986774,121.129450,2275,2425,175.3,170,178,0.268,49.86,0.28,1.41,55.20,50.22,-960,-1088,,106,4,1012.0,3008,,"6315",-34.7,397,186,1,9,2,3,2,3,"A3",,2
1776568387.000,"71c017","JNA736  ",24.842926,121.090444,20200,21175,393.0,276,380,0.604,49.54,0.00,-0.35,49.57,44.65,2432,2432,,296,35,1013.6,28992,,"6276",-29.9,249,186,1,10,2,3,2,2,"A3",,2
1776568387.000,"781d68","CQH8951 ",24.986774,121.129450,2275,2425,175.3,170,178,0.268,49.86,0.28,1.41,55.20,50.22,-960,-1088,,106,4,1012.0,3008,,"6315",-34.7,397,186,1,9,2,3,2,3,"A3",,2
1776568392.000,"71c017","JNA736  ",24.849910,121.099445,20425,21400,394.4,276,380,0.604,49.52,0.00,-0.35,49.57,44.65,2496,2432,,296,35,1013.6,28992,,"6276",-28.7,328,186,1,10,2,3,2,2,"A3",,2
1776568392.000,"781d68","CQH8951 ",24.986774,121.129450,2275,2425,175.3,170,178,0.268,49.86,0.28,1.41,55.20,50.22,-960,-1088,,106,4,1012.0,3008,,"6315",-34.7,397,186,1,9,2,3,2,3,"A3",,2
1776568397.001,"71c017","JNA736  ",24.855377,121.106466,20625,21600,395.8,275,380,0.604,49.51,0.00,-0.18,49.92,44.99,2368,2400,,292,34,1013.6,28992,,"6276",-32.0,414,186,1,10,2,3,2,2,"A3",,2
1776568397.001,"781d68","CQH8951 ",24.986774,121.129450,2275,2425,175.3,170,178,0.268,49.86,0.28,1.41,55.20,50.22,-960,-1088,,106,4,1012.0,3008,,"6315",-34.7,397,186,1,9,2,3,2,3,"A3",,2
1776568402.000,"71c017","JNA736  ",24.861008,121.113637,20800,21800,397.2,274,382,0.608,49.49,0.00,-0.18,49.92,44.99,2112,2272,,290,34,1013.6,28992,,"6276",-30.6,500,186,1,10,2,3,2,2,"A3",,2
1776568402.000,"781d68","CQH8951 ",24.986774,121.129450,2275,2425,175.3,170,178,0.268,49.86,0.28,1.41,55.20,50.22,-960,-1088,,106,4,1012.0,3008,,"6315",-34.7,397,186,1,9,2,3,2,3,"A3",,2
1776568407.000,"71c017","JNA736  ",24.867233,121.121623,20975,21950,398.6,274,382,0.608,49.48,0.03,-0.18,49.92,44.99,2112,2272,,290,34,1013.6,28992,,"6276",-33.0,561,186,1,10,2,3,2,2,"A3",,2
1776568407.000,"781d68","CQH8951 ",24.986774,121.129450,2275,2425,175.3,170,178,0.268,49.86,0.28,1.41,55.20,50.22,-960,-1088,,106,4,1012.0,3008,,"6315",-34.7,397,186,1,9,2,3,2,3,"A3",,2
1776568412.000,"71c017","JNA736  ",24.873233,121.129398,21150,22150,399.4,275,384,0.612,49.57,0.00,-0.18,49.92,44.99,2112,2144,,291,35,1013.6,28992,,"6276",-32.2,635,186,1,10,2,3,2,2,"A3",,2
1776568412.000,"781d68","CQH8951 ",24.986774,121.129450,2275,2425,175.3,170,178,0.268,49.86,0.28,1.41,55.20,50.22,-960,-1088,,106,4,1012.0,3008,,"6315",-34.7,397,186,1,9,2,3,2,3,"A3",,2
1776568417.000,"781d68","CQH8951 ",24.986774,121.129450,2275,2425,175.3,170,178,0.268,49.86,0.28,1.41,55.20,50.22,-960,-1088,,106,4,1012.0,3008,,"6315",-34.7,397,186,1,9,2,3,2,3,"A3",,2
1776568417.000,"71c017","JNA736  ",24.879518,121.137430,21325,22325,401.5,276,386,0.616,49.65,0.00,-0.18,49.92,44.98,2176,2144,,292,35,1013.6,28992,,"6276",-32.9,691,186,1,10,2,3,2,2,"A3",,2
1776568422.000,"781d68","CQH8951 ",24.986774,121.129450,2275,2425,175.3,170,178,0.268,49.86,0.28,1.41,55.20,50.22,-960,-1088,,106,4,1012.0,3008,,"6315",-34.7,397,186,1,9,2,3,2,3,"A3",,2
1776568422.000,"71c017","JNA736  ",24.885315,121.144918,21500,22500,403.0,276,388,0.620,49.63,0.00,-0.18,49.92,44.98,2112,2112,,291,36,1013.6,28992,,"6276",-32.5,771,186,1,10,2,3,2,2,"A3",,2
1776568428.000,"781d68","CQH8951 ",24.986774,121.129450,2275,2425,175.3,,,,49.86,,,,,-960,,,,,1012.0,3008,,,-34.7,397,186,1,9,2,3,2,3,"A3",,2
1776568428.000,"71c017","JNA736  ",24.892738,121.154480,21725,22750,404.4,276,388,0.620,49.61,0.00,-0.18,49.92,44.98,2048,2112,,291,36,1013.6,28992,,"6276",-33.8,861,186,1,10,2,3,2,2,"A3",,2
1776568433.000,"71c017","JNA736  ",24.898819,121.162364,21900,22925,406.5,276,390,0.624,49.69,0.00,0.00,50.45,45.50,2048,2016,,289,34,1013.6,28992,,"6276",-32.7,924,186,1,10,2,3,2,2,"A3",,2
1776568438.000,"71c017","JNA736  ",24.905308,121.170700,22075,23100,407.9,276,390,0.628,49.67,0.00,-0.18,50.45,45.50,1920,1952,,286,34,1013.6,28992,,"6276",-33.2,1014,186,1,10,2,3,2,2,"A3",,2
1776568443.000,"71c017","JNA736  ",24.911453,121.178640,22225,23250,410.1,276,392,0.628,49.75,0.00,-0.35,50.62,45.67,1920,1888,,286,33,1013.6,28992,,"6276",-31.9,1086,186,1,10,2,3,2,2,"A3",,2
1776568448.000,"71c017","JNA736  ",24.917633,121.186625,22375,23425,412.2,275,390,0.628,49.62,0.00,-0.18,50.80,45.85,1856,1824,,280,34,1013.6,28992,,"6276",-34.2,1159,186,1,10,2,3,2,2,"A3",,2
1776568453.000,"71c017","JNA736  ",24.923603,121.194331,22525,23600,415.0,275,392,0.628,49.59,0.00,-0.18,50.62,45.67,1536,1664,,277,36,1013.6,28992,,"6276",-34.2,1219,186,1,10,2,3,2,2,"A3",,2
1776568453.000,"71bc36","AIH969  ",25.034862,121.338035,36000,37700,415.8,,498,,229.68,-0.03,0.35,,,0,,,,,1013.6,36000,,"4124",-36.0,89,186,1,8,1,3,2,2,"A5",,2
1776568458.000,"71c017","JNA736  ",24.929764,121.202240,22650,23725,417.8,275,392,0.632,49.56,0.00,-0.35,50.62,45.67,1664,1568,,276,37,1013.6,28992,,"6276",-34.5,1284,186,1,10,2,3,2,2,"A3",,2
1776568458.000,"71bc36","AIH969  ",25.034862,121.338035,36000,37700,415.8,278,498,0.832,229.68,-0.03,0.35,237.13,232.14,0,32,,,,1013.6,36000,,"4124",-37.2,107,186,1,8,1,3,2,2,"A5",,2
1776568463.000,"71c017","JNA736  ",24.936032,121.210396,22800,23875,418.6,276,394,0.632,49.65,0.00,0.00,50.62,45.67,1728,1664,,274,38,1013.6,28992,,"6276",-36.3,1306,186,1,10,2,3,2,2,"A3",,2
1776568463.000,"71bc36","AIH969  ",25.034862,121.338035,36000,37700,415.8,278,498,0.832,229.68,-0.03,0.35,237.13,232.14,0,32,,,,1013.6,36000,,"4124",-36.8,113,186,1,8,1,3,2,2,"A5",,2
1776568468.000,"71c017","JNA736  ",24.941849,121.217855,22925,24000,421.4,276,394,0.636,49.62,0.00,-0.18,50.80,45.84,1664,1696,,274,37,1013.6,28992,,"6276",-35.4,1348,186,1,10,2,3,2,2,"A3",,2
1776568468.000,"71bc36","AIH969  ",25.034862,121.338035,36000,37700,415.8,278,498,0.832,229.68,-0.03,0.35,237.13,232.14,0,32,,,,1013.6,36000,,"4124",-37.0,116,186,1,8,1,3,2,2,"A5",,2
1776568473.000,"71c017","JNA736  ",24.946793,121.224264,23025,24100,423.6,276,396,0.640,49.69,0.00,-0.18,50.80,45.84,1600,1600,,273,38,1013.6,28992,,"6276",-35.7,1370,186,1,10,2,3,2,2,"A3",,2
1776568473.000,"71bc36","AIH969  ",25.034862,121.338035,36000,37700,415.8,278,498,0.832,229.68,-0.03,0.35,237.13,232.14,0,32,,,,1013.6,36000,,"4124",-36.5,122,186,1,8,1,3,2,2,"A5",,2
1776568478.000,"71c017","JNA736  ",24.946793,121.224264,23025,24100,423.6,276,396,0.640,49.69,0.00,-0.18,50.80,45.84,1600,1600,,273,38,1013.6,28992,,"6276",-35.7,1370,186,1,10,2,3,2,2,"A3",,2
1776568478.000,"71bc36","AIH969  ",25.005162,121.299634,36000,37700,415.8,278,498,0.832,229.68,-0.03,0.35,237.13,232.14,0,32,,,,1013.6,36000,,"4124",-36.4,128,186,1,8,1,3,2,2,"A5",,2
1776568483.000,"71c017","JNA736  ",24.946793,121.224264,23025,24100,423.6,276,396,0.640,49.69,0.00,-0.18,50.80,45.84,1600,1600,,273,38,1013.6,28992,,"6276",-35.7,1370,186,1,10,2,3,2,2,"A3",,2
1776568483.000,"71bc36","AIH969  ",25.005162,121.299634,36000,37700,415.8,278,498,0.832,229.68,-0.03,0.35,236.95,231.97,0,-32,,,,1013.6,36000,,"4124",-36.9,140,186,1,8,1,3,2,2,"A5",,2
1776568488.000,"71c017","JNA736  ",24.946793,121.224264,23025,24100,423.6,276,396,0.640,49.69,0.00,-0.18,50.80,45.84,1600,1600,,273,38,1013.6,28992,,"6276",-35.7,1370,186,1,10,2,3,2,2,"A3",,2
1776568488.000,"71bc36","AIH969  ",25.005162,121.299634,36000,37700,415.8,278,498,0.832,229.68,-0.03,0.35,236.95,231.97,0,-32,,,,1013.6,36000,,"4124",-36.7,151,186,1,8,1,3,2,2,"A5",,2
1776568493.000,"71c017","JNA736  ",24.946793,121.224264,23025,24100,423.6,276,396,0.640,49.69,0.00,-0.18,50.80,45.84,1600,1600,,273,38,1013.6,28992,,"6276",-35.7,1370,186,1,10,2,3,2,2,"A3",,2
1776568493.000,"71bc36","AIH969  ",24.981886,121.269681,36000,37700,415.8,278,498,0.832,229.68,-0.03,0.35,236.95,231.97,0,-32,,,,1013.6,36000,,"4124",-37.2,159,186,1,8,1,3,2,2,"A5",,2
1776568498.000,"78018d","N/A",24.921753,121.213125,40000,42000,391.5,,,,227.80,,,,,0,,,,,,,,,-35.8,8,186,,8,1,2,,,,,0
1776568498.000,"71c017","JNA736  ",24.946793,121.224264,23025,24100,423.6,276,396,0.640,49.69,0.00,-0.18,50.80,45.84,1600,1600,,273,38,1013.6,28992,,"6276",-35.7,1370,186,1,10,2,3,2,2,"A3",,2
1776568498.000,"71bc36","AIH969  ",24.975906,121.261953,36000,37700,415.6,278,498,0.832,229.49,-0.03,0.35,236.95,231.97,0,-32,,,,1013.6,36000,,"4124",-36.9,168,186,1,8,1,3,2,2,"A5",,2
1776568503.000,"78018d","N/A",24.921753,121.213125,40000,42000,391.5,,,,227.80,,,,,0,,,,,,,,,-35.7,18,186,,8,1,2,,,,,0
1776568503.000,"71c017","JNA736  ",24.946793,121.224264,23025,24100,423.6,276,396,0.640,49.69,0.00,-0.18,50.80,45.84,1600,1600,,273,38,1013.6,28992,,"6276",-35.7,1370,186,1,10,2,3,2,2,"A3",,2
1776568503.000,"71bc36","AIH969  ",24.971054,121.255697,36000,37700,415.0,278,498,0.832,229.59,-0.03,0.35,236.95,231.97,0,-32,,,,1013.6,36000,,"4124",-36.5,181,186,1,8,1,3,2,2,"A5",,2
1776568508.000,"78018d","N/A",24.908333,121.196871,40000,42000,392.2,,,,227.69,,,,,0,,,,,1012.8,40000,,,-34.8,39,186,1,9,1,3,,,,,0
1776568508.000,"71c017","JNA736  ",24.946793,121.224264,23025,24100,423.6,276,396,0.640,49.69,0.00,-0.18,50.80,45.84,1600,1600,,273,38,1013.6,28992,,"6276",-35.7,1370,186,1,10,2,3,2,2,"A3",,2
1776568508.000,"71bc36","AIH969  ",24.964569,121.247346,36000,37700,414.2,278,496,0.832,229.50,0.00,0.18,236.95,231.97,0,-32,,,,1013.6,36000,,"4124",-34.4,215,186,1,8,1,3,2,2,"A5",,2
1776568513.000,"78018d","N/A",24.901154,121.188253,40000,42000,392.2,,,,227.69,,,,,0,,,,,1012.8,40000,,,-34.7,65,186,1,8,1,2,,,,,0
1776568513.000,"71c017","JNA736  ",24.946793,121.224264,23025,24100,423.6,276,396,0.640,49.69,0.00,-0.18,50.80,45.84,1600,1600,,273,38,1013.6,28992,,"6276",-35.7,1370,186,1,10,2,3,2,2,"A3",,2
1776568513.000,"71bc36","AIH969  ",24.956955,121.237539,36000,37700,413.6,277,496,0.832,229.61,0.03,0.18,237.13,232.17,0,0,,245,84,1013.6,36000,,"4124",-34.3,265,186,1,8,1,3,2,2,"A5",,2
1776568518.000,"78018d","N/A",24.900101,121.186930,40000,42000,392.2,,472,,227.69,0.00,0.18,,,0,,,,,1012.8,40000,,,-35.3,78,186,1,9,1,3,,,,,0
1776568518.000,"71c017","JNA736  ",24.946793,121.224264,23025,24100,423.6,276,396,0.640,49.69,0.00,-0.18,50.80,45.84,1600,1600,,273,38,1013.6,28992,,"6276",-35.7,1370,186,1,10,2,3,2,2,"A3",,2
1776568518.000,"71bc36","AIH969  ",24.950882,121.229726,36000,37700,413.6,277,496,0.832,229.61,0.00,0.00,237.13,232.17,0,0,,245,85,1013.6,36000,,"4124",-33.8,331,186,1,8,1,3,2,2,"A5",,2
1776568523.000,"78018d","N/A",24.891357,121.176453,40000,42000,392.2,,472,,227.69,0.00,0.18,,,0,,,,,1012.8,40000,,"6004",-35.9,95,186,1,9,1,3,2,3,,,2
1776568523.000,"71bc36","AIH969  ",24.944916,121.222026,36000,37700,413.6,276,496,0.828,229.61,0.03,0.18,237.13,232.17,0,0,,245,85,1013.6,36000,,"4124",-33.3,409,186,1,8,1,3,2,2,"A5",,2
1776568523.000,"71c017","JNA736  ",24.946793,121.224264,23025,24100,423.6,276,396,0.640,49.69,0.00,-0.18,50.80,45.84,1600,1600,,273,38,1013.6,28992,,,-35.7,1370,186,1,10,2,3,2,2,"A3",,2
1776568528.000,"78018d","N/A",24.891357,121.176453,40000,42000,392.2,,472,,227.69,0.00,0.18,,,0,,,,,1012.8,40000,,"6004",-35.6,102,186,1,9,1,3,2,3,,,2
1776568528.000,"71bc36","AIH969  ",24.938828,121.214193,36000,37700,413.6,276,496,0.828,229.61,0.00,0.00,236.95,232.00,0,0,,244,85,1013.6,36000,,"4124",-31.9,473,186,1,8,1,3,2,2,"A5",,2
1776568528.000,"71c017","JNA736  ",24.946793,121.224264,23025,24100,423.6,276,396,0.640,49.69,0.00,-0.18,50.80,45.84,1600,1600,,273,38,1013.6,28992,,,-35.7,1370,186,1,10,2,3,2,2,"A3",,2
1776568533.000,"78018d","N/A",24.881195,121.164144,40000,42000,392.2,,474,,227.69,0.00,0.00,,,0,,,,,1012.8,40000,,"6004",-35.8,110,186,1,9,1,3,2,3,,,2
1776568533.000,"71bc36","AIH969  ",24.932634,121.206199,36000,37700,412.8,277,496,0.828,229.52,0.00,0.00,237.13,232.18,0,32,,245,86,1013.6,36000,,"4124",-31.7,551,186,1,8,1,3,2,2,"A5",,2
1776568538.000,"78018d","N/A",24.871231,121.152148,40000,42000,392.2,,474,,227.69,0.00,0.00,,,0,,,,,1012.8,40000,,"6004",-35.7,117,371,1,9,1,3,2,3,,,2
1776568538.000,"71bc36","AIH969  ",24.926163,121.197907,36000,37700,412.8,276,496,0.828,229.52,0.03,0.18,237.13,232.18,0,0,,245,86,1013.6,36000,,"4124",-29.9,632,186,1,8,1,3,2,2,"A5",,2
1776568543.000,"78018d","N/A",24.868927,121.149343,40000,42000,392.9,,474,,227.79,0.00,0.00,,,0,,,,,1012.8,40000,,"6004",-36.1,123,371,1,9,1,3,2,3,,,2
1776568543.000,"71bc36","AIH969  ",24.920197,121.190236,36000,37700,412.8,276,494,0.828,229.52,0.03,0.53,237.13,232.18,0,-32,,245,84,1013.6,36000,,"4124",-29.9,730,186,1,8,1,3,2,2,"A5",,2
1776568548.000,"78018d","N/A",24.858290,121.136549,40000,42000,392.9,,474,,227.79,0.00,0.00,,,0,,,,,1012.8,40000,,"6004",-36.5,126,371,1,9,1,3,2,3,,,2
1776568548.000,"71bc36","AIH969  ",24.914154,121.182404,36000,37700,412.9,276,494,0.828,229.71,0.00,0.18,237.13,232.18,0,0,,244,85,1013.6,36000,,"4124",-29.6,806,186,1,8,1,3,2,2,"A5",,2
1776568553.000,"78018d","N/A",24.858290,121.136549,40000,42000,392.9,,474,,227.79,0.00,0.00,,,0,,,,,1012.8,40000,,"6004",-36.5,128,371,1,9,1,3,2,3,,,2
1776568553.000,"71bc36","AIH969  ",24.907700,121.174062,36000,37700,412.2,276,494,0.828,229.62,-0.03,0.00,237.30,232.36,0,0,,246,85,1013.6,36000,,"4124",-29.9,897,186,1,8,1,3,2,2,"A5",,2
1776568558.000,"78018d","N/A",24.858290,121.136549,40000,42000,392.9,,474,,227.79,0.00,0.00,,,0,,,,,1012.8,40000,,"6004",-36.5,128,371,1,9,1,3,2,3,,,2
1776568558.000,"71bc36","AIH969  ",24.901537,121.166088,36000,37700,412.2,276,494,0.828,229.62,0.00,0.18,237.30,232.36,0,-32,,246,85,1013.6,36000,,"4124",-31.6,969,186,1,8,1,3,2,2,"A5",,2
1776568563.000,"78018d","N/A",24.858290,121.136549,40000,42000,392.9,,474,,227.79,0.00,0.00,,,0,,,,,1012.8,40000,,"6004",-36.5,128,371,1,9,1,3,2,3,,,2
1776568563.000,"71bc36","AIH969  ",24.895203,121.157939,36000,37700,412.2,275,494,0.824,229.62,0.00,0.35,237.30,232.37,0,0,,246,85,1013.6,36000,,"4124",-32.2,1062,186,1,8,1,3,2,2,"A5",,2
1776568563.000,"89914e","MDA367  ",24.818893,121.282043,11425,11950,184.3,170,,0.316,231.39,,,240.64,236.78,704,704,,,,1013.2,14000,,,-35.2,36,186,1,9,2,3,2,0,"A0",,2
1776568568.000,"78018d","N/A",24.858290,121.136549,40000,42000,392.9,,474,,227.79,0.00,0.00,,,0,,,,,1012.8,40000,,"6004",-36.5,128,371,1,9,1,3,2,3,,,2
1776568568.000,"71bc36","AIH969  ",24.889294,121.150282,36000,37700,411.5,276,494,0.828,229.73,0.00,0.00,237.30,232.37,0,0,,245,85,1013.6,36000,,"4124",-32.8,1129,186,1,8,1,3,2,2,"A5",,2
1776568568.000,"89914e","MDA367  ",24.817836,121.280512,11450,11975,184.3,170,,0.316,231.39,,,240.64,236.78,704,704,,,,1013.6,14016,,,-36.4,48,186,1,9,2,3,2,0,"A0",,2
1776568573.000,"78018d","N/A",24.858290,121.136549,40000,42000,392.9,,474,,227.79,0.00,0.00,,,0,,,,,1012.8,40000,,"6004",-36.5,128,371,1,9,1,3,2,3,,,2
1776568573.000,"71bc36","AIH969  ",24.882248,121.141205,36000,37700,411.5,275,494,0.824,229.73,0.00,0.18,237.30,232.37,0,0,,245,85,1013.6,36000,,"4124",-33.7,1207,186,1,8,1,3,2,2,"A5",,2
1776568573.000,"89914e","MDA367  ",24.813538,121.274719,11525,12050,184.3,170,,0.316,231.39,,,240.64,236.78,640,704,,,,1013.6,14016,,"4460",-35.2,69,186,1,9,2,3,2,0,"A0",,2
1776568578.000,"71bc36","AIH969  ",24.876306,121.133544,36000,37700,411.5,275,494,0.824,229.73,0.00,0.00,237.30,232.37,0,0,,245,85,1013.6,36000,,"4124",-35.1,1251,186,1,8,1,3,2,2,"A5",,2
1776568578.000,"78018d","N/A",24.858290,121.136549,40000,42000,392.9,,474,,227.79,0.00,0.00,,,0,,,,,,,,"6004",-36.5,128,371,1,9,1,3,2,3,,,2
1776568578.000,"89914e","MDA367  ",24.811386,121.271718,11575,12100,184.3,170,,0.316,231.39,,,240.82,235.87,576,640,,,,1013.6,14016,,"4460",-34.8,109,186,1,9,2,3,2,0,"A0",,2
1776568583.000,"71bc36","AIH969  ",24.871399,121.127167,36000,37700,411.5,275,494,0.824,229.73,0.00,0.00,237.30,232.37,0,0,,245,85,1013.6,36000,,"4124",-35.8,1285,186,1,8,1,3,2,2,"A5",,2
1776568583.000,"78018d","N/A",24.858290,121.136549,40000,42000,392.9,,474,,227.79,0.00,0.00,,,0,,,,,,,,,-36.5,128,371,,,1,,,,,,2
1776568583.000,"89914e","MDA367  ",24.808200,121.267349,11625,12150,184.9,170,,0.316,231.15,,,240.82,235.87,576,640,,,,1013.6,14016,,"4460",-35.4,140,186,1,9,2,3,2,0,"A0",,2
1776568588.000,"71bc36","AIH969  ",24.866436,121.120795,36000,37700,411.5,275,494,0.824,229.73,0.00,0.00,237.30,232.37,0,0,,245,85,1013.6,36000,,"4124",-36.3,1294,186,1,8,1,3,2,2,"A5",,2
1776568588.000,"78018d","N/A",24.858290,121.136549,40000,42000,392.9,,474,,227.79,0.00,0.00,,,0,,,,,,,,,-36.5,128,371,,,1,,,,,,2
1776568588.000,"89914e","MDA367  ",24.805893,121.264191,11675,12200,184.9,170,,0.320,231.15,,,241.00,236.05,640,640,,,,1013.6,14016,,"4460",-35.0,168,186,1,9,2,3,2,0,"A0",,2
1776568593.000,"71bc36","AIH969  ",24.857312,121.109032,36000,37725,410.8,275,494,0.824,229.64,0.00,0.00,237.30,232.37,0,0,,245,85,1013.6,36000,,"4124",-36.7,1301,186,1,8,1,3,2,2,"A5",,2
1776568593.000,"78018d","N/A",24.858290,121.136549,40000,42000,392.9,,,,227.79,,,,,0,,,,,,,,,-36.5,128,371,,,1,,,,,,2
1776568593.000,"89914e","MDA367  ",24.803192,121.260478,11750,12275,184.3,170,,0.320,231.39,,,240.82,235.87,704,704,,,,1013.6,14016,,"4460",-34.4,213,186,1,10,2,3,2,0,"A0",,2
1776568598.000,"71bc36","AIH969  ",24.857312,121.109032,36000,37725,410.8,275,494,0.824,229.64,0.00,0.00,237.30,232.37,0,0,,245,85,1013.6,36000,,"4124",-36.9,1302,186,1,8,1,3,2,2,"A5",,2
1776568598.000,"78018d","N/A",24.858290,121.136549,40000,42000,392.9,,,,227.79,,,,,0,,,,,,,,,-36.5,128,371,,,1,,,,,,2
1776568598.000,"89914e","MDA367  ",24.800286,121.256570,11800,12325,184.9,170,,0.320,231.15,,,240.64,235.70,640,640,,,,1013.6,14016,,"4460",-33.7,264,186,1,10,2,3,2,0,"A0",,2
1776568603.000,"71bc36","AIH969  ",24.857312,121.109032,36000,37725,410.8,275,494,0.824,229.64,0.00,0.00,237.30,232.37,0,0,,245,85,1013.6,36000,,"4124",-36.9,1302,186,1,8,1,3,2,2,"A5",,2
1776568603.000,"78018d","N/A",24.858290,121.136549,40000,42000,,,,,,,,,,,,,,,,,,,-36.5,128,371,,,,,,,,,2
1776568603.000,"89914e","MDA367  ",24.797470,121.252696,11850,12375,184.9,170,,0.320,231.15,,,240.64,235.70,640,640,,,,1013.6,14016,,"4460",-34.3,314,186,1,10,2,3,2,0,"A0",,2
1776568608.000,"7803ae","N/A",24.961915,121.077628,2500,2675,195.3,,,,98.84,,,,,-384,,,,,1012.0,2016,,,-35.2,25,186,1,8,1,2,,,,,0
1776568608.000,"71bc36","AIH969  ",24.857312,121.109032,36000,37725,410.8,275,494,0.824,229.64,0.00,0.00,237.30,232.37,0,0,,245,85,1013.6,36000,,"4124",-36.9,1302,186,1,8,1,3,2,2,"A5",,2
1776568608.000,"78018d","N/A",24.858290,121.136549,40000,42000,,,,,,,,,,,,,,,,,,,-36.5,128,371,,,,,,,,,2
1776568608.000,"89914e","MDA367  ",24.794769,121.249034,11900,12425,184.9,170,,0.320,231.15,,,240.64,235.70,640,640,,,,1013.6,14016,,"4460",-34.3,357,186,1,10,2,3,2,0,"A0",,2
1776568608.000,"71c336","JJA6001 ",25.027954,121.329041,34000,35625,379.5,,468,,229.60,0.00,-0.18,,,0,,,,,1013.2,34000,,,-37.6,47,186,,8,1,2,,,,,0
1776568613.000,"7803ae","N/A",24.961716,121.081645,2475,2675,195.0,,,,90.00,,,,,-256,,,,,1012.0,2016,,"4457",-35.6,39,186,1,8,1,2,,,,,0
1776568613.000,"71bc36","AIH969  ",24.857312,121.109032,36000,37725,410.8,275,494,0.824,229.64,0.00,0.00,237.30,232.37,0,0,,245,85,1013.6,36000,,"4124",-36.9,1302,186,1,8,1,3,2,2,"A5",,2
1776568613.000,"89914e","MDA367  ",24.793256,121.246983,11950,12475,184.9,170,,0.320,231.15,,,240.47,235.53,640,640,,,,1013.6,14016,,"4460",-34.9,390,186,1,10,2,3,2,0,"A0",,2
1776568613.000,"71c336","JJA6001 ",25.019714,121.318461,34000,35625,379.5,,468,,229.60,0.00,-0.18,,,0,,,,,1013.6,34016,,"3240",-37.2,61,186,1,8,1,3,,,,,0
1776568618.000,"7803ae","CCA185  ",24.962101,121.086593,2450,2650,192.5,,,,82.84,,,,,-448,,,,,1012.0,2016,,"4457",-35.8,57,186,1,9,1,3,2,3,,,2
1776568618.000,"71bc36","AIH969  ",24.857312,121.109032,36000,37725,410.8,275,494,0.824,229.64,0.00,0.00,237.30,232.37,0,0,,245,85,1013.6,36000,,"4124",-36.9,1302,186,1,8,1,3,2,2,"A5",,2
1776568618.000,"89914e","MDA367  ",24.789551,121.241862,12025,12575,185.7,170,,0.320,231.34,,,240.47,235.53,640,640,,,,1013.6,14016,,"4460",-34.2,433,186,1,10,2,3,2,0,"A0",,2
1776568618.000,"71c336","JJA6001 ",25.019714,121.318461,34000,35625,379.5,272,468,0.784,229.60,0.00,-0.18,234.67,229.68,32,0,,,,1013.6,34016,,"3240",-37.3,64,186,1,8,1,3,,,,,0
1776568623.000,"7803ae","CCA185  ",24.963032,121.092190,2400,2600,191.8,,,,78.57,,,,,-448,,,,,1012.0,2016,,"4457",-35.9,71,186,1,9,1,3,2,3,,,2
1776568623.000,"71bc36","AIH969  ",24.857312,121.109032,36000,37725,410.8,275,494,0.824,229.64,0.00,0.00,237.30,232.37,0,0,,245,85,1013.6,36000,,"4124",-36.9,1302,186,1,8,1,3,2,2,"A5",,2
1776568623.000,"89914e","MDA367  ",24.786879,121.238225,12075,12625,185.7,170,,0.320,231.34,,,240.47,235.53,640,640,,,,1013.6,14016,,"4460",-34.7,484,186,1,10,2,3,2,0,"A0",,2
1776568623.000,"71c336","JJA6001 ",25.019714,121.318461,34000,35625,379.5,272,468,0.784,229.60,0.00,-0.18,234.67,229.68,32,0,,,,1013.6,34016,,"3240",-37.3,65,186,1,8,1,3,,,,,0
1776568628.000,"7803ae","CCA185  ",24.964336,121.096802,2375,2575,191.7,,190,,70.81,-1.72,-17.40,,,-448,,,,,1012.0,2016,,"4457",-34.3,93,186,1,9,1,3,2,3,"A5",,2
1776568628.000,"71bc36","AIH969  ",24.857312,121.109032,36000,37725,410.8,275,494,0.824,229.64,0.00,0.00,237.30,232.37,0,0,,245,85,1013.6,36000,,"4124",-36.9,1302,186,1,8,1,3,2,2,"A5",,2
1776568628.000,"89914e","MDA367  ",24.784318,121.234701,12125,12675,185.7,170,,0.324,231.34,,,240.47,235.53,704,672,,,,1013.6,14016,,"4460",-34.1,524,186,1,10,2,3,2,0,"A0",,2
1776568628.000,"71c336","JJA6001 ",25.019714,121.318461,34000,35625,379.5,272,468,0.784,229.60,0.00,-0.18,234.67,229.68,32,0,,,,1013.6,34016,,"3240",-37.5,67,186,1,8,1,3,,,,,0
1776568633.000,"7803ae","CCA185  ",24.966198,121.101051,2350,2525,189.8,,190,,61.00,-1.72,-17.40,,,-384,,,,,1012.0,2016,,"4457",-34.5,126,186,1,9,1,3,2,3,"A5",,2
1776568633.000,"71bc36","AIH969  ",24.857312,121.109032,36000,37725,410.8,275,494,0.824,229.64,0.00,0.00,237.30,232.37,0,0,,245,85,1013.6,36000,,"4124",-36.9,1302,186,1,8,1,3,2,2,"A5",,2
1776568633.000,"89914e","MDA367  ",24.781540,121.230876,12175,12725,185.7,170,,0.320,231.34,,,240.29,235.36,704,704,,,,1013.6,14016,,"4460",-34.2,557,186,1,10,2,3,2,0,"A0",,2
1776568633.000,"71c336","JJA6001 ",25.019714,121.318461,34000,35625,379.5,272,,0.784,229.60,,,234.67,229.68,32,0,,,,1013.6,34016,,"3240",-37.3,76,186,1,8,1,3,,,,,0
1776568638.000,"7803ae","CCA185  ",24.968386,121.104938,2325,2500,187.5,,188,,56.31,-0.75,-8.26,,,-448,,,,,1012.0,2016,,"4457",-35.4,160,186,1,9,1,3,2,3,"A5",,2
1776568638.000,"71bc36","AIH969  ",24.857312,121.109032,36000,37725,410.8,275,494,0.824,229.64,0.00,0.00,237.30,232.37,0,0,,,,1013.6,36000,,,-36.9,1302,186,1,8,1,3,2,2,"A5",,2
1776568638.000,"89914e","MDA367  ",24.778885,121.227264,12250,12800,185.7,170,,0.324,231.34,,,240.12,235.18,640,672,,,,1013.6,14016,,"4460",-34.6,601,186,1,10,2,3,2,0,"A0",,2
1776568638.000,"71c336","JJA6001 ",24.993850,121.285176,34000,35625,,272,,0.784,,,,234.67,229.68,32,0,,,,1013.6,34016,,"3240",-37.2,81,186,1,8,,3,,,,,0
1776568643.000,"7803ae","CCA185  ",24.970825,121.108704,2275,2450,186.8,,188,,53.93,-0.75,-8.26,,,-448,,,,,1012.0,2016,,"4457",-35.1,168,186,1,9,1,3,2,3,"A5",,2
1776568643.000,"71bc36","AIH969  ",24.857312,121.109032,36000,37725,410.8,,,,229.64,,,,,0,,,,,,,,,-36.9,1302,186,,,1,,,,"A5",,2
1776568643.000,"89914e","MDA367  ",24.776079,121.223455,12300,12850,185.7,170,,0.324,231.34,,,239.94,235.01,640,640,,,,1013.6,14016,,"4460",-34.4,640,186,1,10,2,3,2,0,"A0",,2
1776568643.000,"71c336","JJA6001 ",24.989273,121.279297,34000,35625,,272,,0.784,,,,234.84,229.87,64,0,,,,1013.6,34016,,"3240",-36.9,94,186,1,8,,2,,,,,0
1776568648.000,"71bc36","AIH969  ",24.857312,121.109032,36000,37725,410.8,,,,229.64,,,,,0,,,,,,,,,-36.9,1302,186,,,1,,,,"A5",,2
1776568648.000,"7803ae","CCA185  ",24.973572,121.112518,2250,2425,184.3,,188,,51.39,-0.75,-8.26,,,-384,,,,,1012.0,2016,,"4457",-35.7,175,186,1,9,1,3,2,3,"A5",,2
1776568648.000,"89914e","MDA367  ",24.773438,121.219788,12350,12900,185.7,170,,0.324,231.34,,,239.94,235.01,640,640,,,,1013.6,14016,,"4460",-33.3,687,186,1,10,2,3,2,0,"A0",,2
1776568648.000,"71c336","JJA6001 ",24.979884,121.267193,34000,35625,380.2,272,466,0.784,229.48,0.00,0.00,234.84,229.87,0,0,,,,1013.6,34016,,"3240",-37.0,109,186,1,8,1,3,2,2,,,2
1776568653.000,"71bc36","AIH969  ",24.857312,121.109032,36000,37725,,,,,,,,,,,,,,,,,,,-36.9,1302,186,,,,,,,"A5",,2
1776568653.000,"7803ae","CCA185  ",24.976207,121.116080,2225,2400,179.6,,188,,50.19,-0.75,-8.26,,,-128,,,,,1012.0,2016,,"4457",-34.9,192,186,1,9,1,3,2,3,"A5",,2
1776568653.000,"89914e","MDA367  ",24.770599,121.215922,12400,12950,185.7,170,,0.324,231.34,,,240.29,235.36,640,608,,,,1013.6,14016,,"4460",-30.6,743,186,1,10,2,3,2,0,"A0",,2
1776568653.000,"71c336","JJA6001 ",24.973618,121.259104,34000,35625,380.2,271,466,0.784,229.48,0.00,0.00,234.84,229.87,0,0,,,,1013.6,34016,,"3240",-37.0,132,186,1,8,1,3,2,2,"A3",,2
1776568658.000,"7803ae","CCA185  ",24.978378,121.118927,2200,2375,176.6,,188,,49.36,-0.75,-8.26,,,-256,,,,,1012.0,2016,,"4457",-35.8,204,186,1,9,1,3,2,3,"A5",,2
1776568658.000,"89914e","MDA367  ",24.768072,121.212521,12450,13000,185.7,170,,0.324,231.34,,,240.29,235.36,640,672,,,,1013.6,14016,,"4460",-30.5,801,186,1,10,2,3,2,0,"A0",,2
1776568658.000,"71c336","JJA6001 ",24.969177,121.253357,34000,35625,380.3,271,466,0.784,229.69,0.03,0.35,234.84,229.88,0,0,,231,86,1013.6,34016,,"3240",-35.7,155,186,1,8,1,3,2,2,"A3",,2
1776568663.000,"7803ae","CCA185  ",24.978378,121.118927,2200,2375,176.6,,188,,49.36,-0.75,-8.26,,,-256,,,,,1012.0,2016,,"4457",-35.8,204,186,1,9,1,3,2,3,"A5",,2
1776568663.000,"89914e","MDA367  ",24.765278,121.208686,12500,13050,185.7,170,,0.324,231.34,,,240.47,235.54,704,704,,,,1013.6,14016,,"4460",-29.0,852,186,1,10,2,3,2,0,"A0",,2
1776568663.000,"71c336","JJA6001 ",24.962194,121.244340,34000,35625,379.6,271,466,0.784,229.81,0.00,0.00,234.84,229.88,0,-32,,231,86,1013.6,34016,,"3240",-35.1,209,186,1,8,1,3,2,2,"A3",,2
1776568668.000,"7803ae","CCA185  ",24.982165,121.123698,2175,2350,176.6,,188,,49.36,-0.75,-8.26,,,-256,,,,,1012.0,2016,,"4457",-35.7,205,186,1,9,1,3,2,3,"A5",,2
1776568668.000,"89914e","MDA367  ",24.762578,121.205007,12575,13150,185.7,170,,0.324,231.34,,,240.47,235.54,704,704,,,,1013.6,14016,,"4460",-27.6,898,186,1,10,2,3,2,0,"A0",,2
1776568668.000,"71c336","JJA6001 ",24.956543,121.236979,34000,35625,379.6,271,466,0.784,229.81,-0.03,-0.18,234.84,229.88,0,-32,,230,86,1013.6,34016,,"3240",-34.2,265,186,1,8,1,3,2,2,"A3",,2
1776568673.000,"7803ae","CCA185  ",24.982165,121.123698,2175,2350,176.6,,188,,49.36,-0.75,-8.26,,,-256,,,,,1012.0,2016,,"4457",-35.7,205,186,1,9,1,3,2,3,"A5",,2
1776568673.000,"89914e","MDA367  ",24.760162,121.201681,12625,13200,185.7,170,,0.324,231.34,,,240.82,235.89,704,704,,,,1013.6,14016,,"4460",-27.9,959,186,1,10,2,3,2,0,"A0",,2
1776568673.000,"71c336","JJA6001 ",24.951050,121.229909,34000,35625,380.3,271,466,0.780,229.69,-0.03,-0.18,234.84,229.88,0,0,,230,86,1013.6,34016,,"3240",-32.9,353,186,1,8,1,3,2,2,"A3",,2
1776568678.000,"7803ae","CCA185  ",24.982165,121.123698,2175,2350,176.6,,188,,49.36,-0.75,-8.26,,,-256,,,,,1012.0,2016,,"4457",-35.7,205,186,1,9,1,3,2,3,"A5",,2
1776568678.000,"89914e","MDA367  ",24.757365,121.197855,12675,13250,185.7,170,,0.324,231.34,,,241.00,236.07,704,704,,,,1013.6,14016,,"4460",-29.7,1014,186,1,10,2,3,2,0,"A0",,2
1776568678.000,"71c336","JJA6001 ",24.945145,121.222229,34000,35625,380.3,271,466,0.780,229.69,-0.03,-0.53,234.84,229.88,0,0,,231,86,1013.6,34016,,"3240",-31.6,435,186,1,8,1,3,2,2,"A3",,2
1776568683.000,"7803ae","CCA185  ",24.982165,121.123698,2175,2350,176.6,,188,,49.36,-0.75,-8.26,,,-256,,,,,1012.0,2016,,"4457",-35.7,205,186,1,9,1,3,2,3,"A5",,2
1776568683.000,"89914e","MDA367  ",24.754715,121.194204,12750,13325,185.7,170,,0.324,231.34,,,241.00,236.07,640,672,,,,1013.6,14016,,"4460",-28.9,1074,186,1,10,2,3,2,0,"A0",,2
1776568683.000,"71c336","JJA6001 ",24.938779,121.213972,34000,35625,379.5,271,464,0.780,229.60,0.00,-0.35,234.67,229.71,0,32,,231,85,1013.6,34016,,"3240",-31.8,536,186,1,8,1,3,2,2,"A3",,2
1776568688.000,"7803ae","CCA185  ",24.982165,121.123698,2175,2350,176.6,,188,,49.36,-0.75,-8.26,,,-256,,,,,1012.0,2016,,"4457",-35.7,205,186,1,9,1,3,2,3,"A5",,2
1776568688.000,"89914e","MDA367  ",24.752058,121.190600,12800,13375,185.7,170,,0.324,231.34,,,241.17,236.25,640,640,,,,1013.6,14016,,"4460",-31.3,1117,186,1,10,2,3,2,0,"A0",,2
1776568688.000,"71c336","JJA6001 ",24.933053,121.206665,34000,35625,379.5,270,464,0.780,229.60,0.00,0.18,234.67,229.71,0,32,,230,84,1013.6,34016,,"3240",-30.3,590,186,1,8,1,3,2,2,"A3",,2
1776568693.000,"7803ae","CCA185  ",24.982165,121.123698,2175,2350,176.6,,188,,49.36,-0.75,-8.26,,,-256,,,,,1012.0,2016,,"4457",-35.7,205,186,1,9,1,3,2,3,"A5",,2
1776568693.000,"89914e","MDA367  ",24.749908,121.187693,12825,13400,185.7,170,,0.324,231.34,,,240.82,235.90,576,576,,,,1013.6,14016,,"4460",-34.8,1165,186,1,10,2,3,2,0,"A0",,2
1776568693.000,"71c336","JJA6001 ",24.927383,121.199290,34000,35625,379.5,270,464,0.780,229.60,0.03,0.00,234.67,229.72,0,0,,230,84,1013.6,34016,,"3240",-30.0,680,186,1,8,1,3,2,2,"A3",,2
1776568698.000,"7803ae","CCA185  ",24.982165,121.123698,2175,2350,176.6,,188,,49.36,-0.75,-8.26,,,-256,,,,,1012.0,2016,,"4457",-35.7,205,186,1,9,1,3,2,3,"A5",,2
1776568698.000,"89914e","MDA367  ",24.749908,121.187693,12825,13400,185.7,170,,0.324,231.34,,,240.82,235.90,576,576,,,,1013.6,14016,,"4460",-35.0,1166,186,1,10,2,3,2,0,"A0",,2
1776568698.000,"71c336","JJA6001 ",24.921707,121.191915,34000,35625,379.5,270,464,0.780,229.60,-0.03,-0.35,234.67,229.72,0,-32,,230,84,1013.6,34016,,"3240",-29.7,765,186,1,8,1,3,2,2,"A3",,2
1776568703.000,"7803ae","CCA185  ",24.982165,121.123698,2175,2350,176.6,,,,49.36,,,,,-256,,,,,1012.0,2016,,"4457",-35.7,205,186,1,9,1,3,2,3,"A5",,2
1776568703.000,"71c336","JJA6001 ",24.916214,121.184896,34000,35625,379.5,270,464,0.780,229.60,0.00,-0.18,234.67,229.72,0,0,,230,84,1013.6,34016,,"3240",-31.0,864,186,1,8,1,3,2,2,"A3",,2
1776568703.000,"89914e","MDA367  ",24.749908,121.187693,12825,13400,185.7,170,,0.324,231.34,,,240.82,235.90,576,576,,,,1013.6,14016,,"4460",-35.2,1167,186,1,10,2,3,2,0,"A0",,2
1776568708.000,"7803ae","CCA185  ",24.982165,121.123698,2175,2350,176.6,,,,49.36,,,,,-256,,,,,1012.0,2016,,"4457",-35.7,205,186,1,9,1,3,2,3,"A5",,2
1776568708.000,"71c336","JJA6001 ",24.910858,121.177979,34000,35625,379.5,270,464,0.780,229.60,0.00,0.00,234.67,229.72,0,0,,230,84,1013.6,34016,,"3240",-30.4,944,186,1,8,1,3,2,2,"A3",,2
1776568708.000,"89914e","MDA367  ",24.749908,121.187693,12825,13400,185.7,170,,0.324,231.34,,,240.82,235.90,576,576,,,,1013.6,14016,,"4460",-35.2,1167,186,1,10,2,3,2,0,"A0",,2
1776568713.000,"7803ae","CCA185  ",24.982165,121.123698,2175,2350,176.6,,,,49.36,,,,,-256,,,,,1012.0,2016,,"4457",-35.7,205,186,1,9,1,3,,,"A5",,2
1776568713.000,"71c336","JJA6001 ",24.905273,121.170756,34000,35625,379.5,271,464,0.780,229.60,0.00,-0.18,234.67,229.72,0,0,,230,84,1013.6,34016,,"3240",-31.5,1031,186,1,8,1,3,2,2,"A3",,2
1776568713.000,"89914e","MDA367  ",24.749908,121.187693,12825,13400,185.7,170,,0.324,231.34,,,240.82,235.90,576,576,,,,1013.6,14016,,"4460",-35.2,1167,186,1,10,2,3,2,0,"A0",,2
1776568718.000,"7803ae","CCA185  ",24.982165,121.123698,2175,2350,,,,,,,,,,,,,,,,,,,-35.7,205,186,,,,,,,"A5",,2
1776568718.000,"71c336","JJA6001 ",24.899442,121.163290,34000,35625,380.2,271,466,0.780,229.48,0.03,-0.18,234.67,229.73,0,0,,231,86,1013.6,34016,,"3240",-31.3,1110,186,1,8,1,3,2,2,"A3",,2
1776568718.000,"89914e","MDA367  ",24.749908,121.187693,12825,13400,185.7,170,,0.324,231.34,,,240.82,235.90,576,576,,,,1013.6,14016,,"4460",-35.2,1167,186,1,10,2,3,2,0,"A0",,2
1776568723.000,"7803ae","CCA185  ",24.982165,121.123698,2175,2350,,,,,,,,,,,,,,,,,,,-35.7,205,186,,,,,,,"A5",,2
1776568723.000,"71c336","JJA6001 ",24.893716,121.155931,34000,35625,380.2,271,466,0.780,229.48,0.00,0.00,234.67,229.73,0,0,,231,86,1013.6,34016,,"3240",-31.7,1198,186,1,8,1,3,2,2,"A3",,2
1776568723.000,"89914e","MDA367  ",24.749908,121.187693,12825,13400,185.7,170,,0.324,231.34,,,240.82,235.90,576,576,,,,1013.6,14016,,"4460",-35.2,1167,186,1,10,2,3,2,0,"A0",,2
1776568728.000,"71c336","JJA6001 ",24.887897,121.148469,34000,35625,380.2,271,466,0.780,229.48,0.00,0.00,234.67,229.73,0,0,,231,86,1013.6,34016,,"3240",-32.6,1272,186,1,8,1,3,2,2,"A3",,2
1776568728.000,"89914e","MDA367  ",24.749908,121.187693,12825,13400,185.7,170,,0.324,231.34,,,240.82,235.90,576,576,,,,1013.6,14016,,"4460",-35.2,1167,186,1,10,2,3,2,0,"A0",,2
1776568733.000,"71c336","JJA6001 ",24.881938,121.140799,34000,35625,380.2,272,466,0.784,229.48,0.00,0.00,234.84,229.91,0,0,,232,86,1013.6,34016,,"3240",-34.3,1365,186,1,8,1,3,2,2,"A3",,2
1776568733.000,"89914e","MDA367  ",24.749908,121.187693,12825,13400,185.7,170,,0.324,231.34,,,240.82,235.90,576,576,,,,1013.6,14016,,"4460",-35.2,1167,186,1,10,2,3,2,0,"A0",,2
1776568738.000,"71c336","JJA6001 ",24.876343,121.133626,34000,35625,379.5,272,468,0.784,229.60,0.03,0.35,234.84,229.91,0,0,,232,86,1013.6,34016,,"3240",-35.0,1436,186,1,8,1,3,2,2,"A3",,2
1776568738.000,"89914e","MDA367  ",24.749908,121.187693,12825,13400,185.7,170,,0.324,231.34,,,240.82,235.90,576,576,,,,1013.6,14016,,"4460",-35.2,1167,186,1,10,2,3,2,0,"A0",,2
1776568743.000,"71c336","JJA6001 ",24.870626,121.126237,34000,35625,379.5,272,466,0.784,229.60,0.03,0.18,235.02,230.09,0,0,,232,87,1013.6,34016,,"3240",-36.0,1504,186,1,8,1,3,2,2,"A3",,2
1776568743.000,"89914e","MDA367  ",24.749908,121.187693,12825,13400,185.7,170,,0.324,231.34,,,240.82,235.90,576,576,,,,1013.6,14016,,"4460",-35.2,1167,186,1,10,2,3,2,0,"A0",,2
1776568748.000,"71c336","JJA6001 ",24.867188,121.121826,34000,35625,380.3,271,466,0.784,229.69,0.00,0.18,235.02,230.09,0,0,,232,87,1013.6,34016,,"3240",-36.1,1543,186,1,8,1,3,2,2,"A3",,2
1776568748.000,"89914e","MDA367  ",24.749908,121.187693,12825,13400,185.7,170,,0.324,231.34,,,240.82,235.90,576,576,,,,1013.6,14016,,"4460",-35.2,1167,186,1,10,2,3,,,"A0",,2
1776568753.000,"71c336","JJA6001 ",24.867188,121.121826,34000,35625,380.3,271,466,0.784,229.69,0.00,0.18,235.02,230.09,0,0,,232,87,1013.6,34016,,"3240",-36.8,1564,186,1,8,1,3,2,2,"A3",,2
1776568758.000,"71c336","JJA6001 ",24.867188,121.121826,34000,35625,380.3,271,466,0.784,229.69,0.00,0.18,235.02,230.09,0,0,,232,87,1013.6,34016,,"3240",-37.3,1568,186,1,8,1,3,2,2,"A3",,2
1776568763.000,"71c336","JJA6001 ",24.867188,121.121826,34000,35625,380.3,271,466,0.784,229.69,0.00,0.18,235.02,230.09,0,0,,232,87,1013.6,34016,,"3240",-37.3,1568,186,1,8,1,3,2,2,"A3",,2
1776568768.000,"71c336","JJA6001 ",24.867188,121.121826,34000,35625,380.3,271,466,0.784,229.69,0.00,0.18,235.02,230.09,0,0,,232,87,1013.6,34016,,"3240",-37.3,1568,186,1,8,1,3,2,2,"A3",,2
1776568773.000,"71c336","JJA6001 ",24.867188,121.121826,34000,35625,380.3,271,466,0.784,229.69,0.00,0.18,235.02,230.09,0,0,,232,87,1013.6,34016,,"3240",-37.3,1568,186,1,8,1,3,2,2,"A3",,2
1776568778.000,"71c336","JJA6001 ",24.867188,121.121826,34000,35625,380.3,271,466,0.784,229.69,0.00,0.18,235.02,230.09,0,0,,232,87,1013.6,34016,,"3240",-37.3,1568,186,1,8,1,3,2,2,"A3",,2
1776568783.000,"71c336","JJA6001 ",24.867188,121.121826,34000,35625,380.3,271,466,0.784,229.69,0.00,0.18,235.02,230.09,0,0,,232,87,1013.6,34016,,"3240",-37.3,1568,186,1,8,1,3,2,2,"A3",,2
1776568788.001,"71c336","JJA6001 ",24.867188,121.121826,34000,35625,380.3,271,466,0.784,229.69,0.00,0.18,235.02,230.09,0,0,,232,87,1013.6,34016,,"3240",-37.3,1568,186,1,8,1,3,2,2,"A3",,2
1776568793.000,"71c336","JJA6001 ",24.867188,121.121826,34000,35625,380.3,271,466,0.784,229.69,0.00,0.18,235.02,230.09,0,0,,232,87,1013.6,34016,,"3240",-37.3,1568,186,1,8,1,3,2,2,"A3",,2
1776568798.000,"71c336","JJA6001 ",24.867188,121.121826,34000,35625,380.3,271,466,0.784,229.69,0.00,0.18,235.02,230.09,0,0,,232,87,1013.6,34016,,"3240",-37.3,1568,186,1,8,1,3,2,2,"A3",,2
1776568803.000,"71c336","JJA6001 ",24.867188,121.121826,34000,35625,380.3,271,466,0.784,229.69,0.00,0.18,235.02,230.09,0,0,,,,1013.6,34016,,,-37.3,1568,186,1,8,1,3,2,2,"A3",,2
1776568853.000,"78021c","CPA005  ",24.979465,121.055603,3275,3425,197.0,181,,0.292,144.29,,,149.41,145.56,-1024,-1056,,,,1012.0,2496,,,-36.3,33,186,1,8,1,2,,,"A5",,0
1776568858.000,"78021c","CPA005  ",24.975769,121.058502,3200,3350,197.0,181,,0.292,144.29,,,149.41,145.56,-1024,-1056,,,,1012.0,2496,,,-36.6,49,186,1,8,1,3,2,2,"A5",,2
1776568863.000,"78021c","CPA005  ",24.974304,121.059672,3150,3300,196.6,181,,0.292,143.48,,,149.41,145.56,-832,-1056,,,,1012.0,2496,,,-36.4,56,186,1,8,1,3,2,2,"A5",,2
1776568868.000,"78021c","CPA005  ",24.971146,121.062469,3100,3250,196.6,181,,0.292,134.18,,,149.41,145.56,-768,-1056,,,,1012.0,2496,,,-36.3,65,186,1,8,1,3,2,2,"A5",,2
1776568873.000,"78021c","CPA005  ",24.968013,121.066123,3025,3175,197.0,181,,0.292,122.56,,,149.41,145.56,-448,-1056,,,,1012.0,2496,,,-36.0,77,186,1,8,1,3,2,2,"A5",,2
1776568878.000,"78021c","CPA005  ",24.964429,121.073689,2950,3100,194.1,181,,0.292,112.73,,,149.41,145.56,-512,-1056,,,,1012.0,2016,,,-35.8,90,186,1,8,1,3,2,2,"A5",,2
1776568883.000,"78021c","CPA005  ",24.963547,121.078644,2925,3075,193.6,181,194,0.292,97.42,-2.47,-25.66,149.41,145.56,-448,-1056,,,,1012.0,2016,,"3765",-35.4,104,186,1,8,1,3,2,2,"A5",,2
1776568888.000,"78021c","CPA005  ",24.963501,121.082458,2900,3050,195.1,181,194,0.292,87.94,-2.47,-25.66,149.41,145.56,-320,-1056,,,,1012.0,2016,,"3765",-35.8,122,186,1,8,1,3,2,2,"A5",,2
1776568893.000,"78021c","CPA005  ",24.964096,121.087240,2875,3025,195.3,181,194,0.292,81.16,-2.47,-25.66,149.41,145.56,-192,-1056,,,,1012.0,2016,,"3765",-35.3,144,186,1,8,1,3,2,2,"A5",,2
1776568898.000,"78021c","CPA005  ",24.965424,121.093648,2850,3000,195.0,180,194,0.288,76.96,-2.47,-25.66,79.80,74.84,-320,-320,,,,1012.0,2016,,"3765",-36.1,167,186,1,8,1,3,2,2,"A5",,2
1776568903.003,"78021c","CPA005  ",24.966797,121.098684,2800,2925,193.5,179,190,0.284,71.94,-1.41,-14.77,76.29,71.32,-256,-320,,323,10,1012.0,2016,,"3765",-34.9,204,186,1,8,1,3,2,2,"A5",,2
1776568908.000,"78021c","CPA005  ",24.968526,121.103383,2800,2925,193.9,179,190,0.284,66.61,-1.41,-14.77,70.66,65.70,-192,-256,,323,10,1012.0,2016,,"3765",-35.2,249,186,1,8,1,3,2,2,"A5",,2
1776568913.000,"78021c","CPA005  ",24.969363,121.105249,2775,2900,194.2,179,190,0.284,61.72,-1.41,-14.77,70.66,65.70,-512,-256,,323,10,1012.0,2016,,"3765",-35.7,269,186,1,8,1,3,2,2,"A5",,2
1776568918.000,"78021c","CPA005  ",24.972015,121.110280,2725,2875,195.6,183,190,0.292,57.53,-1.41,-14.77,60.47,55.50,-1024,-1024,,323,10,1012.0,2912,,"3765",-35.3,293,186,1,8,1,3,2,2,"A5",,2
1776568923.000,"78021c","CPA005  ",24.973646,121.112815,2675,2800,194.8,183,190,0.292,54.19,-1.41,-14.77,60.47,55.50,-960,-1024,,323,10,1012.0,3008,,"3765",-36.3,303,186,1,8,1,3,2,2,"A5",,2
1776568928.000,"78021c","CPA005  ",24.973646,121.112815,2675,2800,194.8,183,190,0.292,54.19,-1.41,-14.77,60.47,55.50,-960,-1024,,323,10,1012.0,3008,,"3765",-36.5,304,186,1,8,1,3,2,2,"A5",,2
1776568933.000,"78021c","CPA005  ",24.973646,121.112815,2675,2800,194.8,183,190,0.292,54.19,-1.41,-14.77,60.47,55.50,-960,-1024,,323,10,1012.0,3008,,"3765",-36.5,304,186,1,8,1,3,2,2,"A5",,2
1776568938.000,"78021c","CPA005  ",24.984400,121.126289,2375,2500,186.8,183,190,0.292,47.17,-1.41,-14.77,60.47,55.50,-960,-1024,,323,10,1012.0,3008,,"3765",-36.5,314,186,1,8,1,3,2,2,"A5",,2
1776568943.000,"78021c","CPA005  ",24.985564,121.127740,2350,2475,186.8,183,190,0.292,47.17,-1.41,-14.77,60.47,55.50,-960,-1024,,323,10,1012.0,3008,,"3765",-36.7,316,186,1,8,1,3,2,2,"A5",,2
1776568948.000,"78021c","CPA005  ",24.985564,121.127740,2350,2475,186.8,183,190,0.292,47.17,-1.41,-14.77,60.47,55.50,-960,-1024,,323,10,1012.0,3008,,"3765",-36.7,316,186,1,8,1,3,2,2,"A5",,2
1776568953.000,"78021c","CPA005  ",24.985564,121.127740,2350,2475,186.8,183,190,0.292,47.17,-1.41,-14.77,60.47,55.50,-960,-1024,,323,10,1012.0,3008,,"3765",-36.7,316,186,1,8,1,3,2,2,"A5",,2
1776568958.000,"78021c","CPA005  ",24.985564,121.127740,2350,2475,186.8,183,190,0.292,47.17,-1.41,-14.77,60.47,55.50,-960,-1024,,323,10,1012.0,3008,,"3765",-36.7,316,186,1,8,1,3,2,2,"A5",,2
1776568963.000,"78021c","CPA005  ",24.985564,121.127740,2350,2475,186.8,183,,0.292,47.17,,,60.47,55.50,-960,-1024,,,,1012.0,3008,,"3765",-36.7,316,186,1,8,1,3,2,2,"A5",,2
1776568968.000,"78021c","CPA005  ",24.985564,121.127740,2350,2475,186.8,183,,0.292,47.17,,,60.47,55.50,-960,-1024,,,,1012.0,3008,,"3765",-36.7,316,186,1,8,1,3,2,2,"A5",,2
1776568973.002,"78021c","CPA005  ",24.985564,121.127740,2350,2475,186.8,183,,0.292,47.17,,,60.47,55.50,-960,-1024,,,,1012.0,3008,,,-36.7,316,186,1,8,1,3,2,2,"A5",,2
1776568978.000,"78021c","CPA005  ",24.985564,121.127740,2350,2475,186.8,,,,47.17,,,,,-960,,,,,1012.0,3008,,,-36.7,316,186,1,8,1,3,2,2,"A5",,2
1776568983.000,"78021c","CPA005  ",24.985564,121.127740,2350,2475,186.8,,,,47.17,,,,,-960,,,,,1012.0,3008,,,-36.7,316,186,1,8,1,3,2,2,"A5",,2
1776568988.000,"78021c","CPA005  ",24.985564,121.127740,2350,2475,186.8,,,,47.17,,,,,-960,,,,,1012.0,3008,,,-36.7,316,186,1,8,1,3,2,2,"A5",,2
1776568993.000,"78021c","CPA005  ",24.985564,121.127740,2350,2475,186.8,,,,47.17,,,,,-960,,,,,1012.0,3008,,,-36.7,316,186,1,8,1,3,2,2,"A5",,2
1776568998.000,"78021c","CPA005  ",24.985564,121.127740,2350,2475,,,,,,,,,,,,,,,,,,,-36.7,316,186,1,8,,3,2,2,"A5",,2
1776569123.000,"895059","N/A",24.897354,121.007538,4075,4300,246.0,,,,60.00,,,,,-384,,,,,1012.0,4000,,,-32.6,31,186,1,8,1,2,,,,,0
1776569128.000,"895059","N/A",24.900047,121.012746,4050,4275,241.9,223,242,0.364,60.26,0.38,3.16,63.28,58.34,-192,-256,,315,7,1012.0,4000,,,-32.9,66,186,1,8,1,3,,,,,0
1776569133.000,"895059","N/A",24.902802,121.018066,4050,4275,240.0,223,242,0.364,60.55,0.38,3.16,63.28,58.34,-128,-256,,315,7,1012.0,4000,,"2016",-34.5,81,186,1,8,1,3,,,,,0
1776569138.000,"895059","N/A",24.905494,121.023110,4025,4250,231.4,215,242,0.348,59.33,0.38,3.16,62.93,57.99,-64,-64,,315,7,1012.0,4000,,"2016",-33.6,104,186,1,8,1,3,,,,,0
1776569143.000,"895059","N/A",24.908295,121.027883,4025,4250,228.6,207,242,0.336,58.05,0.38,3.16,59.41,54.47,-64,0,,315,7,1012.0,4000,,"2016",-36.4,134,186,1,8,1,3,1,2,,,2
1776569148.000,"895059","N/A",24.909393,121.029663,4025,4250,228.6,207,242,0.336,58.05,0.38,3.16,59.41,54.47,-64,0,,315,7,1012.0,4000,,"2016",-36.6,135,186,1,8,1,3,1,2,,,2
1776569153.000,"895059","N/A",24.909393,121.029663,4025,4250,228.6,207,242,0.336,58.05,0.38,3.16,59.41,54.47,-64,0,,315,7,1012.0,4000,,"2016",-36.6,136,186,1,8,1,3,1,2,,,2
1776569158.000,"895059","RBA451  ",24.916946,121.040802,4025,4250,228.6,207,242,0.336,58.05,0.38,3.16,59.41,54.47,-64,0,,315,7,1012.0,4000,,"2016",-34.4,158,186,1,8,1,3,1,2,,,2
1776569163.000,"895059","RBA451  ",24.920288,121.045227,4025,4250,204.7,189,242,0.308,50.95,-0.19,-1.93,54.14,49.19,-64,-32,,315,7,1012.0,4000,,"2016",-35.0,195,186,1,8,1,3,1,2,,,2
1776569168.000,"895059","RBA451  ",24.923184,121.049022,4025,4250,199.3,189,242,0.308,49.27,-0.19,-1.93,54.14,49.19,-512,-32,,315,7,1012.0,4000,,"2016",-34.7,214,186,1,8,1,3,2,2,"A3",,2
1776569173.000,"895059","RBA451  ",24.926303,121.052856,3975,4200,198.4,189,242,0.308,48.68,-0.19,-1.93,54.14,49.19,-832,-32,,315,7,1012.0,3008,,"2016",-34.6,235,186,1,8,1,3,2,2,"A3",,2
1776569178.000,"895059","RBA451  ",24.929443,121.056824,3900,4125,197.0,189,242,0.308,48.70,-0.19,-1.93,54.14,49.19,-960,-32,,315,7,1012.0,3008,,"2016",-33.6,254,186,1,8,1,3,2,2,"A3",,2
1776569183.000,"895059","RBA451  ",24.932419,121.060486,3825,4050,196.2,189,242,0.308,48.51,-0.19,-1.93,54.14,49.19,-960,-32,,315,7,1012.0,3008,,"2016",-32.6,274,186,1,8,1,3,2,2,"A3",,2
1776569188.000,"895059","RBA451  ",24.935380,121.064206,3725,3950,196.3,189,,0.308,48.92,-0.19,-1.93,54.14,49.19,-768,-32,,,,1012.0,3008,,"2016",-33.2,294,186,1,8,1,3,2,2,"A3",,2
1776569193.000,"895059","RBA451  ",24.937180,121.066538,3700,3925,194.3,189,,0.308,49.17,-0.19,-1.93,54.14,49.19,-512,-32,,,,1012.0,3008,,"2016",-34.9,307,186,1,8,1,3,2,2,"A3",,2
1776569198.000,"895059","RBA451  ",24.940687,121.070994,3625,3850,194.3,189,,0.308,49.17,-0.19,-1.93,54.14,49.19,-1216,-32,,,,1012.0,3008,,"2016",-34.9,322,186,1,8,1,3,2,2,"A3",,2
1776569203.000,"895059","RBA451  ",24.943434,121.074415,3550,3750,197.0,180,194,0.288,48.70,-0.03,-0.35,51.86,46.90,-1024,-1152,,,,1012.0,3008,,"2016",-35.6,338,186,1,8,1,3,2,2,"A3",,2
1776569208.000,"895059","RBA451  ",24.947251,121.079182,3425,3625,197.0,180,194,0.288,48.70,-0.03,-0.35,51.86,46.90,-1088,-1152,,,,1012.0,3008,,"2016",-35.6,348,186,1,8,1,3,2,2,"A3",,2
1776569213.000,"895059","RBA451  ",24.950137,121.082810,3350,3575,196.3,180,194,0.288,48.92,0.06,0.70,51.86,46.90,-1152,-1152,,,,1012.0,3008,,"2016",-35.8,368,186,1,8,1,3,2,2,"A3",,2
1776569218.000,"895059","RBA451  ",24.953117,121.086593,3250,3450,197.1,181,194,0.292,49.11,0.06,0.70,52.03,47.07,-1024,-1088,,,,1012.0,3008,,"2016",-35.1,384,186,1,8,1,3,2,2,"A3",,2
1776569223.000,"895059","RBA451  ",24.956050,121.090376,3175,3375,196.4,181,194,0.292,49.34,0.06,0.70,52.03,47.07,-1088,-1088,,,,1012.0,3008,,"2016",-35.5,403,186,1,8,1,3,2,2,"A3",,2
1776569223.000,"71c083","KAL480  ",24.941153,121.328137,36975,38850,557.8,,,,36.91,,,,,,-64,,,,,,,,-37.0,218,186,,,1,,,,"A5",,2
1776569228.000,"895059","RBA451  ",24.958982,121.094055,3075,3275,195.0,181,194,0.292,49.37,0.06,0.70,52.03,47.07,-1024,-1088,,,,1012.0,3008,,"2016",-35.6,412,186,1,8,1,3,1,2,"A3",,2
1776569228.000,"71c083","KAL480  ",24.941153,121.328137,36975,38850,,,,,,,,,,,,,,,,,,,-37.0,218,186,,,,,,,"A5",,2
1776569233.000,"895059","RBA451  ",24.959656,121.094920,3050,3250,195.0,181,194,0.292,49.37,0.06,0.70,52.03,47.07,-1024,-1088,,,,1012.0,3008,,"2016",-36.0,417,186,1,8,1,3,1,2,"A3",,2
1776569238.000,"895059","RBA451  ",24.959656,121.094920,3050,3250,195.0,181,194,0.292,49.37,0.06,0.70,52.03,47.07,-1024,-1088,,,,1012.0,3008,,"2016",-36.0,417,186,1,8,1,3,1,2,"A3",,2
1776569243.000,"895059","RBA451  ",24.959656,121.094920,3050,3250,192.1,181,194,0.292,49.01,0.06,0.70,52.03,47.07,-960,-1088,,,,1012.0,3008,,"2016",-35.7,426,186,1,8,1,3,1,2,"A3",,2
1776569248.000,"895059","RBA451  ",24.970917,121.109263,2725,2900,191.3,181,194,0.292,48.81,0.06,0.70,52.03,47.07,-960,-1088,,,,1012.0,3008,,"2016",-34.4,447,186,1,8,1,3,2,2,"A3",,2
1776569253.000,"895059","RBA451  ",24.974030,121.113180,2650,2825,190.7,181,188,0.292,49.04,0.00,0.18,52.03,47.07,-1088,-1088,,,,1012.0,3008,,"2016",-34.3,473,186,1,8,1,3,2,2,"A3",,2
1776569258.000,"895059","RBA451  ",24.976364,121.116180,2575,2750,189.3,177,188,0.280,49.07,-0.06,0.18,53.09,48.12,-1024,-1024,,277,4,1012.0,3008,,"2016",-34.9,495,186,1,8,1,3,2,2,"A3",,2
1776569263.000,"895059","RBA451  ",24.979294,121.119893,2475,2625,188.6,177,188,0.280,49.30,-0.06,0.18,53.09,48.12,-960,-1024,,277,4,1012.0,3008,,"2016",-34.2,523,186,1,8,1,3,2,2,"A3",,2
1776569268.000,"895059","RBA451  ",24.982590,121.124064,2400,2550,187.2,176,188,0.280,49.33,-0.06,0.18,53.79,48.82,-960,-992,,277,4,1012.0,3008,,"2016",-31.7,556,186,1,8,1,3,2,2,"A3",,2
1776569273.000,"895059","RBA451  ",24.985331,121.127584,2300,2450,185.8,176,188,0.276,49.37,-0.06,0.18,53.61,48.64,-960,-992,,277,4,1012.0,3008,,"2016",-32.3,583,186,1,8,1,3,2,2,"A3",,2
1776569278.000,"895059","RBA451  ",24.985977,121.128387,2300,2450,185.0,176,186,0.276,49.16,-0.03,-0.70,53.61,48.64,-960,-928,,348,2,1012.0,3008,,"2016",-34.7,592,186,1,8,1,3,2,2,"A3",,2
1776569283.000,"895059","RBA451  ",24.985977,121.128387,2300,2450,185.0,176,186,0.276,49.16,-0.03,-0.70,53.61,48.64,-960,-928,,348,2,1012.0,3008,,"2016",-34.7,592,186,1,8,1,3,2,2,"A3",,2
1776569288.000,"895059","RBA451  ",24.985977,121.128387,2300,2450,185.0,176,186,0.276,49.16,-0.03,-0.70,53.61,48.64,-960,-928,,348,2,1012.0,3008,,"2016",-34.7,592,186,1,8,1,3,2,2,"A3",,2
1776569293.000,"895059","RBA451  ",24.985977,121.128387,2300,2450,185.0,176,186,0.276,49.16,-0.03,-0.70,53.61,48.64,-960,-928,,348,2,1012.0,3008,,"2016",-34.7,592,186,1,8,1,3,2,2,"A3",,2
1776569298.000,"895059","RBA451  ",24.985977,121.128387,2300,2450,185.0,176,186,0.276,49.16,-0.03,-0.70,53.61,48.64,-960,-928,,348,2,1012.0,3008,,"2016",-34.7,592,186,1,8,1,3,2,2,"A3",,2
1776569303.000,"895059","RBA451  ",24.985977,121.128387,2300,2450,185.0,176,186,0.276,49.16,-0.03,-0.70,53.61,48.64,-960,-928,,348,2,1012.0,3008,,"2016",-34.7,592,186,1,8,1,3,2,2,"A3",,2
1776569308.000,"895059","RBA451  ",24.985977,121.128387,2300,2450,185.0,176,186,0.276,49.16,-0.03,-0.70,53.61,48.64,-960,-928,,348,2,1012.0,3008,,"2016",-34.7,592,186,1,8,1,3,2,2,"A3",,2
1776569313.000,"895059","RBA451  ",24.985977,121.128387,2300,2450,185.0,176,186,0.276,49.16,-0.03,-0.70,53.61,48.64,-960,-928,,348,2,1012.0,3008,,"2016",-34.7,592,186,1,8,1,3,2,2,"A3",,2
1776569318.000,"895059","RBA451  ",24.985977,121.128387,2300,2450,185.0,176,186,0.276,49.16,-0.03,-0.70,53.61,48.64,-960,-928,,348,2,1012.0,3008,,"2016",-34.7,592,186,1,8,1,3,2,2,"A3",,2
1776569323.000,"895059","RBA451  ",24.985977,121.128387,2300,2450,185.0,176,186,0.276,49.16,-0.03,-0.70,53.61,48.64,-960,-928,,348,2,1012.0,3008,,"2016",-34.7,592,186,1,8,1,3,2,2,"A3",,2
1776569328.000,"861f88","JAL8663 ",24.942810,121.070201,2825,2975,194.9,,,,66.72,,,,,-384,,,,,1012.0,2496,,"3206",-36.3,40,186,1,8,1,3,2,2,"A5",,2
1776569328.000,"895059","RBA451  ",24.985977,121.128387,2300,2450,185.0,176,186,0.276,49.16,-0.03,-0.70,53.61,48.64,-960,-928,,348,2,1012.0,3008,,"2016",-34.7,592,186,1,8,1,3,2,2,"A3",,2
1776569333.000,"861f88","JAL8663 ",24.945099,121.075592,2775,2925,194.7,,,,65.41,,,,,-384,,,,,1012.0,2496,,"3206",-36.0,57,186,1,8,1,3,2,2,"A5",,2
1776569333.000,"895059","RBA451  ",24.985977,121.128387,2300,2450,185.0,176,186,0.276,49.16,-0.03,-0.70,53.61,48.64,-960,-928,,348,2,1012.0,3008,,,-34.7,592,186,1,8,1,3,,,"A3",,2
1776569333.000,"71c392","N/A",24.782135,121.263885,35000,36750,557.4,,,,30.75,,,,,,-64,,,,,,,,-36.7,14,186,,8,1,2,,,,,0
1776569338.000,"861f88","JAL8663 ",24.948694,121.081566,2750,2900,194.7,,,,55.25,,,,,-384,,,,,1012.0,2496,,"3206",-35.8,81,186,1,8,1,3,2,2,"A5",,2
1776569338.000,"71c392","N/A",24.782135,121.263885,35000,36750,557.4,,,,30.75,,,,,,-64,,,,,,,,-36.7,14,186,,8,1,2,,,,,0
1776569343.000,"861f88","JAL8663 ",24.951534,121.085660,2725,2875,194.8,181,192,0.288,52.72,-0.09,-0.88,56.25,51.29,-128,-320,,,,1012.0,2496,,"3206",-36.5,103,186,1,8,1,3,2,2,"A5",,2
1776569343.000,"71c392","N/A",24.782135,121.263885,35000,36750,557.4,,,,30.75,,,,,,-64,,,,,,,,-36.7,14,186,,8,1,2,,,,,0
1776569348.000,"861f88","JAL8663 ",24.953430,121.088308,2700,2850,194.0,182,192,0.288,50.65,-0.16,-1.41,55.37,50.41,0,-96,,,,1012.0,2496,,"3206",-36.1,140,186,1,8,1,3,2,2,"A5",,2
1776569348.000,"71c392","N/A",24.782135,121.263885,35000,36750,557.4,,,,30.75,,,,,,-64,,,,,,,,-36.7,14,186,,8,1,2,,,,,0
1776569354.000,"861f88","JAL8663 ",24.953430,121.088308,2700,2850,194.0,182,192,0.288,50.65,-0.16,-1.41,55.37,50.41,0,-96,,,,1012.0,2496,,"3206",-36.4,142,186,1,8,1,3,2,2,"A5",,2
1776569354.000,"71c392","N/A",24.782135,121.263885,35000,36750,557.4,,,,30.75,,,,,,-64,,,,,,,,-36.7,14,186,,8,1,2,,,,,0
1776569359.000,"861f88","JAL8663 ",24.953430,121.088308,2700,2850,193.1,182,192,0.288,46.47,-0.16,-1.41,55.37,50.41,0,-96,,,,1012.0,2496,,"3206",-36.7,146,186,1,8,1,3,2,2,"A5",,2
1776569359.000,"71c392","N/A",24.782135,121.263885,35000,36750,557.4,,,,30.75,,,,,,-64,,,,,,,,-36.7,14,186,,8,1,2,,,,,0
1776569364.000,"861f88","JAL8663 ",24.953430,121.088308,2700,2850,193.1,182,192,0.288,46.47,-0.16,-1.41,55.37,50.41,0,-96,,,,1012.0,2496,,"3206",-36.7,146,186,1,8,1,3,2,2,"A5",,2
1776569364.000,"71c392","N/A",24.782135,121.263885,35000,36750,557.4,,,,30.75,,,,,,-64,,,,,,,,-36.7,14,186,,8,1,2,,,,,0
1776569369.000,"861f88","JAL8663 ",24.953430,121.088308,2700,2850,193.1,182,192,0.288,46.47,-0.16,-1.41,55.37,50.41,0,-96,,,,1012.0,2496,,"3206",-36.7,146,186,1,8,1,3,2,2,"A5",,2
1776569369.000,"71c392","N/A",24.782135,121.263885,35000,36750,557.4,,,,30.75,,,,,,-64,,,,,,,,-36.7,14,186,,8,1,2,,,,,0
1776569374.000,"861f88","JAL8663 ",24.953430,121.088308,2700,2850,193.1,182,192,0.288,46.47,-0.16,-1.41,55.37,50.41,0,-96,,,,1012.0,2496,,"3206",-36.7,146,186,1,8,1,3,2,2,"A5",,2
1776569374.000,"71c392","N/A",24.782135,121.263885,35000,36750,557.4,,,,30.75,,,,,,-64,,,,,,,,-36.7,14,186,,8,1,2,,,,,0
1776569379.000,"861f88","JAL8663 ",24.953430,121.088308,2700,2850,193.1,182,192,0.288,46.47,-0.16,-1.41,55.37,50.41,0,-96,,,,1012.0,2496,,"3206",-36.7,146,186,1,8,1,3,2,2,"A5",,2
1776569379.000,"71c392","N/A",24.782135,121.263885,35000,36750,557.4,,,,30.75,,,,,,-64,,,,,,,,-36.7,14,186,,8,1,2,,,,,0
1776569384.000,"861f88","JAL8663 ",24.953430,121.088308,2700,2850,193.1,182,192,0.288,46.47,-0.16,-1.41,55.37,50.41,0,-96,,,,1012.0,2496,,"3206",-36.7,146,186,1,8,1,3,2,2,"A5",,2
1776569384.000,"71c392","N/A",24.782135,121.263885,35000,36750,557.4,,,,30.75,,,,,,-64,,,,,,,,-36.7,14,186,,8,1,2,,,,,0
1776569389.000,"861f88","JAL8663 ",24.953430,121.088308,2700,2850,193.1,182,192,0.288,46.47,-0.16,-1.41,55.37,50.41,0,-96,,,,1012.0,2496,,"3206",-36.7,146,186,1,8,1,3,2,2,"A5",,2
1776569394.000,"861f88","JAL8663 ",24.953430,121.088308,2700,2850,193.1,182,192,0.288,46.47,-0.16,-1.41,55.37,50.41,0,-96,,,,1012.0,2496,,"3206",-36.7,146,186,1,8,1,3,2,2,"A5",,2
1776569399.000,"861f88","JAL8663 ",24.953430,121.088308,2700,2850,193.1,182,192,0.288,46.47,-0.16,-1.41,55.37,50.41,0,-96,,,,1012.0,2496,,"3206",-36.7,146,186,1,8,1,3,2,2,"A5",,2
1776569404.000,"861f88","JAL8663 ",24.953430,121.088308,2700,2850,193.1,182,,0.288,46.47,,,55.37,50.41,0,-96,,,,1012.0,2496,,"3206",-36.7,146,186,1,8,1,3,2,2,"A5",,2
1776569414.000,"71c506","N/A",24.955582,121.236064,31900,33500,395.3,274,452,0.756,229.82,-0.03,0.35,238.71,234.85,-1088,-576,,,,1012.8,30016,,"4133",-35.8,76,186,1,8,1,3,2,3,,,2
1776569419.000,"71c506","KAL2015 ",24.949718,121.228482,31800,33400,394.5,273,448,0.752,229.73,-0.03,-0.18,239.06,234.10,-1472,-1472,,263,62,1012.8,30016,,"4133",-34.8,110,186,1,8,1,3,2,3,"A3",,2
1776569424.000,"71c506","KAL2015 ",24.943863,121.220907,31675,33250,394.5,272,446,0.748,229.73,-0.09,-0.35,239.06,234.10,-1664,-1664,,264,61,1012.8,30016,,"4133",-34.8,166,186,1,8,1,3,2,3,"A3",,2
1776569429.000,"71c506","KAL2015 ",24.938034,121.213350,31525,33125,393.7,272,444,0.744,229.64,-0.06,-0.35,239.06,234.10,-2176,-2208,,264,62,1012.8,30016,,"4133",-33.2,212,186,1,8,1,3,2,3,"A3",,2
1776569434.000,"71c506","KAL2015 ",24.932053,121.205648,31325,32925,393.7,272,444,0.744,229.64,-0.03,-0.18,239.24,234.28,-2432,-2336,,266,61,1012.8,30016,,"4133",-31.4,283,186,1,8,1,3,2,3,"A3",,2
1776569439.000,"89902b","N/A",24.959427,121.056468,3000,3150,195.9,,,,95.57,,,,,,0,,,,,,,,-36.0,12,186,,8,0,2,,,,,0
1776569439.000,"71c506","KAL2015 ",24.926102,121.198018,31125,32700,394.4,273,442,0.740,229.52,0.03,0.35,239.24,234.29,-2560,-2560,,268,59,1012.8,30016,,"4133",-32.2,334,186,1,8,1,3,2,3,"A3",,2
1776569444.000,"89902b","TTW655  ",24.959656,121.061300,3025,3175,195.9,,,,95.57,,,,,,0,,,,,,,,-36.1,19,186,,8,0,2,,,,,0
1776569444.000,"71c506","KAL2015 ",24.919968,121.190084,30925,32500,393.7,274,444,0.740,229.64,-0.03,0.18,239.06,234.11,-2368,-2336,,266,60,1012.8,30016,,"4133",-30.8,406,186,1,8,1,3,2,3,"A3",,2
1776569449.000,"89902b","TTW655  ",24.960565,121.066123,3050,3200,186.6,,180,,74.77,-1.59,-17.58,,,,256,,,,,,,"7174",-34.9,34,186,,8,0,2,,,,,0
1776569449.000,"71c506","KAL2015 ",24.914246,121.182671,30750,32300,393.1,274,442,0.740,229.75,-0.03,0.18,239.06,234.11,-2048,-2112,,265,60,1012.8,30016,,"4133",-32.1,460,186,1,8,1,3,2,3,"A3",,2
1776569454.000,"89902b","TTW655  ",24.962055,121.070631,3050,3225,188.7,170,180,0.272,68.88,-1.59,-17.58,72.42,67.46,-64,-192,,,,,,,"7174",-34.7,56,186,,8,0,2,,,,,0
1776569454.000,"71c506","KAL2015 ",24.908661,121.175435,30575,32125,392.3,274,442,0.736,229.65,0.03,0.00,239.06,234.12,-2048,-2048,,265,58,1012.8,30016,,"4133",-31.2,512,186,1,8,1,3,2,3,"A3",,2
1776569459.000,"89902b","TTW655  ",24.963638,121.074270,3000,3175,189.7,172,184,0.276,62.35,-1.25,-11.95,65.74,60.78,-448,-448,,,,,,,"7174",-33.9,73,186,,8,0,2,,,,,0
1776569459.000,"71c506","KAL2015 ",24.902893,121.168009,30425,31950,390.9,273,438,0.732,229.67,-0.03,0.00,239.06,234.12,-1920,-1984,,265,58,1012.8,30016,,"4133",-33.0,580,186,1,8,1,3,2,3,"A3",,2
1776569464.000,"89902b","TTW655  ",24.966064,121.078695,2975,3125,187.8,172,184,0.276,56.73,-1.00,-9.49,60.47,55.51,-608,-512,,313,19,1012.0,2000,,"7174",-34.1,101,371,,7,0,2,,,"A0",,0
1776569464.000,"71c506","KAL2015 ",24.897079,121.160482,30275,31800,389.5,272,436,0.728,229.69,0.03,0.18,238.89,233.94,-1472,-1472,,265,57,1012.8,30016,,"4133",-33.0,641,186,1,8,1,3,2,3,"A3",,2
1776569469.000,"89902b","TTW655  ",24.967209,121.080424,2950,3125,187.0,172,180,0.276,55.46,-0.75,-6.50,60.47,55.51,-608,-640,,313,19,1012.0,2000,,"7174",-34.4,110,926,,6,0,2,,,"A0",,0
1776569469.000,"71c506","KAL2015 ",24.891156,121.152873,30150,31650,388.7,272,436,0.724,229.59,0.03,0.18,238.89,233.95,-1088,-1152,,265,57,1012.8,30016,,"4133",-32.9,701,186,1,8,1,3,2,3,"A3",,2
1776569474.000,"89902b","TTW655  ",24.967209,121.080424,2950,3125,187.0,172,180,0.276,55.46,-0.75,-6.50,60.47,55.51,-608,-640,,313,19,1012.0,2000,,"7174",-34.7,111,926,,6,0,2,,,"A0",,0
1776569474.000,"71c506","KAL2015 ",24.885498,121.145579,30075,31575,388.7,272,436,0.724,229.59,-0.03,0.00,238.89,233.95,-640,-800,,265,57,1012.8,30016,,"4133",-33.5,748,186,1,8,1,3,2,3,"A3",,2
1776569474.000,"780a0b","N/A",24.830126,121.599012,39000,41000,552.6,,,,51.76,,,,,0,,,,,1012.8,39008,,,-36.2,13,186,1,8,1,2,,,,,0
1776569479.000,"89902b","TTW655  ",24.967209,121.080424,2950,3125,187.0,172,180,0.276,55.46,-0.75,-6.50,60.47,55.51,-608,-640,,313,19,1012.0,2000,,"7174",-35.3,113,926,,6,0,2,,,"A0",,0
1776569479.000,"71c506","KAL2015 ",24.879684,121.138000,30025,31525,390.2,274,438,0.728,229.57,0.00,-0.18,238.71,233.77,-256,-288,,264,57,1012.8,30016,,"4133",-34.1,803,186,1,8,1,3,2,3,"A3",,2
1776569479.000,"780a0b","N/A",24.830126,121.599012,39000,41000,552.6,,,,51.76,,,,,0,,,,,1012.8,39008,,,-36.2,13,186,1,8,1,2,,,,,0
1776569484.000,"89902b","TTW655  ",24.967209,121.080424,2950,3125,187.0,172,180,0.276,55.46,-0.75,-6.50,60.47,55.51,-608,-640,,313,19,1012.0,2000,,"7174",-36.0,115,926,,6,0,2,,,"A0",,0
1776569484.000,"71c506","KAL2015 ",24.873931,121.130642,30025,31525,392.3,275,440,0.732,229.65,-0.06,-0.18,238.71,233.77,-192,-256,,263,58,1012.8,30016,,"4133",-34.6,841,186,1,8,1,3,2,3,"A3",,2
1776569484.000,"780a0b","N/A",24.840134,121.612952,39000,41000,552.6,,,,51.76,,,,,0,,,,,1012.8,39008,,,-36.1,15,186,1,8,1,2,,,,,0
1776569489.000,"89902b","TTW655  ",24.967209,121.080424,2750,2925,187.0,172,180,0.276,55.46,-0.75,-6.50,60.47,55.51,-608,-640,,313,19,1012.0,2000,,"7174",-36.4,117,926,,6,0,2,,,"A0",,0
1776569489.000,"71c506","KAL2015 ",24.869183,121.124527,30000,31500,395.8,277,444,0.736,229.51,-0.03,-0.35,238.54,233.60,-64,-128,,263,58,1012.8,30016,,"4133",-35.7,874,186,1,8,1,3,2,3,"A3",,2
1776569489.000,"780a0b","N/A",24.840134,121.612952,39000,41000,552.6,,,,51.76,,,,,0,,,,,1012.8,39008,,,-36.1,15,186,1,8,1,2,,,,,0
1776569494.000,"89902b","TTW655  ",24.967209,121.080424,2700,2875,187.0,172,180,0.276,55.46,-0.75,-6.50,60.47,55.51,-608,-640,,313,19,1012.0,2000,,"7174",-37.0,119,926,,6,0,2,,,"A0",,0
1776569494.000,"71c506","KAL2015 ",24.864249,121.118204,30000,31500,398.6,277,446,0.736,229.48,-0.09,-0.18,238.54,233.60,0,-128,,263,58,1012.8,30016,,"4133",-36.0,887,186,1,8,1,3,2,3,"A3",,2
1776569494.000,"780a0b","N/A",24.840134,121.612952,39000,41000,552.6,,,,51.76,,,,,0,,,,,1012.8,39008,,,-36.1,15,186,1,8,1,2,,,,,0
1776569499.000,"89902b","TTW655  ",24.983981,121.103020,2650,2825,187.0,172,180,0.276,55.46,-0.75,-6.50,60.47,55.51,-608,-640,,313,19,1012.0,2000,,"7174",-37.1,123,186,,8,0,2,,,"A0",,0
1776569499.000,"71c506","KAL2015 ",24.864249,121.118204,30000,31500,398.6,277,446,0.736,229.48,-0.09,-0.18,238.54,233.60,0,-128,,263,58,1012.8,30016,,"4133",-36.5,889,186,1,8,1,3,2,3,"A3",,2
1776569499.000,"780a0b","N/A",24.840134,121.612952,39000,41000,552.6,,,,51.76,,,,,0,,,,,1012.8,39008,,,-36.1,15,186,1,8,1,2,,,,,0
1776569504.000,"71c506","KAL2015 ",24.850655,121.100740,30000,31500,398.6,277,446,0.736,229.48,-0.09,-0.18,238.54,233.60,0,-128,,263,58,1012.8,30016,,"4133",-36.6,890,186,1,8,1,3,2,3,"A3",,2
1776569504.000,"89902b","TTW655  ",24.983981,121.103020,2650,2800,170.1,172,180,0.276,48.81,-0.75,-6.50,60.47,55.51,-608,-832,,313,19,1012.0,2000,,"7174",-36.8,127,186,,8,0,2,,,"A0",,0
1776569504.000,"780a0b","N/A",24.840134,121.612952,39000,41000,552.6,,,,51.76,,,,,0,,,,,1012.8,39008,,,-36.1,15,186,1,8,1,2,,,,,0
1776569509.000,"71c506","KAL2015 ",24.850655,121.100740,30000,31500,398.6,277,446,0.736,229.48,-0.09,-0.18,238.54,233.60,0,-128,,263,58,1012.8,30016,,"4133",-36.6,890,186,1,8,1,3,2,3,"A3",,2
1776569509.000,"89902b","TTW655  ",24.987900,121.107941,2525,2675,170.1,172,180,0.276,48.81,-0.75,-6.50,60.47,55.51,-608,-832,,313,19,1012.0,2000,,"7174",-36.6,130,186,,8,0,2,,,"A0",,0
1776569509.000,"780a0b","N/A",24.840134,121.612952,39000,41000,552.6,,,,51.76,,,,,0,,,,,,,,,-36.1,15,186,,8,1,2,,,,,0
1776569514.000,"71c506","KAL2015 ",24.850655,121.100740,30000,31500,398.6,277,446,0.736,229.48,-0.09,-0.18,238.54,233.60,0,-128,,263,58,1012.8,30016,,"4133",-36.6,890,186,1,8,1,3,2,3,"A3",,2
1776569514.000,"89902b","TTW655  ",24.987900,121.107941,2525,2675,170.1,172,180,0.276,48.81,-0.75,-6.50,60.47,55.51,-608,-832,,313,19,1012.0,2000,,"7174",-36.7,132,186,,8,0,2,,,"A0",,0
1776569514.000,"780a0b","N/A",24.840134,121.612952,39000,41000,552.6,,,,51.76,,,,,0,,,,,,,,,-36.1,15,186,,8,1,2,,,,,0
1776569689.000,"89917e","N/A",24.940063,121.044515,3500,3725,196.8,,,,62.78,,,,,-448,,,,,1012.0,3008,,"7147",-35.8,27,186,1,8,2,2,,,,,0
1776569694.003,"89917e","N/A",24.942037,121.048089,3475,3700,197.1,,,,60.18,,,,,-448,,,,,1012.0,3008,,"7147",-35.9,30,186,1,8,2,2,,,,,0
1776569699.000,"89917e","N/A",24.945648,121.053619,3425,3650,197.1,,,,60.18,,,,,-448,,,,,1012.0,3008,,"7147",-36.3,39,186,1,8,2,2,,,,,0
1776569704.000,"89917e","N/A",24.945648,121.053619,3425,3625,195.5,,,,51.02,,,,,-512,,,,,1012.0,3008,,"7147",-36.3,43,186,1,8,2,2,,,,,0
1776569709.000,"89917e","N/A",24.950089,121.059672,3375,3575,196.0,,,,50.38,,,,,-512,,,,,1012.0,3008,,"7147",-35.8,55,186,1,8,2,2,,,,,0
1776569714.000,"89917e","CAL191  ",24.954208,121.065165,3300,3500,196.0,,,,50.38,,,,,-512,,,,,1012.0,3008,,"7147",-34.3,81,186,1,10,2,3,2,3,"A3",,2
1776569714.000,"780a0c","N/A",24.922997,121.214542,40000,42025,395.0,247,,0.816,227.67,,,234.67,229.72,0,0,,,,1012.8,40000,,,-35.9,37,186,1,8,1,2,,,,,0
1776569714.000,"780a7a","CRK640  ",24.827565,121.595125,37000,38825,544.0,,458,,51.72,0.03,-0.18,,,,0,,,,1012.0,37008,,"3566",-35.1,34,186,,8,0,2,,,"A0",,0
1776569719.000,"89917e","CAL191  ",24.957092,121.068980,3250,3450,194.6,,,,50.42,,,,,-512,,,,,1012.0,3008,,"7147",-35.7,100,186,1,10,2,3,2,3,"A3",,2
1776569719.000,"780a0c","N/A",24.922997,121.214542,40000,42025,395.0,247,474,0.816,227.67,0.00,-0.18,234.67,229.72,0,0,,,,1012.8,40000,,"6036",-35.6,73,186,1,8,1,3,2,3,,,2
1776569719.000,"780a7a","CRK640  ",24.827565,121.595125,37000,38825,544.0,,458,,51.72,0.03,-0.18,,,,0,,,,1012.0,37008,,"3566",-35.1,34,186,,8,0,2,,,"A0",,0
1776569724.000,"89917e","CAL191  ",24.959448,121.072083,3225,3425,192.4,,,,50.27,,,,,-512,,,,,1012.0,3008,,"7147",-36.5,132,186,1,10,2,3,2,3,"A3",,2
1776569724.000,"780a0c","N/A",24.910568,121.199514,40000,42025,395.0,248,474,0.816,227.67,0.00,0.00,234.67,229.72,0,0,,,,1012.8,40000,,"6036",-35.1,98,186,1,8,1,3,2,3,,,2
1776569724.000,"780a7a","CRK640  ",24.827565,121.595125,37000,38825,544.0,,458,,51.72,0.03,-0.18,,,,0,,,,1012.0,37008,,"3566",-35.1,34,186,,8,0,2,,,"A0",,0
1776569729.000,"89917e","CAL191  ",24.961807,121.075185,3200,3400,188.7,,,,49.73,,,,,-512,,,,,1012.0,3008,,"7147",-36.4,141,186,1,10,2,3,2,3,"A3",,2
1776569729.000,"780a0c","CPA503  ",24.904283,121.191948,40000,42025,395.0,248,474,0.816,227.67,0.00,0.00,234.67,229.72,0,0,,240,81,1012.8,40000,,"6036",-34.1,171,186,1,8,1,3,2,3,,,2
1776569729.000,"780a7a","CRK640  ",24.827565,121.595125,37000,38825,544.0,,458,,51.72,0.03,-0.18,,,,0,,,,1012.0,37008,,"3566",-35.1,34,186,,8,0,2,,,"A0",,0
1776569734.000,"89917e","CAL191  ",24.963318,121.077118,3175,3375,184.3,,,,48.96,,,,,-576,,,,,1012.0,3008,,"7147",-36.3,151,186,1,10,2,3,2,3,"A3",,2
1776569734.000,"780a0c","CPA503  ",24.898464,121.184951,40000,42025,395.0,248,474,0.816,227.67,0.03,0.00,234.67,229.72,0,0,,240,81,1012.8,40000,,"6036",-34.9,223,186,1,8,1,3,2,3,"A5",,2
1776569734.000,"780a7a","CRK640  ",24.827565,121.595125,37000,38825,544.0,,458,,51.72,0.03,-0.18,,,,0,,,,1012.0,37008,,"3566",-35.1,34,186,,8,0,2,,,"A0",,0
1776569739.000,"89917e","CAL191  ",24.963318,121.077118,3175,3375,184.3,,,,48.96,,,,,-576,,,,,1012.0,3008,,"7147",-36.5,152,186,1,10,2,3,2,3,"A3",,2
1776569739.000,"780a0c","CPA503  ",24.892273,121.177489,40000,42025,395.0,248,474,0.816,227.67,0.00,0.00,234.67,229.73,0,0,,240,81,1012.8,40000,,"6036",-35.0,275,186,1,8,1,3,2,3,"A5",,2
1776569739.000,"780a7a","CRK640  ",24.827565,121.595125,37000,38825,544.0,,,,51.72,,,,,,0,,,,1012.0,37008,,"3566",-35.1,34,186,,8,0,2,,,"A0",,0
1776569744.000,"89917e","CAL191  ",24.963318,121.077118,3175,3375,184.3,,,,48.96,,,,,-576,,,,,1012.0,3008,,"7147",-37.0,154,186,1,10,2,3,2,3,"A3",,2
1776569744.000,"780a0c","CPA503  ",24.885802,121.169664,40000,42025,395.0,248,474,0.816,227.67,0.00,0.00,234.67,229.73,0,0,,240,81,1012.8,40000,,"6036",-34.8,306,186,1,8,1,3,2,3,"A5",,2
1776569744.000,"780a7a","CRK640  ",24.827565,121.595125,37000,38825,544.0,,,,51.72,,,,,,0,,,,,,,,-35.1,34,186,,8,0,2,,,"A0",,0
1776569749.000,"89917e","CAL191  ",24.963318,121.077118,3175,3375,184.3,,,,48.96,,,,,-576,,,,,1012.0,3008,,"7147",-37.0,154,186,1,10,2,3,2,3,"A3",,2
1776569749.000,"780a0c","CPA503  ",24.882065,121.165161,40000,42025,395.0,248,474,0.816,227.67,0.00,0.00,234.67,229.73,0,0,,240,81,1012.8,40000,,"6036",-35.6,333,186,1,8,1,3,2,3,"A5",,2
1776569749.000,"780a7a","CRK640  ",24.827565,121.595125,37000,38825,544.0,,,,51.72,,,,,,0,,,,,,,,-35.1,34,186,,8,0,2,,,"A0",,0
1776569754.000,"89917e","CAL191  ",24.976730,121.093801,2900,3100,176.5,,,,48.91,,,,,-768,,,,,1012.0,3008,,"7147",-37.9,160,186,1,10,2,3,2,3,"A3",,2
1776569754.000,"780a0c","CPA503  ",24.875336,121.157074,40000,42025,395.0,248,474,0.816,227.67,0.00,0.18,234.67,229.73,0,0,,240,81,1012.8,40000,,"6036",-36.7,352,186,1,8,1,3,2,3,"A5",,2
1776569754.000,"780a7a","CRK640  ",24.827565,121.595125,37000,38825,544.0,,,,51.72,,,,,,0,,,,,,,,-35.1,34,186,,8,0,2,,,"A0",,0
1776569759.000,"89917e","CAL191  ",24.976730,121.093801,2900,3100,175.9,,,,49.61,,,,,-896,,,,,1012.0,3008,,"7147",-37.2,165,186,1,10,2,3,2,3,"A3",,2
1776569759.000,"780a0c","CPA503  ",24.868205,121.148469,40000,42025,395.0,248,474,0.816,227.67,0.00,0.18,234.67,229.73,0,0,,240,81,1012.8,40000,,"6036",-35.2,372,186,1,8,1,3,2,3,"A5",,2
1776569764.000,"89917e","CAL191  ",24.976730,121.093801,2900,3100,175.9,,,,49.61,,,,,-896,,,,,1012.0,3008,,"7147",-37.3,166,186,1,10,2,3,2,3,"A3",,2
1776569764.000,"780a0c","CPA503  ",24.863504,121.142820,40000,42025,395.0,248,474,0.816,227.67,0.00,0.18,234.67,229.73,0,0,,240,81,1012.8,40000,,"6036",-36.5,384,186,1,8,1,3,2,3,"A5",,2
1776569769.000,"89917e","CAL191  ",24.976730,121.093801,2900,3100,173.0,,,,49.22,,,,,-896,,,,,1012.0,3008,,"7147",-37.3,167,186,1,10,2,3,2,3,"A3",,2
1776569769.000,"780a0c","CPA503  ",24.859640,121.138156,40000,42025,395.0,248,474,0.816,227.67,0.00,0.18,234.67,229.73,0,0,,240,81,1012.8,40000,,"6036",-36.5,390,186,1,8,1,3,2,3,"A5",,2
1776569774.000,"89917e","CAL191  ",24.976730,121.093801,2900,3100,173.0,,,,49.22,,,,,-896,,,,,1012.0,3008,,"7147",-37.3,167,186,1,10,2,3,2,3,"A3",,2
1776569774.000,"780a0c","CPA503  ",24.859640,121.138156,40000,42025,395.0,248,474,0.816,227.67,0.00,0.18,234.67,229.73,0,0,,240,81,1012.8,40000,,"6036",-36.5,392,186,1,8,1,3,2,3,"A5",,2
1776569779.000,"89917e","CAL191  ",24.988541,121.108805,2550,2725,173.0,,,,49.22,,,,,-896,,,,,1012.0,3008,,"7147",-37.3,168,186,1,10,2,3,2,3,"A3",,2
1776569779.000,"780a0c","CPA503  ",24.859640,121.138156,40000,42025,395.0,248,474,0.816,227.67,0.00,0.18,234.67,229.73,0,0,,240,81,1012.8,40000,,"6036",-36.5,392,186,1,8,1,3,2,3,"A5",,2
1776569784.000,"89917e","CAL191  ",24.988541,121.108805,2550,2725,173.0,,,,49.22,,,,,-896,,,,,1012.0,3008,,"7147",-37.3,168,186,1,10,2,3,2,3,"A3",,2
1776569784.000,"780a0c","CPA503  ",24.859640,121.138156,40000,42025,395.0,248,474,0.816,227.67,0.00,0.18,234.67,229.73,0,0,,240,81,1012.8,40000,,"6036",-36.5,392,186,1,8,1,3,2,3,"A5",,2
1776569789.003,"89917e","CAL191  ",24.988541,121.108805,2550,2725,173.0,158,,0.248,49.22,,,53.61,48.64,-896,-832,,,,,,,"7147",-37.7,170,186,,,2,,,,"A3",,2
1776569789.003,"780a0c","CPA503  ",24.859640,121.138156,40000,42025,395.0,248,474,0.816,227.67,0.00,0.18,234.67,229.73,0,0,,240,81,1012.8,40000,,"6036",-36.5,392,186,1,8,1,3,2,3,"A5",,2
1776569794.000,"89917e","CAL191  ",24.988541,121.108805,2550,2725,173.0,158,,0.248,49.22,,,53.61,48.64,-896,-832,,,,,,,"7147",-37.7,170,186,,,2,,,,"A3",,2
1776569794.000,"780a0c","CPA503  ",24.859640,121.138156,40000,42025,395.0,248,474,0.816,227.67,0.00,0.18,234.67,229.73,0,0,,240,81,1012.8,40000,,"6036",-36.5,392,186,1,8,1,3,2,3,"A5",,2
1776569799.000,"89917e","CAL191  ",24.988541,121.108805,2550,2725,173.0,158,,0.248,49.22,,,53.61,48.64,-896,-832,,,,,,,"7147",-37.7,170,186,,,2,,,,"A3",,2
1776569799.000,"780a0c","CPA503  ",24.859640,121.138156,40000,42025,395.0,248,474,0.816,227.67,0.00,0.18,234.67,229.73,0,0,,240,81,1012.8,40000,,"6036",-36.5,392,186,1,8,1,3,,,"A5",,2
1776569804.000,"89917e","CAL191  ",24.988541,121.108805,2550,2725,173.0,158,,0.248,49.22,,,53.61,48.64,-896,-832,,,,,,,"7147",-37.7,170,186,,,2,,,,"A3",,2
1776569804.000,"780a0c","CPA503  ",24.859640,121.138156,40000,42025,395.0,,474,,227.67,0.00,0.18,,,0,,,,,1012.8,40000,,"6036",-36.5,392,186,1,8,1,3,,,"A5",,2
1776569809.000,"89917e","CAL191  ",24.988541,121.108805,2550,2725,173.0,158,,0.248,49.22,,,53.61,48.64,-896,-832,,,,,,,"7147",-37.7,170,186,,,2,,,,"A3",,2
1776569809.000,"780a0c","CPA503  ",24.859640,121.138156,40000,42025,395.0,,474,,227.67,0.00,0.18,,,0,,,,,1012.8,40000,,"6036",-36.5,392,186,1,8,1,3,,,"A5",,2
1776569814.000,"89917e","CAL191  ",24.988541,121.108805,2550,2725,173.0,158,,0.248,49.22,,,53.61,48.64,-896,-832,,,,,,,"7147",-37.7,170,186,,,2,,,,"A3",,2
1776569814.000,"780a0c","CPA503  ",24.859640,121.138156,40000,42025,395.0,,,,227.67,,,,,0,,,,,1012.8,40000,,"6036",-36.5,392,186,1,8,1,3,,,"A5",,2
1776569819.000,"89917e","CAL191  ",24.988541,121.108805,2550,2725,173.0,158,,0.248,49.22,,,53.61,48.64,-896,-832,,,,,,,,-37.7,170,186,,,2,,,,"A3",,2
1776569819.000,"780a0c","CPA503  ",24.859640,121.138156,40000,42025,395.0,,,,227.67,,,,,0,,,,,1012.8,40000,,"6036",-36.5,392,186,1,8,1,3,,,"A5",,2
1776569824.000,"89917e","CAL191  ",24.988541,121.108805,2550,2725,173.0,158,,0.248,49.22,,,53.61,48.64,-896,-832,,,,,,,,-37.7,170,186,,,2,,,,"A3",,2
1776569824.000,"780a0c","CPA503  ",24.859640,121.138156,40000,42025,395.0,,,,227.67,,,,,0,,,,,,,,"6036",-36.5,392,186,,,1,,,,"A5",,2
1776569829.000,"89917e","CAL191  ",24.988541,121.108805,2550,2725,,158,,0.248,,,,53.61,48.64,,-832,,,,,,,,-37.7,170,186,,,,,,,"A3",,2
1776569834.000,"899130","UIA8731 ",24.806338,121.043373,9675,10100,235.6,187,220,0.336,49.82,,0.53,52.56,48.70,640,640,,,,1012.1,10000,,,-31.9,33,186,,8,0,2,,,"A0",,0
1776569834.000,"89917e","CAL191  ",24.988541,121.108805,2550,2725,,158,,0.248,,,,53.61,48.64,,-832,,,,,,,,-37.7,170,186,,,,,,,"A3",,2
1776569839.000,"78016f","CPA450  ",24.900970,121.011810,4600,4825,199.5,180,196,0.296,63.82,,0.53,64.16,60.30,-544,-512,,,,1012.0,4000,,"3352",-35.1,52,371,,7,0,2,,,"A0",,0
1776569839.000,"899130","UIA8731 ",24.810059,121.048177,9725,10150,235.5,186,220,0.336,49.48,,-1.23,52.21,48.35,512,576,,,,1012.1,10000,,"4427",-34.0,82,186,,8,0,2,,,"A0",,0
1776569844.000,"78016f","CPA450  ",24.902235,121.014560,4575,4800,199.5,180,196,0.296,63.82,,0.53,64.16,60.30,-544,-512,,,,1012.0,4000,,"3352",-35.5,54,371,,7,0,2,,,"A0",,0
1776569844.000,"899130","UIA8731 ",24.814391,121.053737,9750,10175,235.6,188,220,0.340,49.82,,0.53,52.56,47.64,448,416,,,,1012.1,10000,,"4427",-32.0,103,186,,8,0,2,,,"A0",,0
1776569849.000,"78016f","CPA450  ",24.902235,121.014560,4575,4800,199.5,180,196,0.296,63.82,,0.53,64.16,60.30,-544,-512,,,,1012.0,4000,,"3352",-36.3,56,371,,7,0,2,,,"A0",,0
1776569849.000,"899130","UIA8731 ",24.817882,121.058298,9800,10225,235.6,187,222,0.340,49.82,,0.35,52.56,47.64,512,448,,261,16,1012.1,10000,,"4427",-30.1,144,186,,8,0,2,,,"A0",,0
1776569854.000,"78016f","CPA450  ",24.906937,121.025028,4500,4725,197.2,181,196,0.296,62.53,,0.53,63.81,58.87,-512,-512,,,,1012.0,4000,,"3352",-34.6,70,371,,7,0,2,,,"A0",,0
1776569854.000,"899130","UIA8731 ",24.821594,121.063029,9850,10275,235.7,188,222,0.340,50.16,,-0.18,52.56,47.64,640,608,,261,16,1012.1,10000,,"4427",-31.5,203,186,,8,0,2,,,"A0",,0
1776569859.000,"78016f","CPA450  ",24.906937,121.025028,4500,4725,196.5,181,196,0.296,61.09,,0.53,63.81,58.87,-512,-512,,,,1012.0,4000,,"3352",-35.1,72,371,,7,0,2,,,"A0",,0
1776569859.000,"899130","UIA8731 ",24.824586,121.066952,9900,10350,235.5,188,222,0.340,49.48,,-0.53,52.38,47.46,576,544,,267,17,1012.1,10000,,"4427",-32.9,240,186,,8,0,2,,,"A0",,0
1776569864.000,"78016f","CPA450  ",24.906937,121.025028,4500,4725,196.5,181,196,0.296,61.09,,0.53,63.81,58.87,-512,-512,,,,1012.0,4000,,"3352",-35.1,72,371,,7,0,2,,,"A0",,0
1776569864.000,"899130","UIA8731 ",24.828369,121.071828,9950,10400,236.1,186,220,0.336,49.29,,0.35,51.33,46.40,576,576,,263,20,1012.1,10000,,"4427",-29.9,303,186,,8,0,2,,,"A0",,0
1776569869.000,"78016f","CPA450  ",24.906937,121.025028,4500,4725,196.5,181,196,0.296,61.09,,0.53,63.81,58.87,-512,-512,,,,1012.0,4000,,"3352",-35.1,72,371,,7,0,2,,,"A0",,0
1776569869.000,"899130","UIA8731 ",24.832221,121.076695,10000,10450,236.2,188,220,0.340,49.64,,0.35,51.86,46.93,512,384,,263,20,1012.1,10000,,"4427",-27.2,350,186,,8,0,2,,,"A0",,0
1776569874.000,"78016f","CPA450  ",24.906937,121.025028,4250,4450,196.5,181,196,0.296,61.09,,0.53,63.81,58.87,-512,-512,,,,1012.0,4000,,"3352",-36.5,77,371,,7,0,2,,,"A0",,0
1776569874.000,"899130","UIA8731 ",24.835831,121.081390,10000,10450,237.6,188,224,0.340,49.61,,-0.35,51.86,46.93,192,288,,266,18,1012.1,10000,,"4427",-30.5,416,186,,8,0,2,,,"A0",,0
1776569879.000,"78016f","CPA450  ",24.906937,121.025028,4150,4350,196.5,181,196,0.296,61.09,,0.53,63.81,58.87,-512,-512,,,,1012.0,4000,,"3352",-35.7,87,371,,7,0,2,,,"A0",,0
1776569879.000,"899130","UIA8731 ",24.839539,121.086121,10025,10475,239.1,190,224,0.344,49.58,,0.18,52.38,47.45,64,0,,266,18,1012.1,10000,,"4427",-26.0,459,186,,8,0,2,,,"A0",,0
1776569884.000,"78016f","CPA450  ",24.921741,121.047311,4100,4300,196.5,184,196,0.300,61.09,,0.53,51.15,46.20,-1248,-1184,,,,1012.0,4000,,"3352",-36.2,98,371,,7,0,2,,,"A0",,0
1776569884.000,"899130","UIA8731 ",24.843018,121.090597,10025,10475,242.0,191,226,0.348,49.86,,-0.18,52.56,47.63,0,-32,,258,18,1012.1,10000,,"4427",-24.7,521,186,,8,0,2,,,"A0",,0
1776569889.000,"78016f","CPA450  ",24.921741,121.047311,4100,4300,196.5,184,196,0.300,61.09,,0.53,51.15,46.20,-1248,-1184,,,,1012.0,4000,,"3352",-36.7,101,371,,7,0,2,,,"A0",,0
1776569889.000,"899130","UIA8731 ",24.846817,121.095530,10025,10475,244.1,191,226,0.348,49.65,,-0.35,52.56,47.63,0,0,,256,20,1012.1,10000,,"4427",-26.0,573,186,,8,0,2,,,"A0",,0
1776569894.000,"78016f","CPA450  ",24.927750,121.054789,3950,4150,196.5,184,196,0.300,61.09,,0.53,51.15,46.20,-1248,-1184,,,,1012.0,4000,,"3352",-37.2,105,371,,7,0,2,,,"A0",,0
1776569894.000,"899130","UIA8731 ",24.850388,121.100159,10025,10475,246.1,193,228,0.348,49.45,,0.18,52.38,47.45,0,0,,255,20,1012.1,10000,,"4427",-25.7,639,186,,8,0,2,,,"A0",,0
1776569899.000,"78016f","CPA450  ",24.927750,121.054789,3950,4150,196.5,184,,0.300,61.09,,,51.15,46.20,-1248,-1184,,,,1012.0,4000,,"3352",-36.5,115,371,,7,0,2,,,"A0",,0
1776569899.000,"899130","UIA8731 ",24.854233,121.105092,10025,10475,248.3,194,228,0.352,49.57,,0.35,52.38,47.45,0,0,,254,21,1012.1,10000,,"4427",-24.6,682,186,,8,0,2,,,"A0",,0
1776569904.000,"78016f","CPA450  ",24.927750,121.054789,3950,4150,196.5,184,,0.300,61.09,,,51.15,46.20,-1248,-1184,,,,1012.0,4000,,"3352",-36.5,122,371,,7,0,2,,,"A0",,0
1776569904.000,"899130","UIA8731 ",24.857208,121.108907,10025,10475,249.7,196,232,0.356,49.55,,-0.35,52.56,47.62,0,32,,253,20,1012.1,10000,,"4427",-28.5,745,186,,8,0,2,,,"A0",,0
1776569909.000,"78016f","CPA450  ",24.927750,121.054789,3625,3825,196.5,184,,0.300,61.09,,,51.15,46.20,-1248,-1184,,,,1012.0,4000,,"3352",-36.8,127,371,,7,0,2,,,"A0",,0
1776569909.000,"899130","UIA8731 ",24.861083,121.113955,10025,10475,251.9,197,234,0.356,49.67,,-0.35,52.56,47.62,0,0,,254,20,1012.1,10000,,"4427",-27.0,787,186,,8,0,2,,,"A0",,0
1776569914.000,"78016f","CPA450  ",24.942689,121.073482,3550,3725,197.0,184,,0.300,48.70,,,51.15,46.20,-1248,-1024,,,,,,,"3352",-37.3,137,371,,7,0,2,,,"A0",,0
1776569914.000,"899130","UIA8731 ",24.865040,121.119034,10025,10475,253.3,199,236,0.360,49.64,,-0.18,52.38,47.44,0,-32,,256,20,1012.1,10000,,"4427",-28.9,836,186,,8,0,2,,,"A0",,0
1776569919.000,"78016f","CPA450  ",24.942689,121.073482,3550,3725,196.3,184,,0.300,48.92,,,51.15,46.20,-1248,-1024,,,,,,,"3352",-36.8,147,371,,7,0,2,,,"A0",,0
1776569919.000,"899130","UIA8731 ",24.868950,121.124060,10025,10475,254.7,202,238,0.364,49.62,,0.18,52.21,47.27,0,0,,260,20,1012.1,10000,,"4427",-29.2,881,186,,8,0,2,,,"A0",,0
1776569924.000,"78016f","CPA450  ",24.942689,121.073482,3550,3725,196.3,184,194,0.300,48.92,,0.18,51.15,46.20,-1248,-1088,,,,,,,"3352",-35.8,165,371,,7,0,2,,,"A0",,0
1776569924.000,"899130","UIA8731 ",24.872910,121.129150,10025,10475,256.1,202,240,0.368,49.59,,-0.18,52.21,47.27,-64,-64,,260,19,1012.1,10000,,"4427",-30.2,934,186,,8,0,2,,,"A0",,0
1776569929.000,"78016f","CPA450  ",24.942689,121.073482,3550,3725,196.3,184,194,0.300,48.92,,0.18,51.15,46.20,-1248,-1088,,,,,,,"3352",-36.0,169,371,,7,0,2,,,"A0",,0
1776569929.000,"899130","UIA8731 ",24.876864,121.134217,10000,10450,258.3,204,240,0.372,49.71,,-0.18,52.21,47.26,-64,-96,,259,21,1012.1,10000,,"4427",-29.5,983,186,,8,0,2,,,"A0",,0
1776569934.000,"78016f","CPA450  ",24.953489,121.087059,3250,3400,197.1,184,194,0.300,49.11,,0.18,51.15,46.20,-1248,-1024,,,,1012.0,3008,,"3352",-35.9,187,371,,7,0,2,,,"A0",,0
1776569934.000,"899130","UIA8731 ",24.880920,121.139476,10000,10450,258.9,205,242,0.372,49.54,,-0.35,52.03,47.09,0,-64,,260,22,1012.1,10000,,"4427",-31.0,1034,186,,8,0,2,,,"A0",,0
1776569939.000,"78016f","CPA450  ",24.956375,121.090739,3150,3300,197.1,184,194,0.300,49.11,,0.53,51.15,46.20,-1248,-1024,,,,1012.0,3008,,"3352",-35.7,204,371,,7,0,2,,,"A0",,0
1776569939.000,"899130","UIA8731 ",24.884499,121.144064,10000,10450,260.3,207,244,0.376,49.52,,-0.35,52.21,47.26,0,32,,260,19,1012.1,10000,,"4427",-30.8,1086,186,,8,0,2,,,"A0",,0
1776569944.000,"78016f","CPA450  ",24.960193,121.095610,3050,3200,197.8,,196,,49.30,,0.35,,,,-1024,,,,1012.0,3008,,"3352",-35.0,256,371,,7,0,2,,,"A0",,0
1776569944.000,"899130","UIA8731 ",24.888474,121.149241,10000,10450,261.8,208,244,0.376,49.80,,0.70,52.56,47.61,64,0,,257,20,1012.1,10000,,"4427",-30.5,1146,186,,8,0,2,,,"A0",,0
1776569949.000,"78016f","CPA450  ",24.962101,121.098045,3000,3150,197.8,185,196,0.296,49.30,,0.35,51.68,46.72,-1056,-1088,,,,1012.0,3008,,"3352",-36.1,276,371,,7,0,2,,,"A0",,0
1776569949.000,"899130","UIA8731 ",24.892738,121.154687,10000,10450,262.5,208,246,0.376,49.64,,-0.53,52.56,47.61,0,-32,,260,19,1012.1,10000,,"4427",-30.2,1194,186,,8,0,2,,,"A0",,0
1776569954.000,"78016f","CPA450  ",24.966663,121.103798,2850,3000,197.1,185,196,0.296,49.11,,0.35,51.68,46.72,-1056,-1152,,,,1012.0,3008,,"3352",-35.6,290,371,,7,0,2,,,"A0",,0
1776569954.000,"899130","UIA8731 ",24.896576,121.159617,10000,10450,263.1,209,246,0.380,49.47,,-0.35,52.21,47.26,0,0,,258,20,1012.1,10000,,"4427",-29.6,1251,186,,8,0,2,,,"A0",,0
1776569959.000,"78016f","CPA450  ",24.968445,121.106110,2800,2925,197.1,184,196,0.292,49.11,,0.00,51.86,46.89,-1024,-1088,,315,8,1012.0,3008,,"3352",-36.7,319,371,,7,0,2,,,"A0",,0
1776569959.000,"899130","UIA8731 ",24.900559,121.164741,10000,10450,264.5,209,246,0.380,49.45,,-0.35,52.03,47.08,0,0,,263,19,1012.1,10000,,"4427",-29.6,1296,186,,8,0,2,,,"A0",,0
1776569964.000,"78016f","CPA450  ",24.971558,121.110026,2725,2850,197.1,184,196,0.292,49.11,,0.35,51.86,46.89,-1024,-1088,,315,8,1012.0,3008,,"3352",-35.6,357,371,,7,0,2,,,"A0",,0
1776569964.000,"899130","UIA8731 ",24.904587,121.169942,10000,10425,265.3,210,246,0.380,49.59,,0.88,52.38,47.43,0,0,,255,22,1012.1,10000,,"4427",-28.5,1354,186,,8,0,2,,,"A0",,0
1776569969.000,"78016f","CPA450  ",24.971558,121.110026,2725,2850,197.1,184,196,0.292,49.11,,0.35,51.86,46.89,-1024,-1152,,315,8,1012.0,3008,,"3352",-36.3,368,371,,7,0,2,,,"A0",,0
1776569969.000,"899130","UIA8731 ",24.908706,121.175261,10000,10425,266.1,211,248,0.384,49.73,,-0.35,52.73,47.78,0,0,,255,20,1012.1,10000,,"4427",-29.4,1397,186,,8,0,2,,,"A0",,0
1776569974.000,"78016f","CPA450  ",24.971558,121.110026,2725,2850,195.7,184,196,0.292,49.14,,0.35,51.86,46.89,-1024,-1024,,315,8,1012.0,3008,,"3352",-36.9,376,371,,7,0,2,,,"A0",,0
1776569974.000,"899130","UIA8731 ",24.911825,121.179458,10000,10425,266.8,211,248,0.384,49.86,,-0.35,52.91,47.95,-64,-32,,255,18,1012.1,10000,,"4427",-31.1,1457,186,,8,0,2,,,"A0",,0
1776569979.000,"78016f","CPA450  ",24.971558,121.110026,2425,2550,192.9,184,196,0.292,49.21,,0.35,51.86,46.89,-1024,-1088,,315,8,1012.0,3008,,"3352",-36.3,385,371,,7,0,2,,,"A0",,0
1776569979.000,"899130","UIA8731 ",24.916855,121.185760,10000,10425,267.5,212,250,0.384,49.70,,-0.35,52.21,47.25,-64,-32,,261,21,1012.1,10000,,"4427",-31.5,1516,186,,8,0,2,,,"A0",,0
1776569984.000,"78016f","CPA450  ",24.982584,121.124008,2400,2525,192.9,184,196,0.292,49.21,,0.35,51.86,46.89,-1024,-1088,,315,8,1012.0,3008,,"3352",-36.7,408,371,,7,0,2,,,"A0",,0
1776569984.000,"899130","UIA8731 ",24.920251,121.190186,10000,10425,268.1,212,250,0.384,49.54,,-0.53,52.03,47.07,64,64,,263,21,1012.1,10000,,"4427",-32.9,1577,186,,8,0,2,,,"A0",,0
1776569989.000,"899119","CAL602  ",24.906704,121.003573,4050,4275,206.9,,208,,57.23,-0.44,-5.10,,,-64,,,,,1012.0,4000,,"5754",-34.7,35,186,1,10,1,3,2,3,"A3",,2
1776569989.000,"78016f","CPA450  ",24.982584,121.124008,2400,2525,192.9,184,196,0.292,49.21,,0.35,51.86,46.89,-1024,-1088,,315,8,1012.0,3008,,"3352",-36.9,410,371,,7,0,2,,,"A0",,0
1776569989.000,"899130","UIA8731 ",24.924580,121.195731,10000,10425,268.1,213,250,0.384,49.54,,0.53,52.03,47.07,64,32,,260,21,1012.1,10000,,"4427",-33.9,1618,186,,8,0,2,,,"A0",,0
1776569994.000,"899119","CAL602  ",24.909805,121.008555,4050,4275,202.8,187,208,0.304,55.45,-0.44,-5.10,58.89,53.95,-64,-32,,,,1012.0,4000,,"5754",-35.2,61,186,1,10,1,3,2,3,"A3",,2
1776569994.000,"78016f","CPA450  ",24.982584,121.124008,2400,2525,192.9,184,196,0.292,49.21,,0.35,51.86,46.89,-1024,-1088,,315,8,1012.0,3008,,"3352",-36.9,410,371,,7,0,2,,,"A0",,0
1776569994.000,"899130","UIA8731 ",24.928816,121.201172,10000,10425,268.9,213,252,0.384,49.68,,-0.18,52.03,47.07,0,32,,263,21,1012.1,10000,,"4427",-35.2,1673,186,,8,0,2,,,"A0",,0
1776569999.000,"899119","CAL602  ",24.911499,121.011088,4050,4275,201.2,185,208,0.300,54.10,-0.44,-5.10,56.60,51.66,0,-32,,,,1012.0,4000,,"5754",-35.4,74,186,1,10,1,3,2,3,"A3",,2
1776569999.000,"78016f","CPA450  ",24.982584,121.124008,2400,2525,192.9,184,196,0.292,49.21,,0.35,51.86,46.89,-1024,-1088,,315,8,1012.0,3008,,"3352",-36.9,410,371,,7,0,2,,,"A0",,0
1776569999.000,"899130","UIA8731 ",24.932261,121.205577,10000,10425,269.5,213,252,0.388,49.51,,-0.88,52.03,47.07,0,0,,261,21,1012.1,10000,,"4427",-35.1,1722,186,,8,0,2,,,"A0",,0
1776570004.000,"899119","CAL602  ",24.915503,121.016684,4025,4250,199.0,185,208,0.300,50.71,-0.44,-5.10,56.60,51.66,0,-32,,,,1012.0,4000,,"5754",-35.6,94,186,1,10,1,3,2,3,"A3",,2
1776570004.000,"78016f","CPA450  ",24.982584,121.124008,2400,2525,192.9,184,196,0.292,49.21,,0.35,51.86,46.89,-1024,-1088,,315,8,1012.0,3008,,"3352",-36.9,410,371,,7,0,2,,,"A0",,0
1776570004.000,"899130","UIA8731 ",24.936637,121.211225,10000,10425,270.3,214,252,0.388,49.65,,0.35,52.21,47.24,-64,0,,259,20,1012.1,10000,,"4427",-35.2,1759,186,,8,0,2,,,"A0",,0
1776570009.000,"899119","CAL602  ",24.918549,121.020559,4025,4250,199.0,185,208,0.300,50.71,-0.44,-5.10,56.60,51.66,0,-32,,,,1012.0,4000,,"5754",-35.7,103,186,1,10,1,3,2,3,"A3",,2
1776570009.000,"78016f","CPA450  ",24.982584,121.124008,2400,2525,192.9,184,196,0.292,49.21,,0.35,51.86,46.89,-1024,-1088,,315,8,1012.0,3008,,"3352",-36.9,410,371,,7,0,2,,,"A0",,0
1776570009.000,"899130","UIA8731 ",24.940687,121.216511,10000,10425,270.9,212,252,0.384,49.49,,0.35,52.73,47.76,-128,-96,,256,21,1012.1,10000,,"4427",-34.9,1794,186,,8,0,2,,,"A0",,0
1776570014.000,"899119","CAL602  ",24.918549,121.020559,4025,4250,199.0,183,208,0.296,50.71,-0.44,-5.10,51.33,46.38,0,0,,,,1012.0,4000,,"5754",-36.2,106,186,1,10,1,3,2,3,"A3",,2
1776570014.000,"78016f","CPA450  ",24.982584,121.124008,2400,2525,192.9,184,196,0.292,49.21,,0.35,51.86,46.89,-1024,-1088,,315,8,1012.0,3008,,"3352",-36.9,410,371,,7,0,2,,,"A0",,0
1776570014.000,"899130","UIA8731 ",24.944644,121.221590,10000,10425,271.7,214,252,0.388,49.63,,0.35,52.38,47.41,-128,-128,,256,21,1012.1,10000,,"4427",-35.8,1819,186,,8,0,2,,,"A0",,0
1776570019.000,"899119","CAL602  ",24.918549,121.020559,4025,4250,199.0,183,208,0.296,50.71,-0.44,-5.10,51.33,46.38,0,0,,,,1012.0,4000,,"5754",-36.2,106,186,1,10,1,3,2,3,"A3",,2
1776570019.000,"78016f","CPA450  ",24.982584,121.124008,2400,2525,192.9,,196,,49.21,,0.35,,,,-1088,,,,1012.0,3008,,"3352",-36.9,410,371,,7,0,2,,,"A0",,0
1776570019.000,"899130","UIA8731 ",24.948880,121.227083,10000,10425,272.5,215,252,0.388,49.76,,0.35,52.73,47.76,0,-32,,256,21,1012.1,10000,,"4427",-35.8,1844,186,,8,0,2,,,"A0",,0
1776570024.000,"899119","CAL602  ",24.918549,121.020559,4025,4250,199.0,183,208,0.296,50.71,-0.44,-5.10,51.33,46.38,0,0,,,,1012.0,4000,,"5754",-36.2,106,186,1,10,1,3,2,3,"A3",,2
1776570024.000,"78016f","CPA450  ",24.982584,121.124008,2400,2525,192.9,,196,,49.21,,0.35,,,,-1088,,,,,,,"3352",-36.9,410,371,,7,0,2,,,"A0",,0
1776570024.000,"899130","UIA8731 ",24.952325,121.231488,10000,10425,273.1,215,254,0.388,49.60,,-0.35,52.73,47.76,64,96,,255,21,1012.1,10000,,"4427",-36.4,1883,186,,8,0,2,,,"A0",,0
1776570029.000,"899119","CAL602  ",24.918549,121.020559,4025,4250,199.0,183,208,0.296,50.71,-0.44,-5.10,51.33,46.38,0,0,,,,1012.0,4000,,"5754",-36.3,107,186,1,10,1,3,2,3,"A3",,2
1776570029.000,"78016f","CPA450  ",24.982584,121.124008,2400,2525,192.9,,,,49.21,,,,,,-1088,,,,,,,"3352",-36.9,410,371,,7,0,2,,,"A0",,0
1776570029.000,"899130","UIA8731 ",24.956451,121.236623,10000,10425,273.0,215,254,0.388,45.59,,-0.35,52.73,47.76,0,96,,255,21,1012.1,10000,,"4427",-35.9,1912,186,,8,0,2,,,"A0",,0
1776570034.000,"899119","CAL602  ",24.933609,121.039327,4000,4250,202.3,183,208,0.296,50.01,-0.44,-5.10,51.33,46.38,-576,0,,,,1012.0,3008,,"5754",-36.3,119,186,1,10,1,3,2,3,"A3",,2
1776570034.000,"78016f","CPA450  ",24.982584,121.124008,2400,2525,192.9,,,,49.21,,,,,,-1088,,,,,,,"3352",-36.9,410,371,,7,0,2,,,"A0",,0
1776570034.000,"899130","UIA8731 ",24.962082,121.242625,10000,10425,272.0,215,254,0.392,41.72,,-0.35,47.64,42.66,-64,-64,,255,21,1012.1,10000,,"4427",-35.3,1939,186,,8,0,2,,,"A0",,0
1776570039.000,"899119","CAL602  ",24.935148,121.041352,3975,4225,202.3,183,208,0.296,50.01,-0.44,-5.10,51.33,46.38,-576,0,,,,1012.0,3008,,"5754",-36.7,130,186,1,10,1,3,2,3,"A3",,2
1776570039.000,"78016f","CPA450  ",24.982584,121.124008,2400,2525,,,,,,,,,,,,,,,,,,"3352",-36.9,410,371,,7,,2,,,"A0",,0
1776570039.000,"899130","UIA8731 ",24.966850,121.246931,10000,10425,271.1,215,254,0.392,38.56,,-0.35,47.64,42.66,-64,-64,,255,21,1012.1,10000,,"4427",-36.7,1959,186,,8,0,2,,,"A0",,0
1776570044.000,"899119","CAL602  ",24.935148,121.041352,3975,4225,202.7,183,208,0.296,49.00,-0.44,-5.10,51.33,46.38,-768,0,,,,1012.0,3008,,"5754",-37.3,143,186,1,10,1,3,2,3,"A3",,2
1776570044.000,"899130","UIA8731 ",24.971924,121.251272,10000,10425,271.5,215,254,0.392,37.97,,-0.35,47.64,42.66,128,-64,,255,21,1012.1,10000,,"4427",-36.9,1973,186,,8,0,2,,,"A0",,0
1776570049.000,"899119","CAL602  ",24.942503,121.050732,3825,4050,201.3,183,,0.296,49.03,,,51.33,46.38,-768,0,,,,1012.0,3008,,"5754",-37.3,151,186,1,10,1,3,2,3,"A3",,2
1776570049.000,"899130","UIA8731 ",24.977371,121.255900,10025,10450,271.5,215,254,0.392,37.97,,-0.35,47.64,42.66,128,-64,,255,21,1012.1,10000,,"4427",-37.4,1978,186,,8,0,2,,,"A0",,0
1776570054.000,"899119","CAL602  ",24.946289,121.055450,3750,3975,200.6,185,,0.300,48.84,,,51.68,46.73,-704,-672,,,,1012.0,3008,,"5754",-35.6,178,186,1,10,1,3,2,3,"A3",,2
1776570054.000,"899130","UIA8731 ",24.978301,121.256674,10025,10450,271.0,215,254,0.392,37.50,,-0.35,47.64,42.66,64,-64,,255,21,1012.1,10000,,"4427",-37.6,1985,186,,8,0,2,,,"A0",,0
1776570059.000,"899119","CAL602  ",24.949310,121.059265,3700,3925,200.6,185,198,0.300,48.84,0.06,-0.35,51.68,46.73,-832,-672,,299,8,1012.0,3008,,"5754",-35.2,196,186,1,9,1,3,2,3,"A3",,2
1776570059.000,"899130","UIA8731 ",24.978301,121.256674,10025,10450,271.0,215,254,0.392,37.50,,-0.35,47.64,42.66,64,-64,,255,21,1012.1,10000,,"4427",-37.5,1991,186,,8,0,2,,,"A0",,0
1776570064.000,"899119","CAL602  ",24.952232,121.062910,3625,3850,200.5,185,198,0.300,48.44,-0.03,-0.35,51.68,46.73,-960,-672,,299,8,1012.0,3008,,"5754",-35.5,240,186,1,9,1,3,2,3,"A3",,2
1776570064.000,"899130","UIA8731 ",24.989227,121.265920,10025,10450,271.6,215,254,0.392,37.67,,-0.35,47.64,42.66,-64,-64,,255,21,1012.1,10000,,"4427",-36.6,2001,186,,8,0,2,,,"A0",,0
1776570069.000,"899119","CAL602  ",24.955258,121.066641,3550,3775,200.5,185,198,0.300,48.44,-0.03,-0.35,51.68,46.73,-960,-672,,299,8,1012.0,3008,,"5754",-36.4,252,186,1,9,1,3,2,3,"A3",,2
1776570069.000,"a20053","N228SK  ",24.950137,121.228586,47000,49075,404.4,,464,,229.61,0.00,0.00,,,,-64,,,,1012.8,47008,,,-37.2,77,186,1,10,1,3,2,2,,,2
1776570069.000,"899130","UIA8731 ",24.993478,121.269474,10000,10425,272.2,215,254,0.392,37.84,,-0.35,47.64,42.66,0,-64,,255,21,1012.1,10000,,"4427",-36.4,2016,186,,8,0,2,,,"A0",,0
1776570074.000,"899119","CAL602  ",24.957446,121.069388,3475,3700,200.6,185,198,0.300,48.84,-0.03,-0.35,51.68,46.73,-1024,-672,,299,8,1012.0,3008,,"5754",-36.4,283,186,1,9,1,3,2,3,"A3",,2
1776570074.000,"a20053","N228SK  ",24.941851,121.217910,47000,49075,405.1,,462,,229.71,0.00,-0.18,,,,0,,,,1012.8,47008,,"3632",-36.1,115,186,1,10,1,3,2,2,,,2
1776570074.000,"899130","UIA8731 ",25.002276,121.276988,10000,10425,272.2,215,254,0.392,37.84,,-0.35,47.64,42.66,-64,-64,,255,21,1012.1,10000,,"4427",-37.1,2025,186,,8,0,2,,,"A0",,0
1776570079.000,"899119","CAL602  ",24.961166,121.074066,3375,3600,200.6,184,196,0.296,48.84,-0.09,0.18,51.33,46.37,-1152,-1120,,299,8,1012.0,3008,,"5754",-36.9,301,186,1,9,1,3,2,3,"A3",,2
1776570079.000,"a20053","N228SK  ",24.936032,121.210396,47000,49075,405.8,212,464,0.824,229.60,0.00,0.18,235.90,230.95,0,-64,,,,1012.8,47008,,"3632",-36.4,163,186,1,10,1,3,2,2,"A3",,2
1776570079.000,"899130","UIA8731 ",25.004324,121.278750,10000,10425,271.6,215,254,0.392,37.67,,-0.35,47.64,42.66,-64,-64,,255,21,1012.1,10000,,"4427",-36.5,2039,186,,8,0,2,,,"A0",,0
1776570084.000,"899119","CAL602  ",24.964056,121.077679,3275,3475,199.9,184,196,0.296,49.06,-0.09,0.18,51.33,46.37,-896,-1120,,299,8,1012.0,3008,,"5754",-37.2,312,186,1,9,1,3,2,3,"A3",,2
1776570084.000,"a20053","N228SK  ",24.928848,121.201121,47000,49075,405.8,212,464,0.824,229.60,0.00,0.18,236.07,231.13,0,0,,,,1012.8,47008,,"3632",-36.9,208,186,1,10,1,3,2,2,"A3",,2
1776570084.000,"899130","UIA8731 ",25.007536,121.281496,10000,10425,271.6,215,,0.392,37.67,,,47.64,42.66,-64,-64,,,,1012.1,10000,,"4427",-36.8,2042,186,,8,0,2,,,"A0",,0
1776570089.000,"899119","CAL602  ",24.967455,121.081981,3225,3425,197.1,184,196,0.296,49.11,-0.09,0.18,51.33,46.37,-512,-1120,,,,1012.0,3008,,"5754",-36.6,328,186,1,9,1,3,2,3,"A3",,2
1776570089.000,"a20053","N228SK  ",24.922760,121.193288,47000,49075,405.8,212,464,0.824,229.60,0.00,-0.18,236.07,231.13,0,0,,,,1012.8,47008,,"3632",-36.2,234,186,1,10,1,3,2,2,"A3",,2
1776570089.000,"899130","UIA8731 ",25.016510,121.289062,10000,10425,272.4,215,,0.392,37.54,,,47.64,42.66,0,-64,,,,1012.1,10000,,"4427",-37.5,2046,186,,8,0,2,,,"A0",,0
1776570094.000,"899119","CAL602  ",24.968060,121.082706,3200,3400,197.1,184,196,0.296,49.11,-0.09,0.18,51.33,46.37,-512,-1120,,,,1012.0,3008,,"5754",-36.9,335,186,1,9,1,3,2,3,"A3",,2
1776570094.000,"a20053","N228SK  ",24.919227,121.188735,47000,49075,405.8,212,464,0.824,229.60,0.00,0.18,236.07,231.13,0,0,,,,1013.0,47008,,"3632",-36.4,270,186,1,10,1,3,2,2,"A3",,2
1776570094.000,"899130","UIA8731 ",25.017545,121.289943,10000,10425,272.4,217,,0.392,37.54,,,39.55,34.55,64,32,,,,1012.1,10000,,"4427",-37.3,2054,186,,8,0,2,,,"A0",,0
1776570099.000,"899119","CAL602  ",24.968060,121.082706,3200,3400,194.4,184,196,0.296,49.59,-0.09,0.18,51.33,46.37,-1216,-1120,,,,1012.0,3008,,"5754",-37.6,340,186,1,9,1,3,2,3,"A3",,2
1776570099.000,"a20053","N228SK  ",24.912151,121.179614,47000,49075,405.8,212,464,0.824,229.60,0.00,0.18,236.07,231.13,0,0,,,,1012.8,47008,,"3632",-36.4,300,186,1,10,1,3,2,2,"A3",,2
1776570099.000,"899130","UIA8731 ",25.017545,121.289943,10000,10425,272.4,217,,0.392,37.54,,,39.55,34.55,64,32,,,,1012.1,10000,,"4427",-37.3,2054,186,,8,0,2,,,"A0",,0
1776570104.000,"899119","CAL602  ",24.968060,121.082706,3200,3400,194.4,184,196,0.296,49.59,-0.09,0.18,51.33,46.37,-1216,-1120,,,,1012.0,3008,,"5754",-37.8,344,186,1,9,1,3,2,3,"A3",,2
1776570104.000,"a20053","N228SK  ",24.905685,121.171316,47000,49075,405.8,212,464,0.824,229.60,0.00,0.18,236.07,231.14,0,0,,,,1012.8,47008,,"3632",-37.4,329,186,1,10,1,3,2,2,"A3",,2
1776570104.000,"899130","UIA8731 ",25.017545,121.289943,10000,10425,272.4,217,,0.392,37.54,,,39.55,34.55,64,32,,,,1012.1,10000,,"4427",-37.3,2054,186,,8,0,2,,,"A0",,0
1776570109.000,"899119","CAL602  ",24.968060,121.082706,3200,3400,192.9,184,196,0.296,49.21,-0.09,0.18,51.33,46.37,-1152,-1120,,,,1012.0,3008,,"5754",-37.6,348,186,1,9,1,3,2,3,"A3",,2
1776570109.000,"a20053","N228SK  ",24.899826,121.163737,47000,49075,405.8,212,464,0.824,229.60,0.00,0.18,236.07,231.14,0,0,,,,1012.8,47008,,"3632",-37.5,338,186,1,10,1,3,2,2,"A3",,2
1776570109.000,"899130","UIA8731 ",25.017545,121.289943,10000,10425,272.4,217,,0.392,37.54,,,39.55,34.55,64,32,,,,1012.1,10000,,"4427",-37.9,2057,186,,8,0,2,,,"A0",,0
1776570114.000,"899119","CAL602  ",24.968060,121.082706,3200,3400,192.9,184,196,0.296,49.21,-0.09,0.18,51.33,46.37,-1152,-1120,,,,1012.0,3008,,"5754",-37.6,348,186,1,9,1,3,2,3,"A3",,2
1776570114.000,"a20053","N228SK  ",24.899826,121.163737,47000,49075,405.8,212,464,0.824,229.60,0.00,0.18,236.07,231.14,0,0,,,,1012.8,47008,,"3632",-37.8,340,186,1,10,1,3,2,2,"A3",,2
1776570114.000,"89913b","UIA8756 ",24.889389,121.268209,5950,6225,173.4,,,,307.27,,,,,-384,,,,,1012.1,4000,,,-36.2,64,186,,8,0,2,,,"A0",,0
1776570114.000,"899130","UIA8731 ",25.039627,121.308746,10000,10425,272.2,217,,0.392,37.84,,,39.55,34.55,-64,32,,,,1012.1,10000,,"4427",-37.3,2069,186,,8,0,2,,,"A0",,0
1776570119.000,"899119","CAL602  ",24.968060,121.082706,3200,3400,192.9,184,196,0.296,49.21,-0.09,0.18,51.33,46.37,-1152,-1120,,,,1012.0,3008,,"5754",-37.6,348,186,1,9,1,3,2,3,"A3",,2
1776570119.000,"a20053","N228SK  ",24.890305,121.151479,47000,49075,405.8,212,464,0.824,229.60,0.00,0.18,236.07,231.14,0,0,,,,1012.8,47008,,"3632",-38.3,345,186,1,10,1,3,2,2,"A3",,2
1776570119.000,"89913b","UIA8756 ",24.892410,121.264852,5925,6200,174.7,,,,316.62,,,,,-512,,,,,1012.1,4000,,,-36.6,94,186,,8,0,2,,,"A0",,0
1776570119.000,"899130","UIA8731 ",25.039627,121.308746,10000,10425,272.2,217,,0.392,37.84,,,39.55,34.55,0,32,,,,1012.1,10000,,"4427",-37.7,2073,186,,8,0,2,,,"A0",,0
1776570124.000,"899119","CAL602  ",24.968060,121.082706,3200,3400,192.9,184,196,0.296,49.21,-0.09,0.18,51.33,46.37,-1152,-1120,,,,1012.0,3008,,"5754",-37.6,348,186,1,9,1,3,2,3,"A3",,2
1776570124.000,"a20053","N228SK  ",24.890305,121.151479,47000,49075,405.8,212,464,0.824,229.60,0.00,0.18,236.07,231.14,0,0,,,,1012.8,47008,,"3632",-38.3,345,186,1,10,1,3,2,2,"A3",,2
1776570124.000,"89913b","UIA8756 ",24.895811,121.262581,5875,6150,178.0,169,188,0.284,333.29,,23.91,326.95,321.98,-576,-544,,329,13,1012.1,4000,,"4443",-36.5,136,186,,8,0,2,,,"A0",,0
1776570124.000,"899130","UIA8731 ",25.050318,121.317876,10000,10425,272.2,217,256,0.392,37.84,,-0.35,39.55,34.55,0,32,,,,1012.1,10000,,"4427",-37.3,2089,186,,8,0,2,,,"A0",,0
1776570129.000,"899119","CAL602  ",24.988915,121.109395,,3400,192.9,184,196,0.296,49.21,-0.09,0.18,51.33,46.37,-1152,-1120,,,,1012.0,3008,,"5754",-37.6,349,186,1,9,1,3,2,3,"A3",,2
1776570129.000,"a20053","N228SK  ",24.890305,121.151479,47000,49075,405.8,212,464,0.824,229.60,0.00,0.18,236.07,231.14,0,0,,,,1012.8,47008,,"3632",-38.3,345,186,1,10,1,3,2,2,"A3",,2
1776570129.000,"89913b","UIA8756 ",24.898371,121.261545,5850,6125,180.7,169,188,0.284,346.89,,23.91,326.95,321.98,-576,-544,,329,13,1012.1,4000,,"4443",-36.8,167,186,,8,0,2,,,"A0",,0
1776570129.000,"899130","UIA8731 ",25.053680,121.320699,10000,10425,272.2,217,256,0.392,37.84,,-0.35,39.55,34.55,0,32,,,,,,,"4427",-37.8,2095,186,,8,0,2,,,"A0",,0
1776570134.000,"899119","CAL602  ",24.988915,121.109395,,3400,192.9,184,196,0.296,49.21,-0.09,0.18,51.33,46.37,-1152,-1120,,,,1012.0,3008,,,-37.6,349,186,1,9,1,3,2,3,"A3",,2
1776570134.000,"a20053","N228SK  ",24.890305,121.151479,47000,49075,405.8,212,464,0.824,229.60,0.00,0.18,236.07,231.14,0,0,,,,1012.8,47008,,"3632",-38.3,345,186,1,10,1,3,2,2,"A3",,2
1776570134.000,"89913b","UIA8756 ",24.904097,121.260768,5775,6050,182.9,172,188,0.288,351.83,,23.91,0.35,355.38,-640,-736,,329,13,1012.1,4000,,"4443",-36.4,199,186,,8,0,2,,,"A0",,0
1776570134.000,"899130","UIA8731 ",25.053680,121.320699,10000,10425,272.2,217,256,0.392,37.84,,-0.35,39.55,34.55,0,32,,,,,,,"4427",-37.8,2100,186,,8,0,2,,,"A0",,0
1776570139.000,"899119","CAL602  ",24.988915,121.109395,,3400,192.9,,,,49.21,,,,,-1152,,,,,1012.0,3008,,,-37.6,349,186,1,9,1,3,2,3,"A3",,2
1776570139.000,"a20053","N228SK  ",24.890305,121.151479,47000,49075,405.8,212,464,0.824,229.60,0.00,0.18,236.07,231.14,0,0,,,,1012.8,47008,,"3632",-38.3,345,186,1,10,1,3,2,2,"A3",,2
1776570139.000,"89913b","UIA8756 ",24.906797,121.261078,5725,5975,187.7,173,188,0.288,11.37,,23.91,13.54,8.56,-704,-704,,329,13,1012.1,4000,,"4443",-36.5,222,186,,8,0,2,,,"A0",,0
1776570139.000,"899130","UIA8731 ",25.053680,121.320699,10000,10425,272.2,217,256,0.392,37.84,,-0.35,39.55,34.55,0,32,,,,,,,"4427",-37.8,2100,186,,8,0,2,,,"A0",,0
1776570144.000,"899119","CAL602  ",24.988915,121.109395,,3400,192.9,,,,49.21,,,,,-1152,,,,,1012.0,3008,,,-37.6,349,186,1,9,1,3,2,3,"A3",,2
1776570144.000,"a20053","N228SK  ",24.890305,121.151479,47000,49075,405.8,212,464,0.824,229.60,0.00,0.18,236.07,231.14,0,0,,,,1012.8,47008,,"3632",-38.3,345,186,1,10,1,3,2,2,"A3",,2
1776570144.000,"89913b","UIA8756 ",24.912151,121.262996,5650,5900,189.5,173,188,0.288,20.06,,23.91,13.54,8.56,-640,-704,,329,13,1012.1,4000,,"4443",-35.8,237,186,,8,0,2,,,"A0",,0
1776570144.000,"899130","UIA8731 ",25.053680,121.320699,10000,10425,272.2,217,256,0.392,37.84,,-0.35,39.55,34.55,0,32,,,,,,,"4427",-38.0,2102,186,,8,0,2,,,"A0",,0
1776570149.000,"899119","CAL602  ",24.988915,121.109395,,3400,192.9,,,,49.21,,,,,-1152,,,,,1012.0,3008,,,-37.6,349,186,1,9,1,3,2,3,"A3",,2
1776570149.000,"a20053","N228SK  ",24.890305,121.151479,47000,49075,405.8,212,464,0.824,229.60,0.00,0.18,236.07,231.14,0,0,,,,1012.8,47008,,,-38.3,345,186,1,10,1,3,2,2,"A3",,2
1776570149.000,"89913b","UIA8756 ",24.916434,121.265069,5625,5875,190.7,173,188,0.288,24.15,,23.91,13.54,8.56,-512,-704,,329,13,1012.1,4000,,"4443",-34.9,252,186,,8,0,2,,,"A0",,0
1776570149.000,"899130","UIA8731 ",25.053680,121.320699,10000,10425,272.2,217,256,0.392,37.84,,-0.35,39.55,34.55,0,32,,,,,,,"4427",-37.9,2103,186,,8,0,2,,,"A0",,0
1776570154.000,"899119","CAL602  ",24.988915,121.109395,,3400,192.9,,,,49.21,,,,,-1152,,,,,,,,,-37.6,349,186,1,9,1,3,2,3,"A3",,2
1776570154.000,"a20053","N228SK  ",24.890305,121.151479,47000,49075,405.8,212,,0.824,229.60,,,236.07,231.14,0,0,,,,1012.8,47008,,,-38.3,345,186,1,10,1,3,,,"A3",,2
1776570154.000,"89913b","UIA8756 ",24.919922,121.266836,5575,5825,190.6,173,192,0.288,24.82,,0.70,25.66,20.69,-704,-608,,299,12,1012.1,4000,,"4443",-34.8,271,186,,8,0,2,,,"A0",,0
1776570154.000,"899130","UIA8731 ",25.053680,121.320699,10000,10425,272.2,,256,,37.84,,-0.35,,,0,,,,,,,,"4427",-37.9,2103,186,,8,0,2,,,"A0",,0
1776570159.000,"899119","CAL602  ",24.988915,121.109395,,,192.9,,,,49.21,,,,,-1152,,,,,,,,,-37.6,349,186,1,9,1,3,2,3,"A3",,2
1776570159.000,"a20053","N228SK  ",24.890305,121.151479,47000,49075,405.8,212,,0.824,229.60,,,236.07,231.14,0,0,,,,1012.8,47008,,,-38.3,345,186,1,10,1,3,,,"A3",,2
1776570159.000,"89913b","UIA8756 ",24.924115,121.268955,5500,5750,191.5,174,192,0.288,25.36,,0.70,26.19,21.22,-832,-800,,299,12,1012.1,4000,,"4443",-34.2,288,186,,8,0,2,,,"A0",,0
1776570159.000,"899130","UIA8731 ",25.053680,121.320699,10000,10425,272.2,,256,,37.84,,-0.35,,,0,,,,,,,,"4427",-38.1,2104,186,,8,0,2,,,"A0",,0
1776570164.000,"899119","CAL602  ",24.988915,121.109395,,,192.9,,,,49.21,,,,,-1152,,,,,,,,,-37.6,349,186,,,1,,,,"A3",,2
1776570164.000,"a20053","N228SK  ",24.890305,121.151479,47000,49075,405.8,212,,0.824,229.60,,,236.07,231.14,0,0,,,,,,,,-38.3,345,186,,,1,,,,"A3",,2
1776570164.000,"89913b","UIA8756 ",24.928345,121.271210,5425,5675,191.9,174,194,0.288,25.63,,0.88,26.19,21.22,-768,-800,,299,12,1012.1,4000,,"4443",-33.2,322,186,,8,0,2,,,"A0",,0
1776570164.000,"899130","UIA8731 ",25.053680,121.320699,10000,10425,273.1,,256,,38.76,,-0.35,,,0,,,,,,,,"4427",-37.4,2114,186,,8,0,2,,,"A0",,0
1776570169.000,"899119","CAL602  ",24.988915,121.109395,,,,,,,,,,,,,,,,,,,,,-37.6,349,186,,,,,,,"A3",,2
1776570169.000,"a20053","N228SK  ",24.890305,121.151479,47000,49075,,,,,,,,,,,,,,,,,,,-38.3,345,186,,,,,,,"A3",,2
1776570169.000,"89913b","UIA8756 ",24.932587,121.273412,5350,5600,191.9,176,194,0.292,25.63,,0.35,27.07,22.09,-768,-768,,304,12,1012.1,4000,,"4443",-33.3,345,186,,8,0,2,,,"A0",,0
1776570169.000,"899130","UIA8731 ",25.053680,121.320699,10000,10425,273.1,,256,,38.76,,-0.35,,,0,,,,,,,,"4427",-37.4,2114,186,,8,0,2,,,"A0",,0
1776570174.000,"899119","CAL602  ",24.988915,121.109395,,,,,,,,,,,,,,,,,,,,,-37.6,349,186,,,,,,,"A3",,2
1776570174.000,"a20053","N228SK  ",24.890305,121.151479,47000,49075,,,,,,,,,,,,,,,,,,,-38.3,345,186,,,,,,,"A3",,2
1776570174.000,"89913b","UIA8756 ",24.935944,121.275228,5300,5550,191.4,176,194,0.292,26.03,,-0.18,27.07,22.09,-768,-768,,304,12,1012.1,4000,,"4443",-34.3,366,186,,8,0,2,,,"A0",,0
1776570174.000,"899130","UIA8731 ",25.053680,121.320699,10000,10425,273.1,,256,,38.76,,-0.35,,,0,,,,,,,,"4427",-37.4,2115,186,,8,0,2,,,"A0",,0
1776570179.000,"899119","CAL602  ",24.988915,121.109395,,,,,,,,,,,,,,,,,,,,,-37.6,349,186,,,,,,,"A3",,2
1776570179.000,"89913b","UIA8756 ",24.940408,121.277558,5225,5475,191.0,176,194,0.292,25.09,,-1.23,27.07,22.09,-768,-768,,304,12,1012.1,4000,,"4443",-33.8,384,186,,8,0,2,,,"A0",,0
1776570179.000,"899130","UIA8731 ",25.053680,121.320699,10000,10425,273.1,,256,,38.76,,-0.35,,,0,,,,,,,,"4427",-38.0,2121,186,,8,0,2,,,"A0",,0
1776570184.000,"780a67","N/A",24.895889,121.013896,4450,4725,218.0,201,220,0.328,50.40,,-0.53,52.03,48.17,-448,-480,,,,1012.0,4000,,,-36.0,27,186,1,8,1,3,2,2,,,2
1776570184.000,"899119","CAL602  ",24.988915,121.109395,,,,,,,,,,,,,,,,,,,,,-37.6,349,186,,,,,,,"A3",,2
1776570184.000,"89913b","UIA8756 ",24.944737,121.279786,5175,5425,190.6,176,194,0.292,24.82,,-1.23,27.07,22.09,-768,-768,,304,12,1012.1,4000,,"4443",-34.1,400,186,,8,0,2,,,"A0",,0
1776570184.000,"899130","UIA8731 ",25.053680,121.320699,10000,10425,272.7,,256,,38.30,,-0.35,,,64,,,,,,,,"4427",-38.0,2127,186,,8,0,2,,,"A0",,0
1776570189.000,"780a67","N/A",24.895889,121.013896,4450,4725,218.0,201,220,0.328,50.40,,-0.53,52.03,48.17,-448,-480,,,,1012.0,4000,,,-36.9,33,186,1,8,1,3,2,2,,,2
1776570189.000,"89913b","UIA8756 ",24.948462,121.281704,5100,5325,190.1,176,194,0.292,25.22,,-1.23,27.07,22.09,-832,-768,,304,12,1012.1,4000,,"4443",-34.6,421,186,,8,0,2,,,"A0",,0
1776570194.000,"780a67","N/A",24.895889,121.013896,4450,4725,218.0,201,220,0.328,50.40,,-0.53,52.03,48.17,-448,-480,,,,1012.0,4000,,,-37.2,34,186,1,8,1,3,2,2,,,2
1776570194.000,"89913b","UIA8756 ",24.952011,121.283518,5050,5275,190.1,176,194,0.292,25.22,,-1.23,27.07,22.09,-832,-768,,304,12,1012.1,4000,,"4443",-35.3,436,186,,8,0,2,,,"A0",,0
1776570199.000,"780a67","N/A",24.895889,121.013896,4450,4725,218.0,201,220,0.328,50.40,,-0.53,52.03,48.17,-448,-480,,,,1012.0,4000,,,-37.1,39,186,1,8,1,3,2,2,,,2
1776570199.000,"89913b","UIA8756 ",24.956282,121.285694,4975,5200,191.9,176,194,0.292,24.96,,-1.23,27.07,22.09,-832,-768,,304,12,1012.1,4000,,"4443",-33.4,460,186,,8,0,2,,,"A0",,0
1776570204.000,"780a67","N/A",24.895889,121.013896,4300,4575,218.0,201,220,0.328,50.40,,-0.53,52.03,48.17,-448,-480,,,,1012.0,4000,,"3312",-37.0,41,186,1,8,1,3,2,2,,,2
1776570204.000,"89913b","UIA8756 ",24.960571,121.287893,4900,5125,193.7,176,194,0.292,24.71,,-1.23,27.07,22.09,-832,-768,,304,12,1012.1,4000,,"4443",-33.9,478,186,,8,0,2,,,"A0",,0
1776570209.000,"780a67","N/A",24.895889,121.013896,4300,4575,218.0,201,220,0.328,50.40,,-0.53,52.03,48.17,-448,-480,,,,1012.0,4000,,"3312",-37.0,41,186,1,8,1,3,2,2,,,2
1776570209.000,"89913b","UIA8756 ",24.964708,121.289995,4825,5050,196.0,176,194,0.292,24.73,,-1.23,27.07,22.09,-832,-768,,,,1012.1,4000,,"4443",-34.5,514,186,,8,0,2,,,"A0",,0
1776570214.000,"780a67","N/A",24.895889,121.013896,4300,4575,218.0,201,220,0.328,50.40,,-0.53,52.03,48.17,-448,-480,,,,1012.0,4000,,"3312",-37.0,41,186,1,8,1,3,2,2,,,2
1776570214.000,"89913b","UIA8756 ",24.969224,121.292224,4750,4975,200.0,181,200,0.300,24.52,,0.53,27.42,22.43,-768,-768,,302,8,1012.1,4000,,"4443",-36.7,553,186,,8,0,2,,,"A0",,0
1776570219.000,"780a67","N/A",24.918808,121.043269,4125,4375,204.1,201,220,0.328,48.97,,-0.53,52.03,48.17,-576,-480,,,,1012.0,4000,,"3312",-36.7,44,186,1,8,1,3,2,2,,,2
1776570219.000,"89913b","UIA8756 ",24.973526,121.294403,4700,4925,202.7,185,200,0.304,24.79,,0.53,27.77,22.78,-768,-768,,302,8,1012.1,4000,,"4443",-34.0,606,186,,8,0,2,,,"A0",,0
1776570224.000,"780a67","N/A",24.920700,121.045634,4100,4350,204.1,201,220,0.328,48.97,,-0.53,52.03,48.17,-576,-480,,,,1012.0,4000,,"3312",-36.7,46,186,1,8,1,3,2,2,,,2
1776570224.000,"89913b","UIA8756 ",24.977234,121.296285,4625,4825,206.2,188,204,0.308,24.95,,0.88,28.12,23.13,-768,-768,,298,6,1012.1,4000,,"4443",-34.8,666,186,,8,0,2,,,"A0",,0
1776570229.000,"780a67","N/A",24.920700,121.045634,4100,4350,204.1,201,220,0.328,48.97,,-0.53,52.03,48.17,-576,-480,,,,1012.0,4000,,"3312",-36.9,52,186,1,8,1,3,2,2,,,2
1776570229.000,"89913b","UIA8756 ",24.981886,121.298701,4575,4775,208.5,189,206,0.312,24.97,,0.35,28.30,23.31,-768,-800,,292,6,1012.1,4000,,"4443",-36.4,724,186,,8,0,2,,,"A0",,0
1776570234.000,"780a67","N/A",24.920700,121.045634,4100,4350,204.1,201,220,0.328,48.97,,-0.53,52.03,48.17,-576,-480,,,,1012.0,4000,,"3312",-37.2,54,186,1,8,1,3,2,2,,,2
1776570234.000,"89913b","UIA8756 ",24.986389,121.300964,4500,4700,211.6,189,206,0.312,24.87,,0.35,28.30,23.31,-832,-800,,292,6,1012.1,3200,,"4443",-36.4,756,186,,8,0,2,,,"A0",,0
1776570239.000,"780a67","N/A",24.920700,121.045634,4100,4350,204.1,201,220,0.328,48.97,,-0.53,52.03,48.17,-576,-480,,,,1012.0,4000,,"3312",-37.2,55,186,1,8,1,3,2,2,,,2
1776570239.000,"89913b","UIA8756 ",24.989614,121.302640,4450,4650,214.8,189,206,0.312,24.78,,0.35,28.30,23.31,-768,-800,,292,6,1012.1,3200,,"4443",-37.1,772,186,,8,0,2,,,"A0",,0
1776570244.000,"780a67","N/A",24.933609,121.062012,3800,4050,207.7,,,,49.10,,,,,-1088,,,,,1012.0,4000,,"3312",-37.8,61,186,1,8,1,3,,,,,2
1776570244.000,"89913b","UIA8756 ",24.995361,121.305542,4350,4550,217.0,189,206,0.312,24.79,,0.35,28.30,23.31,-832,-800,,292,6,1012.1,3200,,"4443",-36.4,796,186,,8,0,2,,,"A0",,0
1776570249.000,"780a67","N/A",24.935486,121.064402,3725,3975,208.4,,204,,48.89,,0.35,,,-1088,,,,,1012.0,4000,,"3312",-37.3,74,186,1,8,1,3,,,,,2
1776570249.000,"89913b","UIA8756 ",24.999948,121.307874,4300,4500,218.3,199,216,0.324,24.92,,0.53,28.12,23.13,-768,-800,,292,6,1012.1,3200,,"4443",-35.2,840,186,,8,0,2,,,"A0",,0
1776570254.000,"780a67","N/A",24.935486,121.064402,3725,3975,208.4,,204,,48.89,,0.35,,,-1088,,,,,1012.0,4000,,"3312",-37.6,78,186,1,8,1,3,,,,,2
1776570254.000,"89913b","UIA8756 ",25.004562,121.310221,4250,4450,218.3,199,216,0.324,24.92,,0.53,28.12,23.13,-640,-800,,292,6,1012.1,3200,,"4443",-36.0,893,186,,8,0,2,,,"A0",,0
1776570259.000,"780a67","N/A",24.943130,121.074015,3525,3775,208.4,191,204,0.308,48.89,,0.35,51.68,46.73,-1088,-1056,,,,,,,"3312",-37.1,88,186,,,1,,,,,,2
1776570259.000,"89913b","UIA8756 ",25.008886,121.312434,4175,4375,217.4,199,216,0.324,25.03,,0.53,28.12,23.13,-704,-800,,292,6,1012.1,3200,,"4443",-35.5,945,186,,8,0,2,,,"A0",,0
1776570264.000,"780a67","N/A",24.946879,121.078768,3425,3650,208.4,191,204,0.308,48.89,,0.35,51.68,46.73,-1088,-1056,,,,1012.0,3008,,"3312",-36.5,103,186,1,8,1,3,,,,,2
1776570264.000,"89913b","UIA8756 ",25.013809,121.315002,4100,4300,216.5,199,216,0.324,25.14,,0.53,28.12,23.13,-832,-800,,,,1012.1,3200,,"4443",-36.6,983,186,,8,0,2,,,"A0",,0
1776570269.000,"780a67","N/A",24.946879,121.078768,3425,3650,208.4,191,204,0.308,48.89,,0.35,51.68,46.73,-1088,-1056,,,,1012.0,3008,,"3312",-37.0,109,186,1,8,1,3,,,,,2
1776570269.000,"89913b","UIA8756 ",25.018150,121.317202,4050,4225,215.2,199,216,0.324,25.02,,0.53,28.12,23.13,-768,-800,,,,1012.1,3200,,"4443",-36.2,1010,186,,8,0,2,,,"A0",,0
1776570274.000,"780a67","N/A",24.953201,121.086782,3225,3450,208.4,191,204,0.308,48.89,,0.35,51.68,46.73,-1152,-1056,,,,1012.0,3008,,"3312",-37.4,112,186,1,8,1,3,,,,,2
1776570274.000,"89913b","UIA8756 ",25.022232,121.319326,4000,4175,213.0,199,216,0.324,25.00,,0.53,28.12,23.13,-832,-800,,,,1012.1,3200,,"4443",-35.9,1028,186,,8,0,2,,,"A0",,0
1776570280.000,"780a67","N/A",24.956515,121.090894,3150,3375,209.1,191,204,0.308,49.07,,0.35,51.68,46.73,-1088,-1056,,,,1012.0,3008,,"3312",-37.3,129,186,1,8,1,3,,,,,2
1776570280.000,"89913b","UIA8756 ",25.027088,121.321762,3925,4100,211.6,199,216,0.324,24.87,,0.53,28.12,23.13,-832,-800,,,,1012.1,3200,,"4443",-36.2,1044,186,,8,0,2,,,"A0",,0
1776570285.000,"780a67","CPA494  ",24.960239,121.095662,3050,3250,209.9,195,206,0.312,49.25,,0.35,52.73,47.77,-1088,-1088,,299,6,1012.0,3008,,"3312",-35.5,165,186,1,8,1,3,,,,,2
1776570285.000,"89913b","UIA8756 ",25.028950,121.322747,3900,4075,211.6,199,216,0.324,24.87,,0.53,28.12,23.13,-832,-800,,,,1012.1,3200,,"4443",-36.3,1045,186,,8,0,2,,,"A0",,0
1776570290.000,"780a67","CPA494  ",24.963032,121.099237,2950,3150,209.2,195,206,0.312,49.46,,0.35,52.73,47.77,-1152,-1088,,299,6,1012.0,3008,,"3312",-37.4,182,186,1,8,1,3,,,,,2
1776570290.000,"89913b","UIA8756 ",25.028950,121.322747,3900,4075,211.6,199,216,0.324,24.87,,0.53,28.12,23.13,-832,-800,,,,1012.1,3200,,"4443",-36.3,1045,186,,8,0,2,,,"A0",,0
1776570295.000,"780a67","CPA494  ",24.966896,121.104161,2850,3050,209.1,195,206,0.308,49.07,,0.18,52.73,47.77,-1088,-1056,,285,6,1012.0,3008,,"3312",-35.3,214,186,1,8,1,3,2,2,,,2
1776570295.000,"89913b","UIA8756 ",25.028950,121.322747,3900,4075,211.6,199,216,0.324,24.87,,0.53,28.12,23.13,-832,-800,,,,1012.1,3200,,"4443",-36.3,1045,186,,8,0,2,,,"A0",,0
1776570300.000,"780a67","CPA494  ",24.970230,121.108348,2750,2950,207.7,195,208,0.308,49.10,,0.00,52.56,47.59,-1088,-1120,,305,5,1012.0,3008,,"3312",-36.3,257,186,1,8,1,3,2,2,,,2
1776570300.000,"89913b","UIA8756 ",25.028950,121.322747,3900,4075,211.6,199,216,0.324,24.87,,0.53,28.12,23.13,-832,-800,,,,1012.1,3200,,"4443",-36.3,1045,186,,8,0,2,,,"A0",,0
1776570305.000,"780a67","CPA494  ",24.972839,121.111705,2675,2875,207.7,195,206,0.308,49.10,,0.18,52.73,47.77,-1152,-1152,,305,5,1012.0,3008,,"3312",-36.5,285,186,1,8,1,3,2,2,"A5",,2
1776570305.000,"89913b","UIA8756 ",25.028950,121.322747,3900,4075,211.6,,216,,24.87,,0.53,,,-832,,,,,1012.1,3200,,"4443",-36.3,1045,186,,8,0,2,,,"A0",,0
1776570310.000,"780a67","CPA494  ",24.974764,121.114162,2600,2800,207.7,192,206,0.304,49.10,,0.18,52.56,47.59,-1152,-1120,,305,5,1012.0,3008,,"3312",-37.0,293,186,1,8,1,3,2,2,"A5",,2
1776570310.000,"89913b","UIA8756 ",25.028950,121.322747,3900,4075,211.6,,,,24.87,,,,,-832,,,,,1012.1,3200,,"4443",-36.3,1045,186,,8,0,2,,,"A0",,0
1776570315.000,"780a67","CPA494  ",24.974764,121.114162,2600,2800,207.7,192,206,0.304,49.10,,0.18,52.56,47.59,-1152,-1120,,305,5,1012.0,3008,,"3312",-37.1,294,186,1,8,1,3,2,2,"A5",,2
1776570315.000,"89913b","UIA8756 ",25.028950,121.322747,3900,4075,211.6,,,,24.87,,,,,-832,,,,,,,,,-36.3,1045,186,,8,0,2,,,"A0",,0
1776570320.000,"780a67","CPA494  ",24.974764,121.114162,2600,2800,207.7,192,206,0.304,49.10,,0.18,52.56,47.59,-1152,-1120,,305,5,1012.0,3008,,"3312",-37.5,298,186,1,8,1,3,2,2,"A5",,2
1776570320.000,"89913b","UIA8756 ",25.028950,121.322747,3900,4075,211.6,,,,24.87,,,,,-832,,,,,,,,,-36.3,1045,186,,8,0,2,,,"A0",,0
1776570325.000,"780a67","CPA494  ",24.974764,121.114162,2600,2775,197.8,192,206,0.304,49.30,,0.18,52.56,47.59,-1088,-1120,,305,5,1012.0,3008,,"3312",-37.8,300,186,1,8,1,3,2,2,"A5",,2
1776570325.000,"89913b","UIA8756 ",25.028950,121.322747,3900,4075,211.6,,,,24.87,,,,,-832,,,,,,,,,-36.3,1045,186,,8,0,2,,,"A0",,0
1776570330.000,"780a67","CPA494  ",24.974764,121.114162,2600,2775,197.8,192,206,0.304,49.30,,0.18,52.56,47.59,-1088,-1120,,305,5,1012.0,3008,,"3312",-37.8,300,186,1,8,1,3,2,2,"A5",,2
1776570330.000,"89913b","UIA8756 ",25.028950,121.322747,3900,4075,211.6,,,,24.87,,,,,-832,,,,,,,,,-36.3,1045,186,,8,0,2,,,"A0",,0
1776570335.000,"780a67","CPA494  ",24.974764,121.114162,2600,2775,197.8,192,206,0.304,49.30,,0.18,52.56,47.59,-1088,-1120,,305,5,1012.0,3008,,"3312",-37.8,300,186,1,8,1,3,2,2,"A5",,2
1776570335.000,"89913b","UIA8756 ",25.028950,121.322747,3900,4075,211.6,,,,24.87,,,,,-832,,,,,,,,,-36.3,1045,186,,8,0,2,,,"A0",,0
1776570340.000,"780a67","CPA494  ",24.974764,121.114162,2600,2775,197.8,192,206,0.304,49.30,,0.18,52.56,47.59,-1088,-1120,,305,5,1012.0,3008,,"3312",-37.8,300,186,1,8,1,3,2,2,"A5",,2
1776570340.000,"89913b","UIA8756 ",25.028950,121.322747,3900,4075,,,,,,,,,,,,,,,,,,,-36.3,1045,186,,8,,2,,,"A0",,0
1776570345.000,"780a67","CPA494  ",24.974764,121.114162,2600,2775,197.8,192,206,0.304,49.30,,0.18,52.56,47.59,-1088,-1120,,305,5,1012.0,3008,,"3312",-37.8,300,186,1,8,1,3,2,2,"A5",,2
1776570350.000,"781f39","CSZ9071 ",24.907263,121.005905,4025,4275,219.1,,218,,49.26,0.09,1.05,,,0,,,,,1012.0,4000,,"3143",-35.2,35,186,1,8,1,3,2,3,"A3",,2
1776570350.000,"780a67","CPA494  ",24.974764,121.114162,2600,2775,197.8,192,206,0.304,49.30,,0.18,52.56,47.59,-1088,-1120,,305,5,1012.0,3008,,"3312",-37.8,300,186,1,8,1,3,2,2,"A5",,2
1776570355.000,"781f39","CSZ9071 ",24.911359,121.011139,4025,4275,219.2,,218,,49.63,0.09,1.05,,,0,,,,,1012.0,4000,,"3143",-35.5,49,186,1,8,1,3,2,3,"A3",,2
1776570355.000,"780a67","CPA494  ",24.974764,121.114162,2600,2775,197.8,192,206,0.304,49.30,,0.18,52.56,47.59,-1088,-1120,,305,5,1012.0,3008,,,-37.8,300,186,1,8,1,3,2,2,"A5",,2
1776570360.000,"781f39","CSZ9071 ",24.913361,121.013731,4025,4275,219.2,,218,,49.63,0.09,1.05,,,0,,,,,1012.0,4000,,"3143",-35.0,56,186,1,8,1,3,2,3,"A3",,2
1776570360.000,"780a67","CPA494  ",24.974764,121.114162,2600,2775,197.8,192,206,0.304,49.30,,0.18,52.56,47.59,-1088,-1120,,,,1012.0,3008,,,-37.8,300,186,1,8,1,3,2,2,"A5",,2
1776570365.000,"781f39","CSZ9071 ",24.914758,121.015544,4025,4275,217.7,,218,,49.28,0.09,1.05,,,64,,,,,1012.0,4000,,"3143",-35.1,62,186,1,8,1,3,2,3,"A3",,2
1776570365.000,"780a67","CPA494  ",24.974764,121.114162,2600,2775,197.8,192,,0.304,49.30,,,52.56,47.59,-1088,-1120,,,,,,,,-37.8,300,186,1,8,1,3,2,2,"A5",,2
1776570370.000,"781f39","CSZ9071 ",24.920471,121.022593,4050,4300,214.0,,218,,48.79,0.09,1.05,,,384,,,,,1012.0,4000,,"3143",-36.0,80,186,1,8,1,3,2,3,"A3",,2
1776570375.000,"781f39","CSZ9071 ",24.920471,121.022593,4050,4300,214.0,,218,,48.79,0.09,1.05,,,384,,,,,1012.0,4000,,"3143",-36.0,80,186,1,8,1,3,2,3,"A3",,2
1776570380.000,"781f39","CSZ9071 ",24.920471,121.022593,4050,4300,214.0,,218,,48.79,0.09,1.05,,,384,,,,,1012.0,4000,,"3143",-36.0,80,186,1,8,1,3,2,3,"A3",,2
1776570385.000,"781f39","CSZ9071 ",24.920471,121.022593,4050,4300,214.0,,218,,48.79,0.09,1.05,,,384,,,,,1012.0,4000,,"3143",-36.0,80,186,1,8,1,3,2,3,"A3",,2
1776570390.000,"781f39","CSZ9071 ",24.932913,121.038398,4025,4275,197.4,181,196,0.292,50.34,0.00,-0.18,54.32,49.37,-512,-480,,,,1012.0,4000,,"3143",-35.9,91,186,1,8,1,3,2,3,"A3",,2
1776570395.000,"781f39","CSZ9071 ",24.935706,121.042077,3975,4225,198.1,181,196,0.292,50.12,0.00,-0.18,54.32,49.37,-704,-480,,,,1012.0,4000,,"3143",-35.9,104,186,1,8,1,3,2,3,"A3",,2
1776570400.000,"781f39","CSZ9071 ",24.935706,121.042077,3975,4225,198.6,181,196,0.296,49.49,0.00,-0.18,52.73,47.78,-768,-800,,,,1012.0,4000,,"3143",-37.0,114,186,1,8,1,3,2,3,"A3",,2
1776570405.000,"781f39","CSZ9071 ",24.935706,121.042077,3975,4225,197.7,181,196,0.296,48.90,0.00,-0.18,52.73,47.78,-704,-800,,,,1012.0,4000,,"3143",-36.5,124,186,1,8,1,3,2,3,"A3",,2
1776570410.000,"781f39","CSZ9071 ",24.944179,121.052805,3800,4050,197.0,181,196,0.296,48.70,0.00,-0.18,52.73,47.78,-768,-800,,,,1012.0,4000,,"3143",-36.6,128,186,1,8,1,3,2,3,"A3",,2
1776570415.000,"781f39","CSZ9071 ",24.948303,121.057943,3700,3925,196.3,181,192,0.296,48.92,0.00,0.00,52.73,47.78,-832,-800,,,,1012.0,3008,,"3143",-36.3,141,186,1,8,1,3,2,3,"A3",,2
1776570420.000,"781f39","CSZ9071 ",24.951022,121.061355,3650,3900,196.3,180,192,0.292,48.92,0.00,0.00,52.03,47.08,-960,-928,,,,1012.0,3008,,"3143",-36.0,170,186,1,8,1,3,2,3,"A3",,2
1776570425.000,"781f39","CSZ9071 ",24.954071,121.065165,3550,3775,197.0,180,194,0.292,48.70,0.03,0.00,51.68,46.72,-960,-960,,294,7,1012.0,3008,,"3143",-35.1,196,186,1,8,1,3,2,3,"A3",,2
1776570430.000,"781f39","CSZ9071 ",24.957260,121.069129,3475,3700,197.0,181,194,0.292,48.70,0.03,0.00,51.86,46.90,-1024,-1024,,294,7,1012.0,3008,,"3143",-35.0,217,186,1,8,1,3,2,3,"A3",,2
1776570435.000,"781f39","CSZ9071 ",24.959747,121.072235,3400,3625,196.3,181,194,0.292,48.92,0.09,0.70,51.86,46.90,-1088,-1024,,294,7,1012.0,3008,,"3143",-35.7,245,186,1,8,1,3,2,3,"A3",,2
1776570440.000,"781f39","CSZ9071 ",24.963079,121.076487,3300,3525,196.3,181,194,0.292,48.92,0.09,0.70,51.86,46.90,-1088,-1024,,294,7,1012.0,3008,,"3143",-34.6,268,186,1,8,1,3,2,3,"A3",,2
1776570445.000,"781f39","CSZ9071 ",24.965836,121.079915,3200,3425,195.7,181,192,0.288,49.14,0.06,0.70,51.86,46.89,-1088,-1088,,292,8,1012.0,3008,,"3143",-35.4,322,186,1,8,1,3,2,3,"A3",,2
1776570450.000,"781f39","CSZ9071 ",24.969177,121.084188,3125,3350,195.7,181,192,0.288,49.14,-0.16,-0.53,52.03,47.07,-1024,-1024,,291,8,1012.0,3008,,"3143",-32.9,367,186,1,8,1,3,2,3,"A3",,2
1776570455.000,"781f39","CSZ9071 ",24.971924,121.087646,3025,3225,195.7,182,194,0.292,49.14,0.03,1.58,53.26,48.30,-1088,-1088,,289,3,1012.0,3008,,"3143",-35.8,415,186,1,8,1,3,2,3,"A3",,2
1776570460.000,"781f39","CSZ9071 ",24.974670,121.091205,2950,3150,194.4,182,192,0.288,49.59,0.06,0.70,53.79,48.82,-1088,-1088,,290,2,1012.0,3008,,"3143",-34.6,476,186,1,8,1,3,2,3,"A3",,2
1776570465.000,"781f39","CSZ9071 ",24.977557,121.094884,2850,3050,193.7,180,190,0.288,49.82,0.03,0.00,53.61,48.65,-1024,-1056,,276,5,1012.0,3008,,"3143",-34.1,532,186,1,8,1,3,2,3,"A3",,2
1776570470.000,"781f39","CSZ9071 ",24.980759,121.099040,2775,2975,193.0,180,190,0.284,49.62,-0.09,-1.05,53.44,48.47,-1024,-960,,282,5,1012.0,3008,,"3143",-34.4,591,186,1,8,1,3,2,3,"A3",,2
1776570475.000,"781f39","CSZ9071 ",24.983702,121.102813,2675,2875,191.4,180,190,0.284,49.24,-0.06,-0.88,53.09,48.12,-1024,-1024,,292,5,1012.0,3008,,"3143",-35.5,627,186,1,8,1,3,2,3,"A3",,2
1776570480.000,"781f39","CSZ9071 ",24.986588,121.106389,2600,2800,189.9,179,188,0.284,48.84,-0.09,0.53,53.09,48.11,-960,-992,,277,4,1012.0,3008,,"3143",-35.3,679,186,1,8,1,3,2,3,"A3",,2
1776570485.000,"781f39","CSZ9071 ",24.989456,121.110026,2525,2700,189.3,179,188,0.284,49.07,-0.09,0.53,53.09,48.11,-960,-992,,277,4,1012.0,3008,,"3143",-36.2,699,186,1,8,1,3,2,3,"A3",,2
1776570490.000,"781f39","CSZ9071 ",24.991802,121.113074,2450,2625,184.4,173,188,0.272,49.40,-0.09,0.53,53.44,48.46,-896,-864,,277,4,1012.0,3008,,"3143",-36.3,716,186,1,8,1,3,2,3,"A3",,2
1776570495.000,"781f39","CSZ9071 ",24.994641,121.116650,2400,2550,179.4,171,180,0.272,49.29,-0.41,0.00,53.61,48.64,-960,-928,,316,1,1012.0,3008,,"3143",-35.4,743,186,1,8,1,3,2,3,"A3",,2
1776570500.000,"781f39","CSZ9071 ",24.995805,121.118153,2350,2500,177.9,171,180,0.272,48.87,-0.41,0.00,53.61,48.64,-960,-928,,316,1,1012.0,3008,,"3143",-36.1,758,186,1,8,1,3,2,3,"A3",,2
1776570505.000,"781f39","CSZ9071 ",24.998566,121.121623,2275,2425,174.4,171,180,0.272,49.18,-0.41,0.00,53.61,48.64,-960,-928,,316,1,1012.0,3008,,"3143",-36.5,775,186,1,8,1,3,2,3,"A3",,2
1776570510.000,"781f39","CSZ9071 ",24.998566,121.121623,2275,2425,174.4,171,180,0.272,49.18,-0.41,0.00,53.61,48.64,-960,-928,,316,1,1012.0,3008,,"3143",-36.5,775,186,1,8,1,3,2,3,"A3",,2
1776570515.000,"781f39","CSZ9071 ",24.998566,121.121623,2275,2425,174.4,171,180,0.272,49.18,-0.41,0.00,53.61,48.64,-960,-928,,316,1,1012.0,3008,,"3143",-36.5,775,186,1,8,1,3,2,3,"A3",,2
1776570520.000,"781f39","CSZ9071 ",24.998566,121.121623,2275,2425,174.4,171,180,0.272,49.18,-0.41,0.00,53.61,48.64,-960,-928,,316,1,1012.0,3008,,"3143",-36.5,775,186,1,8,1,3,2,3,"A3",,2
1776570525.000,"781f39","CSZ9071 ",24.998566,121.121623,2275,2425,174.4,171,180,0.272,49.18,-0.41,0.00,53.61,48.64,-960,-928,,316,1,1012.0,3008,,"3143",-36.5,775,186,1,8,1,3,2,3,"A3",,2
1776570530.000,"781f39","CSZ9071 ",24.998566,121.121623,2275,2425,174.4,171,180,0.272,49.18,-0.41,0.00,53.61,48.64,-960,-928,,316,1,1012.0,3008,,"3143",-36.5,775,186,1,8,1,3,2,3,"A3",,2
1776570535.000,"781f39","CSZ9071 ",24.998566,121.121623,2275,2425,174.4,171,180,0.272,49.18,-0.41,0.00,53.61,48.64,-960,-928,,316,1,1012.0,3008,,"3143",-36.5,775,186,1,8,1,3,2,3,"A3",,2
1776570540.000,"781f39","CSZ9071 ",24.998566,121.121623,2275,2425,174.4,171,180,0.272,49.18,-0.41,0.00,53.61,48.64,-960,-928,,316,1,1012.0,3008,,,-36.5,775,186,1,8,1,3,2,3,"A3",,2
1776570545.000,"781f39","CSZ9071 ",24.998566,121.121623,2275,2425,174.4,171,180,0.272,49.18,-0.41,0.00,53.61,48.64,-960,-928,,316,1,1012.0,3008,,,-36.5,775,186,1,8,1,3,2,3,"A3",,2
1776570550.000,"781f39","CSZ9071 ",24.998566,121.121623,2275,2425,174.4,171,180,0.272,49.18,-0.41,0.00,53.61,48.64,-960,-928,,316,1,1012.0,3008,,,-36.5,775,186,1,8,1,3,2,3,"A3",,2
1776570555.000,"781f39","CSZ9071 ",24.998566,121.121623,2275,2425,174.4,,,,49.18,,,,,-960,,,,,1012.0,3008,,,-36.5,775,186,1,8,1,3,2,3,"A3",,2
1776570560.000,"781f39","CSZ9071 ",24.998566,121.121623,2275,2425,174.4,,,,49.18,,,,,-960,,,,,,,,,-36.5,775,186,1,8,1,3,2,3,"A3",,2
1776570565.000,"78214e","DKH1309 ",24.953955,121.057417,3175,3375,222.2,202,216,0.324,92.32,-2.19,-23.55,102.83,98.97,-768,-704,,,,1012.0,2016,,"7400",-35.1,66,186,1,9,2,3,2,3,,,2
1776570570.000,"78214e","DKH1309 ",24.954327,121.062133,3125,3350,222.4,202,216,0.324,83.55,-1.00,-11.43,102.83,98.97,-640,-704,,,,1012.0,2016,,"7400",-36.7,97,186,1,9,2,3,2,3,,,2
1776570570.000,"780aa6","CRK617  ",24.953815,121.233561,31975,33600,398.7,,,,229.68,,,,,0,,,,,1012.8,32000,,"3760",-37.0,12,186,1,8,1,2,,,,,0
1776570575.000,"78214e","DKH1309 ",24.955305,121.068299,3050,3275,222.0,202,216,0.324,79.09,-1.00,-11.43,102.83,98.97,-704,-704,,,,1012.0,2016,,"7400",-36.1,113,186,1,9,2,3,2,3,,,2
1776570575.000,"780aa6","CRK617  ",24.947717,121.225684,32000,33625,398.7,,454,,229.68,-0.03,-0.35,,,64,,,,,1012.8,32000,,"3760",-35.6,43,186,1,8,1,3,2,3,"A3",,2
1776570580.000,"78214e","DKH1309 ",24.956360,121.073558,3000,3200,219.8,202,216,0.324,76.85,-1.00,-11.43,102.83,98.97,-704,-704,,,,1012.0,2016,,"7400",-35.9,135,186,1,9,2,3,2,3,"A3",,2
1776570580.000,"780aa6","CRK617  ",24.941851,121.218118,32000,33625,398.0,277,454,0.764,229.59,-0.03,-0.35,238.01,233.05,64,64,,,,1012.8,32000,,"3760",-35.6,80,186,1,8,1,3,2,3,"A3",,2
1776570585.000,"78214e","DKH1309 ",24.957550,121.078898,2975,3175,213.4,202,216,0.324,75.90,-1.00,-11.43,102.83,98.97,128,-704,,,,1012.0,2016,,"7400",-34.2,155,186,1,9,2,3,2,3,"A3",,2
1776570585.000,"780aa6","CRK617  ",24.936032,121.210604,32000,33625,398.0,275,454,0.760,229.59,0.00,0.00,238.54,233.58,64,32,,258,65,1012.8,32000,,"3760",-34.3,149,186,1,8,1,3,2,3,"A3",,2
1776570590.000,"78214e","DKH1309 ",24.958936,121.084831,2975,3175,206.4,202,216,0.324,75.69,-1.00,-11.43,102.83,98.97,-192,-704,,,,1012.0,2016,,"7400",-34.6,185,186,1,9,2,3,2,3,"A3",,2
1776570590.000,"780aa6","CRK617  ",24.929980,121.202830,32000,33625,397.3,275,454,0.760,229.70,0.00,0.35,238.71,233.76,64,96,,260,64,1012.8,32000,,"3760",-32.8,221,186,1,8,1,3,2,3,"A3",,2
1776570595.000,"78214e","DKH1309 ",24.960114,121.089427,2950,3150,202.1,187,198,0.296,72.73,-1.44,-15.29,76.64,71.68,-576,-544,,307,9,1012.0,2016,,"7400",-33.1,224,186,1,9,2,3,2,3,"A3",,2
1776570595.000,"780aa6","CRK617  ",24.924022,121.195109,32025,33650,398.1,274,454,0.756,229.79,0.00,-0.18,239.06,234.11,0,32,,262,64,1012.8,32000,,"3760",-31.6,294,186,1,8,1,3,2,3,"A3",,2
1776570600.000,"78214e","DKH1309 ",24.961822,121.094003,2900,3100,197.3,183,198,0.292,64.47,-1.44,-15.29,67.68,62.71,-512,-544,,307,9,1012.0,2016,,"7400",-34.0,281,186,1,9,2,3,2,3,"A3",,2
1776570600.000,"780aa6","CRK617  ",24.917970,121.187232,32025,33650,398.1,275,452,0.760,229.79,-0.06,0.00,239.06,234.11,0,0,,263,63,1012.8,32000,,"3760",-31.8,379,186,1,8,1,3,2,3,"A3",,2
1776570605.000,"78214e","DKH1309 ",24.964096,121.098378,2850,3050,192.8,182,192,0.288,57.71,-1.06,-10.37,64.69,59.72,-512,-512,,307,9,1012.0,2016,,"7400",-33.8,327,186,1,9,2,3,2,3,"A3",,2
1776570605.000,"780aa6","CRK617  ",24.911728,121.179148,32000,33625,398.7,275,454,0.760,229.68,-0.06,-0.18,238.89,233.94,-64,-32,,262,64,1012.8,32000,,"3760",-31.5,465,186,1,8,1,3,2,3,"A3",,2
1776570610.000,"78214e","DKH1309 ",24.966850,121.102710,2800,3000,189.0,182,186,0.288,54.04,-0.47,-4.57,64.69,59.72,-576,-512,,307,9,1012.0,2016,,"7400",-33.3,393,186,1,9,2,3,2,3,"A3",,2
1776570610.000,"780aa6","CRK617  ",24.905640,121.171265,32000,33625,398.7,275,454,0.760,229.68,-0.03,-0.18,238.89,233.94,0,-32,,262,63,1012.8,32000,,"3760",-31.9,547,186,1,8,1,3,2,3,"A3",,2
1776570615.000,"78214e","DKH1309 ",24.969457,121.106544,2750,2950,184.8,182,186,0.288,52.70,-0.47,-4.57,64.69,59.72,-768,-512,,307,9,1012.0,3008,,"7400",-33.8,446,186,1,9,2,3,2,3,"A3",,2
1776570615.000,"780aa6","CRK617  ",24.899780,121.163737,32000,33625,399.4,276,456,0.764,229.57,0.00,-0.53,238.36,233.42,0,0,,259,62,1012.8,32000,,"3760",-33.0,614,186,1,8,1,3,2,3,"A3",,2
1776570620.000,"78214e","DKH1309 ",24.971558,121.109467,2700,2900,181.5,171,186,0.272,51.49,-0.47,-4.57,55.20,50.23,-896,-896,,307,9,1012.0,3008,,"7400",-34.2,490,186,1,9,2,3,2,3,"A3",,2
1776570620.000,"780aa6","CRK617  ",24.893949,121.156190,32000,33625,399.4,274,452,0.756,229.57,-0.03,-0.18,238.18,233.24,0,0,,258,61,1012.8,32000,,"3760",-32.9,689,186,1,8,1,3,2,3,"A3",,2
1776570625.000,"78214e","DKH1309 ",24.973892,121.112620,2625,2825,180.5,171,186,0.272,50.84,-0.47,-4.57,54.84,49.88,-896,-864,,307,9,1012.0,3008,,"7400",-36.0,516,186,1,9,2,3,2,3,"A3",,2
1776570625.000,"780aa6","CRK617  ",24.887970,121.148529,32000,33625,399.3,275,454,0.760,229.37,-0.09,0.00,238.54,233.60,64,32,,260,62,1012.8,32000,,"3760",-32.5,757,186,1,8,1,3,2,3,"A3",,2
1776570630.000,"78214e","DKH1309 ",24.973892,121.112620,2625,2825,179.0,171,186,0.272,50.44,-0.47,-4.57,54.84,49.88,-960,-864,,307,9,1012.0,3008,,"7400",-36.3,518,186,1,9,2,3,2,3,"A3",,2
1776570630.000,"780aa6","CRK617  ",24.881744,121.140594,32025,33650,400.0,275,454,0.760,229.46,0.06,0.70,238.54,233.60,0,32,,261,63,1012.8,32000,,"3760",-33.3,828,186,1,8,1,3,2,3,"A3",,2
1776570635.003,"78214e","DKH1309 ",24.973892,121.112620,2625,2825,178.2,171,186,0.272,50.24,-0.47,-4.57,54.84,49.88,-960,-864,,307,9,1012.0,3008,,"7400",-36.4,522,186,1,9,2,3,2,3,"A3",,2
1776570635.003,"780aa6","CRK617  ",24.875381,121.132456,32025,33650,400.0,275,454,0.760,229.46,-0.09,-1.05,238.36,233.42,0,64,,259,63,1012.8,32000,,"3760",-34.9,886,186,1,8,1,3,2,3,"A3",,2
1776570640.000,"78214e","DKH1309 ",24.982258,121.123594,2400,2600,175.2,167,176,0.264,49.40,-0.09,-0.70,53.09,48.11,-960,-928,,320,5,1012.0,3008,,"7400",-34.8,544,186,1,9,2,3,2,3,"A3",,2
1776570640.000,"780aa6","CRK617  ",24.870673,121.126392,32025,33650,400.0,275,454,0.764,229.46,-0.09,-1.05,238.71,233.78,0,0,,259,63,1012.8,32000,,"3760",-36.5,929,186,1,8,1,3,2,3,"A3",,2
1776570645.000,"78214e","DKH1309 ",24.984446,121.126392,2325,2525,173.0,167,176,0.264,49.22,-0.09,-0.70,53.09,48.11,-896,-928,,320,5,1012.0,3008,,"7400",-35.7,558,186,1,9,2,3,2,3,"A3",,2
1776570645.000,"780aa6","CRK617  ",24.870673,121.126392,32025,33650,400.0,275,454,0.764,229.46,0.06,0.70,238.71,233.78,64,0,,259,63,1012.8,32000,,"3760",-37.5,939,186,1,8,1,3,2,3,"A3",,2
1776570650.000,"780aa6","CRK617  ",24.870673,121.126392,32025,33650,400.0,275,454,0.764,229.46,0.06,0.70,238.71,233.78,64,0,,259,63,1012.8,32000,,"3760",-37.5,939,186,1,8,1,3,2,3,"A3",,2
1776570650.000,"78214e","DKH1309 ",24.985424,121.127636,2300,2500,173.0,167,176,0.264,49.22,-0.09,-0.70,53.09,48.11,-896,-928,,320,5,1012.0,3008,,"7400",-35.8,559,186,1,9,2,3,2,3,"A3",,2
1776570655.000,"780aa6","CRK617  ",24.870673,121.126392,32025,33650,400.0,275,454,0.764,229.46,0.06,0.70,238.71,233.78,64,0,,259,63,1012.8,32000,,"3760",-37.7,940,186,1,8,1,3,2,3,"A3",,2
1776570655.000,"78214e","DKH1309 ",24.985424,121.127636,2300,2500,173.0,167,176,0.264,49.22,-0.09,-0.70,53.09,48.11,-896,-928,,320,5,1012.0,3008,,"7400",-35.8,559,186,1,9,2,3,2,3,"A3",,2
1776570660.000,"780aa6","CRK617  ",24.870673,121.126392,32025,33650,400.0,275,454,0.764,229.46,0.06,0.70,238.71,233.78,64,0,,259,63,1012.8,32000,,"3760",-37.4,943,186,1,8,1,3,2,3,"A3",,2
1776570660.000,"78214e","DKH1309 ",24.985424,121.127636,2300,2500,173.0,167,176,0.264,49.22,-0.09,-0.70,53.09,48.11,-896,-928,,320,5,1012.0,3008,,"7400",-35.8,559,186,1,9,2,3,2,3,"A3",,2
1776570665.000,"780aa6","CRK617  ",24.870673,121.126392,32025,33650,400.0,275,454,0.764,229.46,0.06,0.70,238.71,233.78,64,0,,259,63,1012.8,32000,,"3760",-37.4,943,186,1,8,1,3,2,3,"A3",,2
1776570665.000,"78214e","DKH1309 ",24.985424,121.127636,2300,2500,173.0,167,176,0.264,49.22,-0.09,-0.70,53.09,48.11,-896,-928,,320,5,1012.0,3008,,"7400",-35.8,559,186,1,9,2,3,2,3,"A3",,2
1776570670.000,"780aa6","CRK617  ",24.870673,121.126392,32025,33650,400.0,275,454,0.764,229.46,0.06,0.70,238.71,233.78,64,0,,259,63,1012.8,32000,,"3760",-37.4,943,186,1,8,1,3,2,3,"A3",,2
1776570670.000,"78214e","DKH1309 ",24.985424,121.127636,2300,2500,173.0,167,176,0.264,49.22,-0.09,-0.70,53.09,48.11,-896,-928,,320,5,1012.0,3008,,"7400",-35.8,559,186,1,9,2,3,2,3,"A3",,2
1776570675.000,"780aa6","CRK617  ",24.870673,121.126392,32025,33650,400.0,275,454,0.764,229.46,0.06,0.70,238.71,233.78,64,0,,259,63,1012.8,32000,,"3760",-37.4,943,186,1,8,1,3,2,3,"A3",,2
1776570675.000,"78214e","DKH1309 ",24.985424,121.127636,2300,2500,173.0,167,176,0.264,49.22,-0.09,-0.70,53.09,48.11,-896,-928,,320,5,1012.0,3008,,"7400",-35.8,559,186,1,9,2,3,2,3,"A3",,2
1776570680.000,"780aa6","CRK617  ",24.870673,121.126392,32025,33650,400.0,275,454,0.764,229.46,0.06,0.70,238.71,233.78,64,0,,259,63,1012.8,32000,,"3760",-37.4,943,186,1,8,1,3,2,3,"A3",,2
1776570680.000,"78214e","DKH1309 ",24.985424,121.127636,2300,2500,173.0,167,176,0.264,49.22,-0.09,-0.70,53.09,48.11,-896,-928,,320,5,1012.0,3008,,,-35.8,559,186,1,9,2,3,2,3,"A3",,2
1776570685.000,"780aa6","CRK617  ",24.870673,121.126392,32025,33650,400.0,275,454,0.764,229.46,0.06,0.70,238.71,233.78,64,0,,259,63,1012.8,32000,,"3760",-37.4,943,186,1,8,1,3,2,3,"A3",,2
1776570685.000,"78214e","DKH1309 ",24.985424,121.127636,2300,2500,173.0,167,176,0.264,49.22,-0.09,-0.70,53.09,48.11,-896,-928,,320,5,1012.0,3008,,,-35.8,559,186,1,9,2,3,2,3,"A3",,2
1776570690.000,"780aa6","CRK617  ",24.870673,121.126392,32025,33650,400.0,275,454,0.764,229.46,0.06,0.70,238.71,233.78,64,0,,259,63,1012.8,32000,,"3760",-37.4,943,186,1,8,1,3,2,3,"A3",,2
1776570690.000,"78214e","DKH1309 ",24.985424,121.127636,2300,2500,173.0,167,176,0.264,49.22,-0.09,-0.70,53.09,48.11,-896,-928,,320,5,1012.0,3008,,,-35.8,559,186,1,9,2,3,2,3,"A3",,2
1776570695.000,"780aa6","CRK617  ",24.870673,121.126392,32025,33650,400.0,275,454,0.764,229.46,0.06,0.70,238.71,233.78,64,0,,,,1012.8,32000,,,-37.4,943,186,1,8,1,3,,,"A3",,2
1776570695.000,"78214e","DKH1309 ",24.985424,121.127636,2300,2500,173.0,167,176,0.264,49.22,-0.09,-0.70,53.09,48.11,-896,-928,,320,5,1012.0,3008,,,-35.8,559,186,1,9,2,3,2,3,"A3",,2
1776570700.000,"78214e","DKH1309 ",24.985424,121.127636,2300,2500,173.0,,,,49.22,,,,,-896,,,,,1012.0,3008,,,-35.8,559,186,1,9,2,3,2,3,"A3",,2
1776570705.000,"78214e","DKH1309 ",24.985424,121.127636,2300,2500,173.0,,,,49.22,,,,,-896,,,,,,,,,-35.8,559,186,,,2,,,,"A3",,2
1776570710.000,"71c385","N/A",24.969782,121.071046,2800,3000,189.6,,,,78.75,,,,,-384,,,,,,,,,-36.0,14,186,,8,4,2,,,,,0
1776570715.000,"71c385","EOK511  ",24.970871,121.076660,2750,2950,186.6,,,,77.30,,,,,-704,,,,,1012.0,2016,,,-35.7,30,186,1,8,4,2,,,,,0
1776570720.000,"71c385","EOK511  ",24.971970,121.081255,2675,2875,183.7,,,,74.53,,,,,-640,,,,,1012.0,2016,,,-35.3,50,186,1,10,3,3,2,3,"A3",,2
1776570725.000,"71c385","EOK511  ",24.973434,121.085561,2650,2850,180.4,,,,66.13,,,,,-448,,,,,1012.0,2016,,,-36.0,69,186,1,10,4,3,2,3,"A3",,2
1776570730.000,"71c385","EOK511  ",24.974903,121.088717,2600,2800,176.9,,,,60.54,,,,,-512,,,,,1012.0,2016,,,-35.1,95,186,1,10,4,3,2,3,"A3",,2
1776570735.000,"71c385","EOK511  ",24.976135,121.091105,2575,2775,176.0,,,,58.48,,,,,-512,,,,,1012.0,2016,,,-35.9,100,186,1,10,3,3,2,3,"A3",,2
1776570740.000,"71c385","EOK511  ",24.976135,121.091105,2575,2775,176.0,,,,58.48,,,,,-512,,,,,1012.0,2016,,,-35.9,100,186,1,10,3,3,2,3,"A3",,2
1776570745.000,"71c385","EOK511  ",24.981354,121.099141,2500,2700,176.0,,,,58.48,,,,,-512,,,,,1012.0,2016,,,-37.1,103,186,1,10,3,3,2,3,"A3",,2
1776570750.000,"71c385","EOK511  ",24.981354,121.099141,2500,2700,176.0,,,,58.48,,,,,-512,,,,,1012.0,2016,,,-37.1,103,186,1,10,3,3,2,3,"A3",,2
1776570755.000,"71c385","EOK511  ",24.981354,121.099141,2500,2700,176.0,,,,58.48,,,,,-512,,,,,1012.0,2016,,,-37.2,104,186,1,10,3,3,2,3,"A3",,2
1776570760.000,"71c385","EOK511  ",24.981354,121.099141,2500,2700,176.0,,,,58.48,,,,,-512,,,,,1012.0,2016,,,-37.4,111,186,1,10,3,3,2,3,"A3",,2
1776570765.000,"71c385","EOK511  ",24.981354,121.099141,2500,2700,176.0,,,,58.48,,,,,-512,,,,,1012.0,2016,,,-37.6,114,186,1,10,3,3,2,3,"A3",,2
1776570770.000,"71c385","EOK511  ",24.981354,121.099141,2300,2500,176.0,,,,58.48,,,,,-512,,,,,1012.0,2016,,,-37.8,117,186,1,10,3,3,2,3,"A3",,2
1776570775.000,"71c385","EOK511  ",24.981354,121.099141,2300,2500,176.0,,,,58.48,,,,,-512,,,,,1012.0,2016,,,-37.8,117,186,1,10,3,3,2,3,"A3",,2
1776570780.000,"71c385","EOK511  ",24.981354,121.099141,2300,2500,176.0,,,,58.48,,,,,-512,,,,,1012.0,2016,,,-37.8,117,186,1,10,3,3,2,3,"A3",,2
1776570785.000,"71c385","EOK511  ",24.981354,121.099141,2300,2500,176.0,,,,58.48,,,,,-512,,,,,1012.0,2016,,,-37.8,117,186,1,10,3,3,,,"A3",,2
1776570790.000,"71c385","EOK511  ",24.981354,121.099141,2300,2500,176.0,,,,58.48,,,,,-512,,,,,1012.0,2016,,,-37.8,117,186,1,10,3,3,,,"A3",,2
1776570795.000,"881422","N/A",24.905261,121.003470,4050,4300,215.5,197,214,0.320,49.14,0.00,0.00,52.73,47.80,-64,-64,,,,1012.0,4000,,"0725",-34.3,25,186,1,8,1,3,2,3,,,2
1776570795.000,"71c385","EOK511  ",24.981354,121.099141,2300,2500,,,,,,,,,,,,,,,1012.0,2016,,,-37.8,117,186,1,10,,3,,,"A3",,2
1776570800.000,"881422","N/A",24.909125,121.008393,4050,4275,214.8,197,214,0.320,48.96,0.00,0.00,52.73,47.80,-64,-64,,,,1012.0,4000,,"0725",-34.9,39,186,1,8,1,3,2,3,,,2
1776570800.000,"71c385","EOK511  ",24.981354,121.099141,2300,2500,,,,,,,,,,,,,,,1012.0,2016,,,-37.8,117,186,1,10,,3,,,"A3",,2
1776570805.000,"881422","N/A",24.910987,121.010725,4025,4250,208.4,197,204,0.320,48.89,0.03,0.18,52.73,47.80,-128,-64,,,,1012.0,4000,,"0725",-35.0,59,186,1,8,1,3,2,3,,,2
1776570810.000,"881422","N/A",24.913594,121.014042,4025,4250,202.0,197,204,0.320,48.81,0.03,0.18,52.73,47.80,384,-64,,,,1012.0,4000,,"0725",-35.5,70,186,1,8,1,3,2,3,,,2
1776570815.000,"881422","N/A",24.917313,121.018677,4050,4300,199.8,197,204,0.320,48.65,0.03,0.18,52.73,47.80,0,-64,,,,1012.0,4000,,"0725",-36.0,76,186,1,8,1,3,2,3,,,2
1776570820.000,"881422","N/A",24.920903,121.023059,4050,4300,199.0,197,204,0.320,48.06,0.03,0.18,52.73,47.80,-64,-64,,,,1012.0,4000,,"0725",-36.5,84,186,1,8,1,3,2,3,,,2
1776570820.000,"71c379","N/A",24.947391,121.338242,30000,31450,428.9,,,,215.99,,,,,0,,,,,,,,,-37.3,9,186,1,8,1,3,2,2,,,2
1776570825.000,"881422","N/A",24.920903,121.023059,4050,4300,199.0,197,204,0.320,48.06,0.03,0.18,52.73,47.80,-64,-64,,,,1012.0,4000,,"0725",-36.5,84,186,1,8,1,3,2,3,,,2
1776570825.000,"71c379","N/A",24.939337,121.331816,30000,31450,429.7,,,,215.91,,,,,-64,,,,,,,,,-36.8,18,186,1,8,1,3,2,2,,,2
1776570830.000,"881422","N/A",24.920903,121.023059,4050,4300,199.0,197,204,0.320,48.06,0.03,0.18,52.73,47.80,-64,-64,,,,1012.0,4000,,"0725",-36.5,84,186,1,8,1,3,2,3,,,2
1776570830.000,"71c379","TWB689  ",24.931749,121.325805,30000,31450,429.7,296,470,0.780,215.91,0.03,-0.18,224.12,219.15,0,32,,250,48,,,,,-36.2,42,186,1,8,1,3,2,2,,,2
1776570835.000,"881422","N/A",24.920903,121.023059,4050,4300,199.0,197,204,0.320,48.06,0.03,0.18,52.73,47.80,-64,-64,,,,1012.0,4000,,"0725",-36.5,84,186,1,8,1,3,2,3,,,2
1776570835.000,"71c379","TWB689  ",24.926442,121.321607,30000,31450,429.7,296,470,0.780,215.91,0.00,-0.18,224.12,219.15,0,32,,250,48,1013.6,30016,,"7171",-35.4,81,186,1,8,1,3,2,2,,,2
1776570840.000,"881422","N/A",24.933426,121.038971,4025,4275,198.1,197,204,0.320,50.12,0.03,0.18,52.73,47.80,-512,-64,,,,1012.0,3008,,"0725",-36.0,95,186,1,8,1,3,2,3,,,2
1776570840.000,"71c379","TWB689  ",24.916294,121.313523,30000,31450,429.7,295,470,0.780,215.91,0.00,0.00,224.12,219.15,0,0,,251,48,1013.6,30016,,"7171",-35.9,134,186,1,8,1,3,2,2,"A3",,2
1776570845.000,"881422","AIQ230  ",24.936264,121.042684,3975,4225,199.5,182,196,0.296,50.08,-0.06,-0.88,53.96,49.02,-704,-672,,287,5,1012.0,3008,,"0725",-35.6,113,186,1,8,1,3,2,3,"A3",,2
1776570845.000,"71c379","TWB689  ",24.911592,121.309791,30000,31450,429.7,296,470,0.780,215.91,0.00,0.18,224.30,219.33,0,32,,250,48,1013.6,30016,,"7171",-35.7,176,186,1,8,1,3,2,2,"A3",,2
1776570850.000,"881422","AIQ230  ",24.938686,121.045809,3925,4175,198.7,182,196,0.296,49.90,-0.06,-0.88,53.09,48.14,-832,-832,,287,5,1012.0,3008,,"0725",-36.5,120,186,1,8,1,3,2,3,"A3",,2
1776570850.000,"71c379","TWB689  ",24.897400,121.298523,30000,31450,429.7,296,470,0.780,215.91,0.00,0.18,224.12,219.16,0,32,,250,48,1013.6,30016,,"7171",-35.8,220,186,1,8,1,3,2,2,"A3",,2
1776570855.000,"881422","AIQ230  ",24.938686,121.045809,3925,4175,198.5,182,196,0.296,49.09,-0.06,-0.88,53.09,48.14,-832,-832,,287,5,1012.0,3008,,"0725",-36.6,127,186,1,8,1,3,2,3,"A3",,2
1776570855.000,"71c379","TWB689  ",24.892413,121.294556,30000,31450,429.7,296,472,0.780,215.91,0.00,-0.18,224.12,219.16,0,32,,250,48,1013.6,30016,,"7171",-35.9,262,186,1,8,1,3,2,2,"A3",,2
1776570860.000,"881422","AIQ230  ",24.938686,121.045809,3925,4175,197.7,181,196,0.292,48.90,-0.06,-0.88,52.38,47.43,-768,-736,,287,5,1012.0,3008,,"0725",-36.6,137,186,1,8,1,3,2,3,"A3",,2
1776570860.000,"71c379","TWB689  ",24.881287,121.285706,30000,31450,430.2,296,472,0.780,216.02,0.00,-0.18,224.12,219.16,0,32,,250,48,1013.6,30016,,"7171",-35.7,303,186,1,8,1,3,2,2,"A3",,2
1776570865.000,"881422","AIQ230  ",24.948212,121.057892,3725,3950,197.1,181,196,0.292,49.11,-0.06,-0.88,52.21,47.25,-832,-800,,287,5,1012.0,3008,,"0725",-35.6,156,186,1,8,1,3,2,3,"A3",,2
1776570865.000,"71c379","TWB689  ",24.873871,121.279806,30000,31450,430.2,296,472,0.780,216.02,0.00,-0.18,224.12,219.16,-64,32,,250,48,1013.6,30016,,"7171",-36.6,353,186,1,8,1,3,2,2,"A3",,2
1776570870.000,"881422","AIQ230  ",24.951441,121.061925,3625,3850,197.0,181,196,0.292,48.70,-0.06,-0.88,52.21,47.25,-896,-800,,287,5,1012.0,3008,,"0725",-35.3,174,186,1,8,1,3,2,3,"A3",,2
1776570870.000,"71c379","TWB689  ",24.870941,121.277466,30000,31450,430.2,296,472,0.780,216.02,0.00,-0.18,224.12,219.16,64,32,,250,48,1013.6,30016,,"7171",-36.5,382,186,1,8,1,3,2,2,"A3",,2
1776570875.000,"881422","AIQ230  ",24.953815,121.064827,3575,3800,197.0,181,194,0.292,48.70,0.00,0.00,52.21,47.25,-960,-800,,287,5,1012.0,3008,,"0725",-35.3,198,186,1,8,1,3,2,3,"A3",,2
1776570875.000,"71c379","TWB689  ",24.860152,121.268852,30000,31450,430.2,295,472,0.780,216.02,0.00,0.00,224.47,219.53,0,32,,251,50,1013.6,30016,,"7171",-36.3,405,186,1,8,1,3,2,2,"A3",,2
1776570880.000,"881422","AIQ230  ",24.956726,121.068471,3500,3725,197.0,181,194,0.292,48.70,0.03,0.53,51.50,46.55,-1024,-1024,,296,8,1012.0,3008,,"0725",-34.9,224,186,1,8,1,3,2,3,"A3",,2
1776570880.000,"71c379","TWB689  ",24.853363,121.263479,30000,31475,430.2,295,472,0.780,216.02,0.00,0.00,224.47,219.53,0,32,,251,50,1013.6,30016,,"7171",-36.6,418,186,1,8,1,3,2,2,"A3",,2
1776570885.000,"881422","AIQ230  ",24.960388,121.073049,3400,3625,196.3,181,194,0.292,48.92,0.03,0.53,51.50,46.55,-1088,-1024,,296,8,1012.0,3008,,"0725",-35.6,240,186,1,8,1,3,2,3,"A3",,2
1776570885.000,"71c379","TWB689  ",24.845444,121.257172,30000,31475,430.2,295,472,0.780,216.02,0.00,0.00,224.47,219.53,0,32,,251,50,1013.6,30016,,"7171",-37.4,425,186,1,8,1,3,2,2,"A3",,2
1776570890.000,"881422","AIQ230  ",24.962148,121.075296,3325,3550,195.6,181,194,0.292,48.73,0.03,0.53,51.50,46.55,-1088,-1024,,296,8,1012.0,3008,,"0725",-36.1,246,186,1,8,1,3,2,3,"A3",,2
1776570890.000,"71c379","TWB689  ",24.845444,121.257172,30000,31475,430.2,295,472,0.780,216.02,0.00,0.00,224.47,219.53,0,32,,251,50,1013.6,30016,,"7171",-37.4,425,186,1,8,1,3,2,2,"A3",,2
1776570895.000,"881422","AIQ230  ",24.966244,121.080426,3225,3450,194.9,182,194,0.292,48.95,0.03,0.53,51.50,46.54,-1088,-1056,,296,8,1012.0,3008,,"0725",-36.1,258,186,1,8,1,3,2,3,"A3",,2
1776570895.000,"71c379","TWB689  ",24.845444,121.257172,30000,31475,430.2,295,472,0.780,216.02,0.00,0.00,224.47,219.53,0,32,,251,50,1013.6,30016,,"7171",-37.5,426,186,1,8,1,3,2,2,"A3",,2
1776570895.000,"7892a4","HKE870  ",24.792801,121.546987,35000,36800,533.3,257,452,0.760,51.78,-0.03,-0.18,53.09,48.12,0,0,,251,87,1013.6,35008,,"3505",-35.9,82,186,1,8,2,2,,,,,0
1776570900.000,"881422","AIQ230  ",24.966888,121.081238,3200,3425,194.9,182,194,0.292,48.95,0.03,0.53,51.50,46.54,-1088,-1056,,296,8,1012.0,3008,,"0725",-36.5,261,186,1,8,1,3,2,3,"A3",,2
1776570900.000,"71c379","TWB689  ",24.845444,121.257172,30000,31475,430.2,295,472,0.780,216.02,0.00,0.00,224.47,219.53,0,32,,251,50,1013.6,30016,,"7171",-37.5,426,186,1,8,1,3,2,2,"A3",,2
1776570900.000,"7892a4","HKE870  ",24.800518,121.557761,35000,36800,533.3,257,450,0.760,51.78,0.00,0.00,53.09,48.12,0,0,,251,87,1013.6,35008,,"3505",-35.7,113,186,1,9,2,3,2,2,,,2
1776570905.000,"881422","AIQ230  ",24.966888,121.081238,3200,3425,194.9,182,194,0.292,48.95,0.03,0.53,51.50,46.54,-1088,-1056,,296,8,1012.0,3008,,"0725",-36.5,261,186,1,8,1,3,2,3,"A3",,2
1776570905.000,"71c379","TWB689  ",24.845444,121.257172,30000,31475,430.2,295,472,0.780,216.02,0.00,0.00,224.47,219.53,0,32,,251,50,1013.6,30016,,"7171",-37.5,426,186,1,8,1,3,2,2,"A3",,2
1776570905.000,"7892a4","HKE870  ",24.807175,121.566976,35000,36800,533.3,257,452,0.760,51.78,0.00,-0.18,53.09,48.12,0,0,,251,87,1013.6,35008,,"3505",-35.4,157,186,1,9,2,3,2,2,,,2
1776570910.000,"846dc8","N/A",24.962448,120.974884,3800,4025,213.5,,,,161.14,,,,,,-576,,,,,,,,-36.9,27,186,,8,0,2,,,,,0
1776570910.000,"881422","AIQ230  ",24.966888,121.081238,3200,3425,194.9,182,194,0.292,48.95,0.03,0.53,51.50,46.54,-1088,-1056,,296,8,1012.0,3008,,"0725",-36.9,263,186,1,8,1,3,2,3,"A3",,2
1776570910.000,"71c379","TWB689  ",24.845444,121.257172,30000,31475,430.2,295,472,0.780,216.02,0.00,0.00,224.47,219.53,0,32,,251,50,1013.6,30016,,"7171",-37.5,426,186,1,8,1,3,2,2,"A3",,2
1776570910.000,"7892a4","HKE870  ",24.813507,121.575847,35000,36800,533.3,257,452,0.760,51.78,-0.03,-0.18,53.09,48.11,0,0,,251,87,1013.6,35008,,"3505",-36.6,218,186,1,9,2,3,2,2,"A3",,2
1776570915.000,"846dc8","N/A",24.962448,120.974884,3800,4025,213.5,,,,161.14,,,,,,-576,,,,,,,,-37.0,28,186,,8,0,2,,,,,0
1776570915.000,"881422","AIQ230  ",24.966888,121.081238,2875,3100,194.9,182,194,0.292,48.95,0.03,0.53,51.50,46.54,-1088,-1056,,,,1012.0,3008,,"0725",-37.6,266,186,1,8,1,3,2,3,"A3",,2
1776570915.000,"71c379","TWB689  ",24.845444,121.257172,30000,31475,430.2,295,472,0.780,216.02,0.00,0.00,224.47,219.53,0,32,,251,50,1013.6,30016,,"7171",-37.5,426,186,1,8,1,3,2,2,"A3",,2
1776570915.000,"7892a4","HKE870  ",24.822922,121.588898,35000,36800,533.3,257,452,0.760,51.78,0.03,-0.18,53.09,48.11,0,0,,251,87,1013.6,35008,,"3505",-34.6,257,186,1,9,2,3,2,2,"A3",,2
1776570920.000,"846dc8","N/A",24.956282,120.978025,3825,4050,213.5,,,,161.14,,,,,,-576,,,,,,,,-37.0,30,186,,8,0,2,,,,,0
1776570920.000,"881422","AIQ230  ",24.966888,121.081238,2875,3075,190.8,182,194,0.292,49.46,0.03,0.53,51.50,46.54,-1152,-1056,,,,1012.0,3008,,"0725",-37.7,267,186,1,8,1,3,2,3,"A3",,2
1776570920.000,"71c379","TWB689  ",24.845444,121.257172,30000,31475,430.2,295,472,0.780,216.02,0.00,0.00,224.47,219.53,0,32,,251,50,1013.6,30016,,"7171",-37.5,426,186,1,8,1,3,2,2,"A3",,2
1776570920.000,"7892a4","HKE870  ",24.830219,121.599012,35000,36800,533.3,257,452,0.760,51.78,-0.03,0.00,53.09,48.11,0,0,,251,87,1013.6,35008,,"3505",-36.9,315,186,1,9,2,3,2,2,"A3",,2
1776570925.000,"846dc8","N/A",24.956282,120.978025,3825,4050,213.5,,,,161.14,,,,,,-576,,,,,,,,-37.0,30,186,,8,0,2,,,,,0
1776570925.000,"881422","AIQ230  ",24.966888,121.081238,2875,3075,190.8,182,194,0.292,49.46,0.03,0.53,51.50,46.54,-1152,-1056,,,,1012.0,3008,,"0725",-37.7,267,186,1,8,1,3,2,3,"A3",,2
1776570925.000,"71c379","TWB689  ",24.845444,121.257172,30000,31475,430.2,295,472,0.780,216.02,0.00,0.00,224.47,219.53,0,32,,251,50,1013.6,30016,,"7171",-37.5,426,186,1,8,1,3,2,2,"A3",,2
1776570925.000,"7892a4","HKE870  ",24.837714,121.609480,35000,36800,534.1,257,452,0.760,51.84,-0.03,0.00,53.09,48.11,0,0,,251,87,1013.6,35008,,"3505",-34.9,337,186,1,9,2,3,2,2,"A3",,2
1776570930.000,"846dc8","N/A",24.947996,120.985384,3650,3875,213.5,,,,161.14,,,,,,-576,,,,,,,,-36.4,34,186,,8,0,2,,,,,0
1776570930.000,"881422","AIQ230  ",24.966888,121.081238,2875,3075,190.8,182,194,0.292,49.46,0.03,0.53,51.50,46.54,-1152,-1056,,,,1012.0,3008,,"0725",-37.9,268,186,1,8,1,3,2,3,"A3",,2
1776570930.000,"71c379","TWB689  ",24.845444,121.257172,30000,31475,430.2,295,472,0.780,216.02,0.00,0.00,224.47,219.53,0,32,,251,50,,,,"7171",-37.5,426,186,1,8,1,3,2,2,"A3",,2
1776570930.000,"7892a4","HKE870  ",24.839390,121.611812,35000,36800,534.1,258,452,0.760,51.84,-0.03,0.00,53.09,48.10,0,0,,251,87,1013.6,35008,,"3505",-37.6,373,186,1,9,2,3,2,2,"A3",,2
1776570935.000,"846dc8","N/A",24.947996,120.985384,3650,3875,213.5,,,,161.14,,,,,,-576,,,,,,,,-36.4,34,186,,8,0,2,,,,,0
1776570935.000,"881422","AIQ230  ",24.966888,121.081238,2875,3075,190.8,182,194,0.292,49.46,0.03,0.53,51.50,46.54,-1152,-1056,,,,1012.0,3008,,,-37.9,268,186,1,8,1,3,2,3,"A3",,2
1776570935.000,"78924a","N/A",24.914566,121.204376,32000,33575,401.4,276,,0.764,227.73,,,237.66,233.79,0,32,,,,1012.8,32000,,"6043",-35.4,60,186,1,8,1,2,,,,,0
1776570935.000,"71c379","TWB689  ",24.845444,121.257172,30000,31475,430.2,,,,216.02,,,,,0,,,,,,,,"7171",-37.5,426,186,1,8,1,3,2,2,"A3",,2
1776570935.000,"7892a4","HKE870  ",24.839390,121.611812,35000,36800,534.1,258,452,0.760,51.84,-0.03,0.00,53.09,48.10,0,0,,251,87,1013.6,35008,,"3505",-38.0,374,186,1,9,2,3,2,2,"A3",,2
1776570940.000,"846dc8","N/A",24.945236,120.991516,3575,3800,213.5,,,,161.14,,,,,,-576,,,,,,,,-36.3,35,186,,8,0,2,,,,,0
1776570940.000,"881422","AIQ230  ",24.966888,121.081238,2875,3075,190.8,182,,0.292,49.46,,,51.50,46.54,-1152,-1056,,,,1012.0,3008,,,-37.9,268,186,1,8,1,3,2,3,"A3",,2
1776570940.000,"78924a","CPA563  ",24.905866,121.193865,32000,33575,401.4,276,456,0.764,227.73,0.06,0.18,237.66,232.71,0,32,,265,66,1012.8,32000,,"6043",-33.8,114,186,1,8,1,3,2,3,"A3",,2
1776570940.000,"71c379","TWB689  ",24.845444,121.257172,30000,31475,,,,,,,,,,,,,,,,,,,-37.5,426,186,1,8,,3,2,2,"A3",,2
1776570940.000,"7892a4","HKE870  ",24.839390,121.611812,35000,36800,534.1,258,452,0.760,51.84,-0.03,0.00,53.09,48.10,0,0,,251,87,1013.6,35008,,"3505",-38.2,380,186,1,9,2,3,2,2,"A3",,2
1776570945.000,"846dc8","N/A",24.945236,120.991516,3575,3775,200.0,,,,91.15,,,,,,-832,,,,,,,,-36.1,36,186,,8,0,2,,,,,0
1776570945.000,"881422","AIQ230  ",24.966888,121.081238,2875,3075,190.8,182,,0.292,49.46,,,51.50,46.54,-1152,-1056,,,,1012.0,3008,,,-37.9,268,186,1,8,1,3,2,3,"A3",,2
1776570945.000,"71c379","TWB689  ",24.745056,121.177368,30000,,,,,,,,,,,,,,,,,,,,-37.5,427,186,,8,,2,,,"A3",,0
1776570945.000,"78924a","CPA563  ",24.899597,121.186269,32000,33575,401.4,276,458,0.764,227.73,0.00,-0.18,237.66,232.71,0,32,,265,66,1012.8,32000,,"6043",-34.1,149,186,1,8,1,3,2,3,"A3",,2
1776570945.000,"7892a4","HKE870  ",24.839390,121.611812,35000,36800,534.1,258,452,0.760,51.84,-0.03,0.00,53.09,48.10,0,0,,251,87,1013.6,35008,,"3505",-38.2,380,186,1,9,2,3,2,2,"A3",,2
1776570950.000,"846dc8","N/A",24.944916,121.006012,3375,3575,200.0,,,,91.15,,,,,,-832,,,,,,,,-36.2,37,186,,8,0,2,,,,,0
1776570950.000,"881422","AIQ230  ",24.966888,121.081238,2875,3075,190.8,182,,0.292,49.46,,,51.50,46.54,-1152,-1056,,,,1012.0,3008,,,-37.9,268,186,1,8,1,3,2,3,"A3",,2
1776570950.000,"71c379","TWB689  ",24.745056,121.177368,30000,,,,,,,,,,,,,,,,,,,,-37.5,427,186,,8,,2,,,"A3",,0
1776570950.000,"78924a","CPA563  ",24.894647,121.180339,32000,33575,402.1,277,458,0.764,227.82,0.03,-0.18,237.30,232.36,128,64,,261,65,1012.8,32000,,"6043",-35.0,186,186,1,8,1,3,2,3,"A3",,2
1776570950.000,"7892a4","HKE870  ",24.839390,121.611812,35000,36800,534.1,258,452,0.760,51.84,-0.03,0.00,53.09,48.10,0,0,,251,87,1013.6,35008,,"3505",-38.2,380,186,1,9,2,3,2,2,"A3",,2
1776570955.000,"846dc8","N/A",24.944916,121.006012,3375,3575,200.0,,,,91.15,,,,,,-832,,,,,,,,-36.4,39,186,,8,0,2,,,,,0
1776570955.000,"881422","AIQ230  ",24.966888,121.081238,2875,3075,190.8,,,,49.46,,,,,-1152,,,,,1012.0,3008,,,-37.9,268,186,1,8,1,3,,,"A3",,2
1776570955.000,"78924a","CPA563  ",24.887787,121.172028,32000,33575,401.4,276,456,0.764,227.73,0.03,-0.35,237.66,232.71,64,32,,265,66,1012.8,34016,,"6043",-33.1,228,186,1,8,1,3,2,3,"A3",,2
1776570955.000,"71c379","TWB689  ",24.745056,121.177368,30000,,,,,,,,,,,,,,,,,,,,-37.5,427,186,,8,,2,,,"A3",,0
1776570955.000,"7892a4","HKE870  ",24.839390,121.611812,35000,36800,534.1,258,452,0.760,51.84,-0.03,0.00,53.09,48.10,0,0,,251,87,1013.6,35008,,"3505",-38.2,380,186,1,9,2,3,2,2,"A3",,2
1776570960.000,"846dc8","N/A",24.944916,121.006012,3375,3575,200.0,,,,91.15,,,,,,-832,,,,,,,,-36.7,40,186,,8,0,2,,,,,0
1776570960.000,"78924a","CPA563  ",24.881426,121.164378,32000,33575,401.4,275,456,0.760,227.73,-0.09,-0.70,237.30,232.37,0,32,,263,65,1012.8,34016,,"6043",-31.7,272,186,1,8,1,3,2,3,"A3",,2
1776570960.000,"71c379","TWB689  ",24.745056,121.177368,30000,,,,,,,,,,,,,,,,,,,,-37.5,427,186,,8,,2,,,"A3",,0
1776570960.000,"7892a4","HKE870  ",24.839390,121.611812,35000,36800,534.1,258,452,0.760,51.84,-0.03,0.00,53.09,48.10,0,0,,251,87,1013.6,35008,,"3505",-38.2,380,186,1,9,2,3,2,2,"A3",,2
1776570965.000,"846dc8","N/A",24.944916,121.006012,3375,3575,200.0,,,,91.15,,,,,,-832,,,,,,,,-36.7,40,186,,8,0,2,,,,,0
1776570965.000,"78924a","CPA563  ",24.874924,121.156565,32000,33575,402.1,277,456,0.764,227.62,-0.09,0.18,237.83,232.90,64,32,,266,67,1012.8,34016,,"6043",-33.5,313,186,1,8,1,3,2,3,"A3",,2
1776570965.000,"71c379","TWB689  ",24.745056,121.177368,30000,,,,,,,,,,,,,,,,,,,,-37.5,427,186,,8,,2,,,"A3",,0
1776570965.000,"7892a4","HKE870  ",24.839390,121.611812,35000,36800,534.1,258,452,0.760,51.84,-0.03,0.00,53.09,48.10,0,0,,251,87,1013.6,35008,,"3505",-38.2,380,186,1,9,2,3,2,2,"A3",,2
1776570970.000,"846dc8","N/A",24.944916,121.006012,3375,3575,200.0,,,,91.15,,,,,,-832,,,,,,,,-36.7,40,186,,8,0,2,,,,,0
1776570970.000,"78924a","CPA563  ",24.868881,121.149292,32000,33575,401.3,277,454,0.764,227.52,-0.12,-1.58,237.83,232.90,64,64,,267,65,1012.8,34016,,"6043",-33.4,349,186,1,8,1,3,2,3,"A3",,2
1776570970.000,"71c379","TWB689  ",24.745056,121.177368,30000,,,,,,,,,,,,,,,,,,,,-37.5,427,186,,8,,2,,,"A3",,0
1776570970.000,"7892a4","HKE870  ",24.839390,121.611812,35000,36800,534.1,258,452,0.760,51.84,-0.03,0.00,53.09,48.10,0,0,,251,87,1013.6,35008,,"3505",-38.2,380,186,1,9,2,3,2,2,"A3",,2
1776570975.000,"846dc8","N/A",24.944916,121.006012,3050,3250,200.0,,,,91.15,,,,,,-832,,,,,,,,-36.9,43,186,,8,0,2,,,,,0
1776570975.000,"78924a","CPA563  ",24.862200,121.141317,32000,33575,402.0,277,456,0.764,227.42,-0.03,0.18,237.83,232.90,-64,64,,267,65,1012.8,34016,,"6043",-35.3,375,186,1,8,1,3,2,3,"A3",,2
1776570975.000,"71c379","TWB689  ",24.745056,121.177368,30000,,,,,,,,,,,,,,,,,,,,-37.5,427,186,,8,,2,,,"A3",,0
1776570975.000,"7892a4","HKE870  ",24.839390,121.611812,35000,36800,534.1,258,452,0.760,51.84,-0.03,0.00,53.09,48.10,0,0,,251,87,1013.6,35008,,"3505",-38.2,380,186,1,9,2,3,2,2,"A3",,2
1776570980.000,"846dc8","N/A",24.944916,121.006012,3050,3250,200.0,,,,91.15,,,,,,-832,,,,,,,,-37.1,45,186,,8,0,2,,,,,0
1776570980.000,"78924a","CPA563  ",24.855729,121.133596,32000,33575,402.1,277,456,0.764,227.62,-0.03,0.18,237.83,232.90,192,64,,267,65,1012.8,34016,,"6043",-35.9,396,186,1,8,1,3,2,3,"A3",,2
1776570980.000,"71c379","TWB689  ",24.745056,121.177368,30000,,,,,,,,,,,,,,,,,,,,-37.5,427,186,,8,,2,,,"A3",,0
1776570980.000,"7892a4","HKE870  ",24.839390,121.611812,35000,36800,534.1,258,,0.760,51.84,,,53.09,48.10,0,0,,,,1013.6,35008,,"3505",-38.2,380,186,1,9,2,3,2,2,"A3",,2
1776570985.000,"846dc8","N/A",24.944916,121.006012,3050,3225,200.6,,,,76.45,,,,,,-576,,,,,,,,-37.1,46,186,,8,0,2,,,,,0
1776570985.000,"78924a","CPA563  ",24.849585,121.126185,32050,33625,402.1,277,456,0.764,227.62,-0.03,0.18,237.83,232.90,320,64,,267,65,1012.8,34016,,"6043",-37.4,411,186,1,8,1,3,2,3,"A3",,2
1776570985.000,"71c379","TWB689  ",24.745056,121.177368,30000,,,,,,,,,,,,,,,,,,,,-37.5,427,186,,8,,2,,,"A3",,0
1776570985.000,"7892a4","HKE870  ",24.839390,121.611812,35000,36800,534.1,258,,0.760,51.84,,,53.09,48.10,0,0,,,,1013.6,35008,,,-38.2,380,186,1,9,2,3,2,2,"A3",,2
1776570990.000,"846dc8","N/A",24.952927,121.044108,2900,3075,200.6,,,,76.45,,,,,,-576,,,,,,,,-36.9,48,186,,8,0,2,,,,,0
1776570990.000,"78924a","CPA563  ",24.846093,121.121936,32100,33675,402.1,277,456,0.764,227.62,-0.03,0.18,237.83,232.90,320,64,,267,65,1012.8,34016,,"6043",-37.4,414,186,1,8,1,3,2,3,"A3",,2
1776570990.000,"71c379","TWB689  ",24.745056,121.177368,30000,,,,,,,,,,,,,,,,,,,,-37.5,427,186,,8,,2,,,"A3",,0
1776570990.000,"89914d","N/A",24.792977,121.325753,12575,,,,,,,,,,,,,,,,,,,,-36.8,11,186,,8,,2,,,,,0
1776570990.000,"78924e","N/A",24.739609,121.473287,37025,,,,,,,,,,,,,,,,,,,,-37.1,12,186,,8,,2,,,,,0
1776570995.000,"846dc8","N/A",24.952927,121.044108,2900,3075,200.6,,,,76.45,,,,,,-576,,,,,,,,-36.9,48,186,,8,0,2,,,,,0
1776570995.000,"78924a","CPA563  ",24.846093,121.121936,32100,33675,402.1,277,456,0.764,227.62,-0.03,0.18,237.83,232.90,320,64,,267,65,1012.8,34016,,"6043",-37.4,415,186,1,8,1,3,2,3,"A3",,2
1776570995.000,"71c379","TWB689  ",24.745056,121.177368,30000,,,,,,,,,,,,,,,,,,,,-37.5,427,186,,8,,2,,,"A3",,0
1776570995.000,"89914d","N/A",24.791107,121.323090,12625,13200,163.4,,,,232.71,,,,,896,,,,,1013.2,14000,,,-36.2,34,186,1,9,2,3,2,0,,,2
1776570995.000,"78924e","N/A",24.741257,121.475571,37000,,,,,,,,,,,,,,,,,,,,-37.0,14,186,,8,,2,,,,,0
1776571000.000,"846dc8","N/A",24.952927,121.044108,2900,3075,198.6,,,,76.31,,,,,,-576,,,,,,,,-36.5,54,186,,8,0,2,,,,,0
1776571000.000,"78924a","CPA563  ",24.846093,121.121936,32100,33675,402.1,277,456,0.764,227.62,-0.03,0.18,237.83,232.90,320,64,,267,65,1012.8,34016,,"6043",-37.4,415,186,1,8,1,3,2,3,"A3",,2
1776571000.000,"71c379","TWB689  ",24.745056,121.177368,30000,,,,,,,,,,,,,,,,,,,,-37.5,427,186,,8,,2,,,"A3",,0
1776571000.000,"89914d","MDA369  ",24.788880,121.319845,12700,13275,163.4,155,,0.296,232.71,,,240.29,235.34,832,864,,,,1013.6,14016,,"4454",-34.5,77,186,1,9,2,3,2,0,"A0",,2
1776571000.000,"78924e","N/A",24.741257,121.475571,37000,,,,,,,,,,,,,,,,,,,,-37.1,15,186,,8,,2,,,,,0
1776571005.000,"846dc8","N/A",24.955948,121.057892,2775,2950,198.6,,,,76.31,,,,,,-576,,,,,,,,-36.7,58,186,,8,0,2,,,,,0
1776571005.000,"78924a","CPA563  ",24.846093,121.121936,32100,33675,402.1,277,456,0.764,227.62,-0.03,0.18,237.83,232.90,320,64,,267,65,1012.8,34016,,"6043",-37.4,415,186,1,8,1,3,2,3,"A3",,2
1776571005.000,"89914d","MDA369  ",24.786553,121.316528,12775,13350,163.4,155,,0.296,232.71,,,240.29,235.34,832,864,,,,1013.6,14016,,"4454",-35.8,111,186,1,9,2,3,2,0,"A0",,2
1776571005.000,"78924e","N/A",24.741257,121.475571,37000,,,,,,,,,,,,,,,,,,,,-37.1,15,186,,8,,2,,,,,0
1776571010.000,"846dc8","N/A",24.957725,121.064206,2700,2875,198.6,,,,76.31,,,,,,-576,,,,,,,,-36.1,73,186,,8,0,2,,,,,0
1776571010.000,"78924a","CPA563  ",24.846093,121.121936,32100,33675,402.1,277,456,0.764,227.62,-0.03,0.18,237.83,232.90,320,64,,267,65,1012.8,34016,,"6043",-37.4,415,186,1,8,1,3,2,3,"A3",,2
1776571010.000,"89914d","MDA369  ",24.783783,121.312612,12850,13425,163.4,154,,0.296,232.71,,,239.24,234.29,832,800,,,,1013.6,14016,,"4454",-36.7,159,186,1,9,2,3,2,0,"A0",,2
1776571010.000,"78924e","N/A",24.741257,121.475571,37000,,,,,,,,,,,,,,,,,,,,-37.1,15,186,,8,,2,,,,,0
1776571015.000,"846dc8","JJP13   ",24.960379,121.070476,2650,2800,194.7,,,,61.46,,,,,,-576,,,,1012.0,2000,,"6023",-34.8,94,186,,8,0,2,,,"A0",,0
1776571015.000,"78924a","CPA563  ",24.846093,121.121936,32100,33675,402.1,277,456,0.764,227.62,-0.03,0.18,237.83,232.90,320,64,,267,65,1012.8,34016,,"6043",-37.4,415,186,1,8,1,3,2,3,"A3",,2
1776571015.000,"89914d","MDA369  ",24.781769,121.309713,12900,13475,164.0,154,,0.296,232.43,,,239.24,234.29,576,800,,,,1013.6,14016,,"4454",-36.0,170,186,1,9,2,3,2,0,"A0",,2
1776571015.000,"78924e","N/A",24.741257,121.475571,37000,,,,,,,,,,,,,,,,,,,,-37.1,15,186,,8,,2,,,,,0
1776571020.000,"846dc8","JJP13   ",24.961853,121.073201,2625,2775,193.4,,192,,57.46,-0.88,-9.14,,,,-576,,,,1012.0,2000,,"6023",-35.1,118,186,,8,0,2,,,"A0",,0
1776571020.000,"78924a","CPA563  ",24.846093,121.121936,32100,33675,402.1,277,456,0.764,227.62,-0.03,0.18,237.83,232.90,320,64,,267,65,1012.8,34016,,"6043",-37.4,415,186,1,8,1,3,2,3,"A3",,2
1776571020.000,"89914d","MDA369  ",24.779430,121.306319,12925,13500,165.6,153,,0.296,232.85,,,239.24,234.29,448,480,,,,1013.6,14016,,"4454",-35.7,216,186,1,9,2,3,2,0,"A0",,2
1776571020.000,"78928c","N/A",25.045150,121.351819,32000,,,,,,,,,,,,,,,,1012.8,32000,,,-37.9,26,186,1,8,,2,,,,,0
1776571020.000,"78924e","N/A",24.741257,121.475571,37000,,,,,,,,,,,,,,,,,,,,-37.1,15,186,,8,,2,,,,,0
1776571025.000,"846dc8","JJP13   ",24.964691,121.077779,2550,2725,193.4,181,192,0.288,54.26,-0.50,-5.27,56.43,51.46,-640,-640,,318,12,1012.0,2000,,"6023",-34.2,136,186,,8,0,2,,,"A0",,0
1776571025.000,"78924a","CPA563  ",24.846093,121.121936,32100,33675,402.1,277,456,0.764,227.62,-0.03,0.18,237.83,232.90,320,64,,267,65,1012.8,34016,,"6043",-37.4,415,186,1,8,1,3,2,3,"A3",,2
1776571025.000,"89914d","MDA369  ",24.776917,121.302745,12975,13550,167.0,153,,0.296,232.79,,,239.24,234.29,512,480,,,,1013.6,14016,,"4454",-35.7,243,186,1,9,2,3,2,0,"A0",,2
1776571025.000,"78928c","N/A",25.045150,121.351819,32000,,,,,,,,,,,,,,,,1012.8,32000,,,-37.8,35,186,1,9,,3,2,2,,,2
1776571025.000,"78924e","N/A",24.787491,121.539663,37000,,,247,,0.764,,,,54.14,49.18,-256,0,,,,,,,"3550",-37.1,23,186,,8,,2,,,,,0
1776571030.000,"846dc8","JJP13   ",24.964691,121.077779,2550,2725,193.4,181,192,0.288,54.26,-0.50,-5.27,56.43,51.46,-640,-640,,318,12,1012.0,2000,,"6023",-34.5,137,186,,8,0,2,,,"A0",,0
1776571030.000,"78924a","CPA563  ",24.846093,121.121936,32100,33675,402.1,,456,,227.62,-0.03,0.18,,,320,,,,,1012.8,34016,,"6043",-37.4,415,186,1,8,1,3,2,3,"A3",,2
1776571030.000,"89914d","MDA369  ",24.774961,121.299893,13025,13625,168.4,153,,0.296,232.72,,,239.24,234.29,576,480,,,,1013.6,14016,,"4454",-35.4,282,186,1,9,2,3,2,0,"A0",,2
1776571030.000,"78928c","N/A",25.045150,121.351819,32000,,,,,,,,,,,,,,,,1012.8,32000,,,-37.7,45,186,1,9,,3,2,2,,,2
1776571030.000,"78924e","HKE642  ",24.800937,121.558279,37000,38875,535.4,247,450,0.764,51.67,0.00,0.18,54.14,49.17,0,-32,,245,88,1013.6,36992,,"3550",-36.7,45,186,1,8,1,2,,,,,0
1776571035.000,"846dc8","JJP13   ",24.964691,121.077779,2550,2700,192.1,181,192,0.288,51.34,-0.50,-5.27,56.43,51.46,-640,-640,,318,12,1012.0,2000,,"6023",-36.4,144,186,,8,0,2,,,"A0",,0
1776571035.000,"78924a","CPA563  ",24.846093,121.121936,32100,33675,402.1,,,,227.62,,,,,320,,,,,1012.8,34016,,"6043",-37.4,415,186,1,8,1,3,2,3,"A3",,2
1776571035.000,"89914d","MDA369  ",24.772122,121.295851,13075,13675,168.4,153,,0.296,232.72,,,239.24,234.29,576,480,,,,1013.6,14016,,"4454",-36.2,304,186,1,9,2,3,2,0,"A0",,2
1776571035.000,"78928c","N/A",25.045150,121.351819,32000,,,,,,,,,,,,,,,,1012.8,32000,,,-37.7,48,186,1,9,,3,2,2,,,2
1776571035.000,"78924e","HKE642  ",24.808944,121.569421,37000,38875,535.4,246,450,0.764,51.67,-0.06,0.00,54.14,49.17,0,-32,,245,88,1013.6,36992,,"3550",-36.2,69,186,1,8,1,2,,,,,0
1776571040.000,"846dc8","JJP13   ",24.964691,121.077779,2550,2700,190.9,181,192,0.288,49.89,-0.50,-5.27,56.43,51.46,-640,-576,,318,12,1012.0,2000,,"6023",-36.3,146,186,,8,0,2,,,"A0",,0
1776571040.000,"78924a","CPA563  ",24.846093,121.121936,32100,33675,402.1,,,,227.62,,,,,320,,,,,,,,"6043",-37.4,415,186,1,8,1,3,2,3,"A3",,2
1776571040.000,"89914d","MDA369  ",24.770399,121.293312,13100,13700,169.0,153,,0.296,232.45,,,239.24,234.29,640,480,,,,1013.6,14016,,"4454",-36.2,325,186,1,9,2,3,2,0,"A0",,2
1776571040.000,"78928c","CRK607  ",25.023597,121.323835,32000,,,,,,,,,,,,,,,,1012.8,32000,,,-37.1,63,186,1,9,,3,2,2,"A3",,2
1776571040.000,"78924e","HKE642  ",24.808944,121.569421,37000,38875,535.4,246,450,0.764,51.67,-0.06,0.00,54.14,49.17,0,-32,,245,88,1013.6,36992,,"3550",-37.5,79,186,1,8,1,2,,,,,0
1776571045.000,"846dc8","JJP13   ",24.975906,121.092885,2375,2525,191.3,181,192,0.288,48.81,-0.50,-5.27,56.43,51.46,-640,-576,,318,12,1012.0,2000,,"6023",-35.3,153,186,,8,0,2,,,"A0",,0
1776571045.000,"78924a","CPA563  ",24.846093,121.121936,32100,33675,,,,,,,,,,,,,,,,,,,-37.4,415,186,,,,,,,"A3",,2
1776571045.000,"89914d","MDA369  ",24.769003,121.291343,13150,13750,169.8,155,,0.300,232.66,,,239.24,234.30,704,704,,,,1013.6,14016,,"4454",-36.9,334,186,1,9,2,3,2,0,"A0",,2
1776571045.000,"78928c","CRK607  ",25.017405,121.315803,32000,33525,398.7,,,,229.68,,,,,0,,,,,1012.8,32000,,,-37.8,70,186,1,9,1,3,2,2,"A3",,2
1776571045.000,"78924e","HKE642  ",24.823471,121.589559,37000,38875,536.2,246,450,0.764,51.74,-0.06,0.18,54.14,49.17,0,-32,,245,88,1013.6,36992,,"3550",-36.1,109,186,1,8,1,2,,,"A3",,0
1776571050.000,"846dc8","JJP13   ",24.975906,121.092885,2375,2525,190.6,181,192,0.288,48.62,-0.50,-5.27,56.43,51.46,-640,-640,,318,12,1012.0,2000,,"6023",-35.6,157,186,,8,0,2,,,"A0",,0
1776571050.000,"89914d","MDA369  ",24.769003,121.291343,13150,13750,169.8,155,,0.300,232.66,,,239.24,234.30,704,704,,,,1013.6,14016,,"4454",-36.9,334,186,1,9,2,3,2,0,"A0",,2
1776571050.000,"78928c","CRK607  ",25.017405,121.315803,32000,33525,398.7,,,,229.68,,,,,0,,,,,1012.8,32000,,,-37.6,72,186,1,9,1,3,2,2,"A3",,2
1776571050.000,"78924e","HKE642  ",24.826675,121.594086,37000,38875,535.5,247,450,0.764,51.82,0.00,0.00,54.32,49.34,0,0,,245,88,1013.6,36992,,"3550",-37.3,130,186,1,8,1,2,,,"A3",,0
1776571055.000,"846dc8","JJP13   ",24.975906,121.092885,2375,2525,190.6,181,192,0.288,48.62,-0.50,-5.27,56.43,51.46,-640,-640,,318,12,1012.0,2000,,"6023",-35.6,157,186,,8,0,2,,,"A0",,0
1776571055.000,"89914d","MDA369  ",24.769003,121.291343,13150,13750,169.8,155,,0.300,232.66,,,239.24,234.30,704,704,,,,1013.6,14016,,"4454",-36.9,334,186,1,9,2,3,2,0,"A0",,2
1776571055.000,"78928c","CRK607  ",25.017405,121.315803,32000,33525,398.7,,,,229.68,,,,,0,,,,,1012.8,32000,,,-37.6,72,186,1,9,1,3,2,2,"A3",,2
1776571055.000,"78924e","HKE642  ",24.826675,121.594086,37000,38875,535.5,247,450,0.764,51.82,0.00,0.00,54.32,49.34,0,0,,245,88,1013.6,36992,,"3550",-37.4,131,186,1,8,1,2,,,"A3",,0
1776571060.000,"846dc8","JJP13   ",24.975906,121.092885,2375,2525,190.6,181,192,0.288,48.62,-0.50,-5.27,56.43,51.46,-640,-640,,318,12,1012.0,2000,,"6023",-35.9,158,186,,8,0,2,,,"A0",,0
1776571060.000,"89914d","MDA369  ",24.769003,121.291343,13150,13750,169.8,155,,0.300,232.66,,,239.24,234.30,704,704,,,,1013.6,14016,,"4454",-37.1,335,186,1,9,2,3,2,0,"A0",,2
1776571060.000,"78928c","CRK607  ",25.001857,121.295748,32000,33525,398.7,,,,229.68,,,,,0,,,,,1012.8,32000,,,-38.0,78,186,1,9,1,3,2,2,"A3",,2
1776571060.000,"78924e","HKE642  ",24.826675,121.594086,37000,38875,535.5,247,450,0.764,51.82,0.00,0.00,54.32,49.34,0,0,,245,88,1013.6,36992,,"3550",-37.7,132,186,1,8,1,2,,,"A3",,0
1776571065.000,"846dc8","JJP13   ",24.986526,121.106262,2175,2325,183.0,181,192,0.288,49.43,-0.50,-5.27,56.43,51.46,-640,-640,,318,12,1012.0,2000,,"6023",-35.2,169,186,,8,0,2,,,"A0",,0
1776571065.000,"89914d","MDA369  ",24.769003,121.291343,13150,13750,169.8,155,,0.300,232.66,,,239.24,234.30,704,704,,,,1013.6,14016,,"4454",-37.1,335,186,1,9,2,3,2,0,"A0",,2
1776571065.000,"78928c","CRK607  ",25.001857,121.295748,32000,33525,398.0,,,,229.59,,,,,0,,,,,1012.8,32000,,,-37.9,79,186,1,9,1,3,2,2,"A3",,2
1776571065.000,"78924e","HKE642  ",24.826675,121.594086,37000,38875,535.5,247,450,0.764,51.82,0.00,0.00,54.32,49.34,0,0,,245,88,1013.6,36992,,"3550",-37.7,132,186,1,8,1,2,,,"A3",,0
1776571070.000,"846dc8","JJP13   ",24.990372,121.111196,2125,2250,180.9,181,192,0.288,49.71,-0.50,-5.27,56.43,51.46,-640,-576,,318,12,1012.0,2000,,"6023",-34.9,178,186,,8,0,2,,,"A0",,0
1776571070.000,"89914d","MDA369  ",24.769003,121.291343,13150,13750,172.0,155,,0.300,232.80,,,239.24,234.30,576,704,,,,1013.6,14016,,"4454",-37.4,338,186,1,9,2,3,2,0,"A0",,2
1776571070.000,"78928c","CRK607  ",25.001857,121.295748,32000,33525,398.0,,,,229.59,,,,,0,,,,,1012.8,32000,,,-38.1,85,186,1,9,1,3,2,2,"A3",,2
1776571070.000,"78924e","HKE642  ",24.826675,121.594086,37000,38875,535.5,247,450,0.764,51.82,0.00,0.00,54.32,49.34,0,0,,245,88,1013.6,36992,,"3550",-37.7,132,186,1,8,1,2,,,"A3",,0
1776571075.000,"846dc8","JJP13   ",24.991755,121.112970,2100,2250,177.3,181,192,0.288,49.57,-0.50,-5.27,56.43,51.46,-640,-512,,318,12,1012.0,2000,,"6023",-35.2,188,186,,8,0,2,,,"A0",,0
1776571075.000,"89914d","MDA369  ",24.769003,121.291343,13150,13750,172.0,155,,0.300,232.80,,,239.24,234.30,576,704,,,,1013.6,14016,,"4454",-37.5,339,186,1,9,2,3,2,0,"A0",,2
1776571075.000,"78928c","CRK607  ",25.001857,121.295748,32000,33525,398.0,,,,229.59,,,,,0,,,,,1012.8,32000,,,-38.6,89,186,1,9,1,3,2,2,"A3",,2
1776571075.000,"78924e","HKE642  ",24.826675,121.594086,37000,38875,535.5,247,450,0.764,51.82,0.00,0.00,54.32,49.34,0,0,,245,88,1013.6,36992,,"3550",-37.7,132,186,1,8,1,2,,,"A3",,0
1776571080.000,"846dc8","JJP13   ",24.991755,121.112970,2100,2250,172.9,181,192,0.288,48.75,-0.50,-5.27,56.43,51.46,-640,-256,,318,12,1012.0,2000,,"6023",-35.8,194,186,,8,0,2,,,"A0",,0
1776571080.000,"89914d","MDA369  ",24.750549,121.264852,13525,14150,174.8,155,,0.300,232.67,,,239.77,234.83,576,544,,,,1013.6,14016,,"4454",-34.9,383,186,1,9,2,3,2,0,"A0",,2
1776571080.000,"78928c","CRK607  ",25.001857,121.295748,32000,33525,398.0,,,,229.59,,,,,0,,,,,1012.8,32000,,,-38.1,94,186,1,9,1,3,2,2,"A3",,2
1776571080.000,"78924e","HKE642  ",24.826675,121.594086,37000,38875,535.5,247,450,0.764,51.82,0.00,0.00,54.32,49.34,0,0,,245,88,1013.6,36992,,"3550",-37.7,133,186,1,8,1,2,,,"A3",,0
1776571085.000,"846dc8","JJP13   ",24.991755,121.112970,2100,2250,169.4,,,,49.07,,,,,,-128,,,,,,,"6023",-36.1,196,186,,8,0,2,,,"A0",,0
1776571085.000,"89914d","MDA369  ",24.748169,121.261393,13575,14200,174.8,155,,0.304,232.67,,,239.77,234.83,640,608,,,,1013.6,14016,,"4454",-33.0,415,186,1,9,2,3,2,0,"A0",,2
1776571085.000,"78928c","CRK607  ",25.001857,121.295748,32000,33525,398.0,,,,229.59,,,,,0,,,,,1012.8,32000,,,-37.6,98,186,1,9,1,3,2,2,"A3",,2
1776571085.000,"78924e","HKE642  ",24.826675,121.594086,37000,38875,535.5,247,450,0.764,51.82,0.00,0.00,54.32,49.34,0,0,,245,88,1013.6,36992,,"3550",-37.7,133,186,1,8,1,2,,,"A3",,0
1776571090.000,"846dc8","JJP13   ",24.991755,121.112970,2100,2250,169.4,,,,49.07,,,,,,-128,,,,,,,"6023",-36.4,199,186,,8,0,2,,,"A0",,0
1776571090.000,"78928c","CRK607  ",24.966385,121.249949,32000,33525,397.3,,,,229.70,,,,,0,,,,,1012.8,32000,,"3733",-37.4,124,186,1,9,1,3,2,2,"A3",,2
1776571090.000,"89914d","MDA369  ",24.745651,121.257833,13650,14275,174.8,155,,0.304,232.67,,,239.59,234.66,704,672,,,,1013.6,14016,,"4454",-33.3,464,186,1,9,2,3,2,0,"A0",,2
1776571090.000,"78924e","HKE642  ",24.826675,121.594086,37000,38875,535.5,247,450,0.764,51.82,0.00,0.00,54.32,49.34,0,0,,245,88,1013.6,36992,,"3550",-37.7,133,186,1,8,1,2,,,"A3",,0
1776571095.000,"846dc8","JJP13   ",24.991755,121.112970,2100,2250,169.4,,,,49.07,,,,,,-128,,,,,,,"6023",-36.7,200,186,,8,0,2,,,"A0",,0
1776571095.000,"78928c","CRK607  ",24.955536,121.235911,32000,33525,397.3,276,,0.764,229.70,,,238.01,233.04,64,0,,,,1012.8,32000,,"3733",-35.8,152,186,1,9,1,3,2,2,"A3",,2
1776571095.000,"89914d","MDA369  ",24.743259,121.254393,13700,14325,175.4,155,,0.300,232.41,,,239.59,234.66,640,672,,,,1013.6,14016,,"4454",-35.0,489,186,1,9,2,3,2,0,"A0",,2
1776571095.000,"78924e","HKE642  ",24.826675,121.594086,37000,38875,535.5,247,450,0.764,51.82,0.00,0.00,54.32,49.34,0,0,,245,88,1013.6,36992,,"3550",-37.7,133,186,1,8,1,2,,,"A3",,0
1776571100.000,"846dc8","JJP13   ",24.991755,121.112970,2100,2250,169.4,,,,49.07,,,,,,-128,,,,,,,"6023",-36.7,200,186,,8,0,2,,,"A0",,0
1776571100.000,"78928c","CRK607  ",24.949677,121.228383,32000,33525,397.2,277,456,0.764,229.49,-0.03,-0.35,238.01,233.04,0,32,,255,64,1012.8,32000,,"3733",-35.6,200,186,1,9,1,3,2,2,"A3",,2
1776571100.000,"89914d","MDA369  ",24.740891,121.251017,13750,14375,176.2,155,,0.304,232.61,,,239.94,235.01,576,608,,,,1013.6,14016,,"4454",-35.5,547,186,1,9,2,3,2,0,"A0",,2
1776571100.000,"78924e","HKE642  ",24.826675,121.594086,37000,38875,535.5,247,450,0.764,51.82,0.00,0.00,54.32,49.34,0,0,,245,88,1013.6,36992,,"3550",-37.7,133,186,1,8,1,2,,,"A3",,0
1776571105.000,"846dc8","JJP13   ",24.991755,121.112970,2100,2250,169.4,,,,49.07,,,,,,-128,,,,,,,"6023",-36.7,200,186,,8,0,2,,,"A0",,0
1776571105.000,"78928c","CRK607  ",24.943817,121.220856,32000,33525,397.2,277,454,0.764,229.49,0.12,-0.18,238.01,233.04,-64,32,,255,64,1012.8,32000,,"3733",-33.6,239,186,1,9,1,3,2,2,"A3",,2
1776571105.000,"89914d","MDA369  ",24.738831,121.248067,13800,14425,177.0,155,,0.304,232.81,,,239.94,235.01,640,608,,,,1013.6,14016,,"4454",-36.3,571,186,1,9,2,3,2,0,"A0",,2
1776571105.000,"78924e","HKE642  ",24.826675,121.594086,37000,38875,535.5,247,450,0.764,51.82,0.00,0.00,54.32,49.34,0,0,,245,88,,,,,-37.7,133,186,,8,1,2,,,"A3",,0
1776571110.000,"846dc8","JJP13   ",24.991755,121.112970,2100,2250,169.4,,,,49.07,,,,,,-128,,,,,,,"6023",-36.7,200,186,,8,0,2,,,"A0",,0
1776571110.000,"78928c","CRK607  ",24.938095,121.213481,32000,33525,396.6,275,452,0.760,229.60,0.03,0.00,238.18,233.22,0,0,,257,63,1012.8,32000,,"3733",-32.7,345,186,1,9,1,3,2,2,"A3",,2
1776571110.000,"89914d","MDA369  ",24.737813,121.246620,13800,14425,177.6,155,,0.304,232.55,,,239.94,235.01,704,608,,,,1013.6,14016,,"4454",-36.8,588,186,1,9,2,3,2,0,"A0",,2
1776571115.000,"846dc8","JJP13   ",24.991755,121.112970,2100,2250,169.4,,,,49.07,,,,,,-128,,,,,,,"6023",-36.7,200,186,,8,0,2,,,"A0",,0
1776571115.000,"78928c","CRK607  ",24.932122,121.205784,32000,33525,396.6,275,454,0.760,229.60,-0.03,-0.18,238.36,233.40,64,64,,258,64,1012.8,32000,,"3733",-32.2,402,186,1,9,1,3,2,2,"A3",,2
1776571115.000,"89914d","MDA369  ",24.737813,121.246620,13800,14425,177.6,155,,0.304,232.55,,,239.94,235.01,704,608,,,,1013.6,14016,,"4454",-37.0,589,186,1,9,2,3,2,0,"A0",,2
1776571120.000,"846dc8","JJP13   ",24.991755,121.112970,2100,2250,169.4,,,,49.07,,,,,,-128,,,,,,,"6023",-36.7,200,186,,8,0,2,,,"A0",,0
1776571120.000,"78928c","CRK607  ",24.925185,121.196922,32000,33525,396.6,275,454,0.760,229.60,0.06,0.70,238.54,233.58,0,0,,260,63,1012.8,32000,,"3733",-30.8,502,186,1,9,1,3,2,2,"A3",,2
1776571120.000,"89914d","MDA369  ",24.737813,121.246620,13800,14425,177.6,155,,0.304,232.55,,,239.94,235.01,704,608,,,,1013.6,14016,,"4454",-37.0,589,186,1,9,2,3,2,0,"A0",,2
1776571125.000,"846dc8","JJP13   ",24.991755,121.112970,2100,2250,169.4,,,,49.07,,,,,,-128,,,,,,,"6023",-36.7,200,186,,8,0,2,,,"A0",,0
1776571125.000,"78928c","CRK607  ",24.919510,121.189524,32000,33525,396.6,276,454,0.764,229.60,0.00,-0.18,238.01,233.06,0,0,,257,62,1012.8,32000,,"3733",-30.0,561,186,1,9,1,3,2,2,"A3",,2
1776571125.000,"89914d","MDA369  ",24.737813,121.246620,13800,14425,177.6,155,,0.304,232.55,,,239.94,235.01,704,608,,,,1013.6,14016,,"4454",-37.0,589,186,1,9,2,3,2,0,"A0",,2
1776571130.000,"846dc8","JJP13   ",24.991755,121.112970,2100,2250,169.4,,,,49.07,,,,,,-128,,,,,,,"6023",-36.7,200,186,,8,0,2,,,"A0",,0
1776571130.000,"78928c","CRK607  ",24.913376,121.181691,32000,33525,397.2,274,452,0.756,229.49,-0.03,-0.18,238.18,233.23,-64,-64,,257,62,1012.8,32000,,"3733",-30.0,674,186,1,9,1,3,2,2,"A3",,2
1776571130.000,"89914d","MDA369  ",24.737813,121.246620,13800,14425,177.6,155,,0.304,232.55,,,239.94,235.01,704,608,,,,1013.6,14016,,"4454",-37.0,589,186,1,9,2,3,2,0,"A0",,2
1776571135.000,"899026","N/A",24.968491,121.056569,3175,3350,197.7,,194,,78.92,-2.16,-24.08,,,,-1024,,,,,,,"3602",-36.1,39,186,,8,0,2,,,,,0
1776571135.000,"78928c","CRK607  ",24.907309,121.173913,32000,33525,397.2,274,452,0.760,229.49,0.09,0.70,238.54,233.59,-64,-64,,261,61,1012.8,32000,,"3733",-30.0,729,186,1,9,1,3,2,2,"A3",,2
1776571135.000,"89914d","MDA369  ",24.737813,121.246620,13800,14425,177.6,155,,0.304,232.55,,,239.94,235.01,704,608,,,,1013.6,14016,,"4454",-37.0,589,186,1,9,2,3,2,0,"A0",,2
1776571140.000,"899026","N/A",24.968898,121.058712,3125,3325,197.9,,194,,78.63,-2.16,-24.08,,,,-1088,,,,,,,"3602",-36.6,47,186,,8,0,2,,,,,0
1776571140.000,"78928c","CRK607  ",24.902298,121.167450,32000,33525,396.6,274,452,0.756,229.60,-0.03,-0.18,238.54,233.59,-64,-32,,260,63,1012.8,32000,,"3733",-29.6,830,186,1,9,1,3,2,2,"A3",,2
1776571140.000,"89914d","MDA369  ",24.737813,121.246620,13800,14425,177.6,155,,0.304,232.55,,,239.94,235.01,704,608,,,,1013.6,14016,,"4454",-37.0,589,186,1,9,2,3,2,0,"A0",,2
1776571145.000,"899026","N/A",24.970139,121.064606,3050,3225,197.2,,194,,76.81,-2.16,-24.08,,,,-832,,,,1012.0,2000,,"3602",-35.6,62,186,,8,0,2,,,,,0
1776571145.000,"78928c","CRK607  ",24.896484,121.159922,32000,33525,396.6,274,450,0.756,229.60,0.00,-0.35,238.54,233.59,0,0,,260,61,1012.8,32000,,"3733",-30.3,889,186,1,9,1,3,2,2,"A3",,2
1776571145.000,"89914d","MDA369  ",24.737813,121.246620,13800,14425,177.6,155,,0.304,232.55,,,239.94,235.01,704,608,,,,1013.6,14016,,"4454",-37.0,589,186,1,9,2,3,2,0,"A0",,2
1776571150.000,"899026","N/A",24.971319,121.070061,2975,3150,196.2,,194,,76.74,-2.16,-24.08,,,,-832,,,,1012.0,2000,,"3602",-35.3,82,186,,8,0,2,,,,,0
1776571150.000,"78928c","CRK607  ",24.889572,121.151021,32000,33525,396.6,274,450,0.756,229.60,0.09,0.70,238.71,233.77,-64,-32,,261,63,1012.8,32000,,"3733",-30.7,995,186,1,9,1,3,2,2,"A3",,2
1776571150.000,"89914d","MDA369  ",24.737813,121.246620,13800,14425,177.6,155,,0.304,232.55,,,239.94,235.01,704,608,,,,1013.6,14016,,"4454",-37.0,589,186,1,9,2,3,2,0,"A0",,2
1776571155.000,"899026","N/A",24.972382,121.075083,2925,3100,195.0,,194,,76.96,-2.16,-24.08,,,,-896,,,,1012.0,2000,,"3602",-35.7,91,186,,8,0,2,,,,,0
1776571155.000,"78928c","CRK607  ",24.883614,121.143338,31975,33500,396.6,273,450,0.756,229.60,0.00,0.00,238.71,233.78,0,-32,,262,62,1012.8,32000,,"3733",-32.4,1048,186,1,9,1,3,2,2,"A3",,2
1776571155.000,"89914d","MDA369  ",24.737813,121.246620,13800,14425,177.6,155,,0.304,232.55,,,239.94,235.01,704,608,,,,1013.6,14016,,"4454",-37.0,589,186,1,9,2,3,2,0,"A0",,2
1776571160.000,"899026","TTW241  ",24.973413,121.079960,2825,3000,195.0,180,194,0.288,76.96,-2.16,-24.08,78.93,73.96,-864,-896,,,,1012.0,2000,,"3602",-34.8,117,186,,8,0,2,,,"A0",,0
1776571160.000,"78928c","CRK607  ",24.878632,121.136882,31975,33500,395.9,274,452,0.756,229.71,0.03,0.35,238.71,233.78,-64,-64,,261,63,1012.8,32000,,"3733",-33.5,1137,186,1,9,1,3,2,2,"A3",,2
1776571160.000,"89914d","MDA369  ",24.737813,121.246620,13800,14425,177.6,,,,232.55,,,,,704,,,,,1013.6,14016,,"4454",-37.0,589,186,1,9,2,3,2,0,"A0",,2
1776571165.000,"899026","TTW241  ",24.974112,121.083224,2775,2950,194.0,179,194,0.284,75.68,-2.16,-24.08,75.76,70.80,-960,-1280,,,,1012.0,2000,,"3602",-35.5,141,186,,8,0,2,,,"A0",,0
1776571165.000,"78928c","CRK607  ",24.872302,121.128776,31975,33500,396.6,273,450,0.756,229.60,0.00,0.00,238.71,233.78,-64,-32,,262,62,1012.8,32000,,"3733",-34.5,1186,186,1,9,1,3,2,2,"A3",,2
1776571165.000,"89914d","MDA369  ",24.737813,121.246620,13800,14425,177.6,,,,232.55,,,,,704,,,,,1013.6,14016,,,-37.0,589,186,1,9,2,3,,,"A0",,2
1776571170.000,"899026","TTW241  ",24.976020,121.089339,2700,2875,193.3,179,188,0.284,67.81,-1.47,-14.77,66.09,61.13,-608,-1152,,,,1012.0,2000,,"3602",-35.3,189,186,,8,0,2,,,"A0",,0
1776571170.000,"78928c","CRK607  ",24.866483,121.121210,31975,33500,396.7,274,450,0.756,229.81,0.00,0.18,238.89,233.96,0,-32,,262,62,1012.8,32000,,"3733",-35.3,1257,186,1,9,1,3,2,2,"A3",,2
1776571175.000,"899026","TTW241  ",24.978058,121.093445,2675,2825,190.4,179,188,0.284,60.07,-1.47,-14.77,66.09,61.13,-608,-704,,,,1012.0,2000,,"3602",-34.1,214,186,,8,0,2,,,"A0",,0
1776571175.000,"78928c","CRK607  ",24.862107,121.115561,31975,33500,396.6,273,450,0.756,229.60,0.00,0.18,239.06,234.14,0,0,,262,62,1012.8,32000,,"3733",-35.7,1284,186,1,9,1,3,2,2,"A3",,2
1776571180.000,"899026","TTW241  ",24.978516,121.094259,2675,2825,186.9,179,188,0.284,56.56,-1.47,-14.77,66.09,61.13,-608,-128,,,,1012.0,2000,,"3602",-36.5,221,186,,8,0,2,,,"A0",,0
1776571180.000,"78928c","CRK607  ",24.856009,121.107736,31975,33500,396.6,273,450,0.756,229.60,0.00,0.18,239.06,234.14,0,0,,262,62,1012.8,32000,,"3733",-37.1,1298,186,1,9,1,3,2,2,"A3",,2
1776571185.000,"899026","TTW241  ",24.982635,121.100515,2650,2800,182.6,179,188,0.284,52.57,-1.47,-14.77,66.09,61.13,-608,-576,,,,1012.0,2000,,"3602",-36.3,227,186,,8,0,2,,,"A0",,0
1776571185.000,"78928c","CRK607  ",24.852219,121.102804,31975,33500,396.6,273,450,0.756,229.60,0.00,0.18,239.06,234.14,0,0,,262,62,1012.8,32000,,"3733",-36.9,1302,186,1,9,1,3,2,2,"A3",,2
1776571190.000,"78928c","CRK607  ",24.852219,121.102804,31975,33500,396.6,273,450,0.756,229.60,0.00,0.18,239.06,234.14,0,0,,262,62,1012.8,32000,,"3733",-36.9,1302,186,1,9,1,3,2,2,"A3",,2
1776571190.000,"899026","TTW241  ",24.985153,121.103973,2575,2725,182.6,179,188,0.284,52.57,-1.47,-14.77,66.09,61.13,-608,-576,,,,1012.0,2000,,"3602",-36.2,230,186,,8,0,2,,,"A0",,0
1776571195.000,"78928c","CRK607  ",24.852219,121.102804,31975,33500,396.6,273,450,0.756,229.60,0.00,0.18,239.06,234.14,0,0,,262,62,1012.8,32000,,"3733",-36.9,1302,186,1,9,1,3,2,2,"A3",,2
1776571195.000,"899026","TTW241  ",24.985153,121.103973,2575,2725,182.6,179,188,0.284,52.57,-1.47,-14.77,66.09,61.13,-608,-576,,,,1012.0,2000,,"3602",-36.2,230,186,,8,0,2,,,"A0",,0
1776571200.000,"78928c","CRK607  ",24.852219,121.102804,31975,33500,396.6,273,450,0.756,229.60,0.00,0.18,239.06,234.14,0,0,,262,62,1012.8,32000,,"3733",-36.9,1302,186,1,9,1,3,2,2,"A3",,2
1776571200.000,"899026","TTW241  ",24.985153,121.103973,2575,2725,182.6,179,188,0.284,52.57,-1.47,-14.77,66.09,61.13,-608,-576,,,,1012.0,2000,,"3602",-36.5,235,186,,8,0,2,,,"A0",,0
1776571205.000,"78928c","CRK607  ",24.852219,121.102804,31975,33500,396.6,273,450,0.756,229.60,0.00,0.18,239.06,234.14,0,0,,262,62,1012.8,32000,,"3733",-36.9,1302,186,1,9,1,3,2,2,"A3",,2
1776571205.000,"899026","TTW241  ",24.993851,121.115468,2400,2550,175.3,179,188,0.284,49.86,-1.47,-14.77,66.09,61.13,-608,-768,,,,1012.0,2000,,"3602",-33.5,251,186,,8,0,2,,,"A0",,0
1776571211.000,"78928c","CRK607  ",24.852219,121.102804,31975,33500,396.6,273,450,0.756,229.60,0.00,0.18,239.06,234.14,0,0,,262,62,1012.8,32000,,"3733",-36.9,1302,186,1,9,1,3,2,2,"A3",,2
1776571211.000,"899026","TTW241  ",24.996829,121.119293,2325,2450,170.9,179,188,0.284,49.51,-1.47,-14.77,66.09,61.13,-608,-768,,,,1012.0,2000,,"3602",-33.7,281,186,,8,0,2,,,"A0",,0
1776571211.000,"7504b5","N/A",25.228043,121.429749,7875,,,,,,,,,,,,,,,,,,,,-37.8,12,186,,8,,2,,,,,0
1776571216.000,"78928c","CRK607  ",24.852219,121.102804,31975,33500,396.6,273,450,0.756,229.60,0.00,0.18,239.06,234.14,0,0,,262,62,1012.8,32000,,"3733",-36.9,1302,186,1,9,1,3,2,2,"A3",,2
1776571216.000,"899026","TTW241  ",24.999298,121.122437,2250,2375,170.2,179,188,0.284,49.29,-1.47,-14.77,66.09,61.13,-608,-896,,,,1012.0,2000,,"3602",-32.9,306,186,,8,0,2,,,"A0",,0
1776571216.000,"7504b5","N/A",25.228043,121.429749,7875,,,,,,,,,,,,,,,,,,,,-37.8,12,186,,8,,2,,,,,0
1776571221.000,"78928c","CRK607  ",24.852219,121.102804,31975,33500,396.6,273,450,0.756,229.60,0.00,0.18,239.06,234.14,0,0,,262,62,1012.8,32000,,"3733",-36.9,1302,186,1,9,1,3,2,2,"A3",,2
1776571221.000,"899026","TTW241  ",25.002090,121.125946,2175,2300,169.4,179,188,0.284,49.07,-1.47,-14.77,66.09,61.13,-608,-1024,,,,1012.0,2000,,"3602",-34.4,325,186,,8,0,2,,,"A0",,0
1776571221.000,"7504b5","N/A",25.228043,121.429749,7875,,,,,,,,,,,,,,,,,,,,-37.9,13,186,,8,,2,,,,,0
1776571226.000,"78928c","CRK607  ",24.852219,121.102804,31975,33500,396.6,273,450,0.756,229.60,0.00,0.18,239.06,234.14,0,0,,262,62,1012.8,32000,,"3733",-36.9,1302,186,1,9,1,3,2,2,"A3",,2
1776571226.000,"899026","TTW241  ",25.003784,121.128184,2100,2200,168.0,179,188,0.284,49.10,-1.47,-14.77,66.09,61.13,-608,-1024,,,,1012.0,2000,,"3602",-36.4,340,371,,7,0,2,,,"A0",,0
1776571226.000,"7504b5","N/A",25.228043,121.429749,7875,,,,,,,,,,,,,,,,,,,,-37.9,13,186,,8,,2,,,,,0
1776571231.000,"78928c","CRK607  ",24.852219,121.102804,31975,33500,396.6,273,,0.756,229.60,,,239.06,234.14,0,0,,,,1012.8,32000,,,-36.9,1302,186,1,9,1,3,2,2,"A3",,2
1776571231.000,"899026","TTW241  ",25.003784,121.128184,2100,2200,168.0,,,,49.10,,,,,,-1024,,,,,,,"3602",-36.4,340,371,,7,0,2,,,"A0",,0
1776571231.000,"7504b5","N/A",25.228043,121.429749,7875,,,,,,,,,,,,,,,,,,,,-37.9,13,186,,8,,2,,,,,0
1776571236.000,"78928c","CRK607  ",24.852219,121.102804,31975,33500,396.6,,,,229.60,,,,,0,,,,,1012.8,32000,,,-36.9,1302,186,1,9,1,3,,,"A3",,2
1776571236.000,"899026","TTW241  ",25.003784,121.128184,2100,2200,168.0,,,,49.10,,,,,,-1024,,,,,,,"3602",-36.4,340,371,,7,0,2,,,"A0",,0
1776571236.000,"7504b5","N/A",25.228043,121.429749,7875,,,,,,,,,,,,,,,,,,,,-37.9,13,186,,8,,2,,,,,0
1776571241.001,"78928c","CRK607  ",24.852219,121.102804,31975,33500,396.6,,,,229.60,,,,,0,,,,,,,,,-36.9,1302,186,,,1,,,,"A3",,2
1776571241.001,"899026","TTW241  ",25.003784,121.128184,2100,2200,168.0,,,,49.10,,,,,,-1024,,,,,,,"3602",-36.4,340,371,,7,0,2,,,"A0",,0
1776571241.001,"7504b5","N/A",25.228043,121.429749,7875,,,,,,,,,,,,,,,,,,,,-37.9,13,186,,8,,2,,,,,0
1776571246.000,"899026","TTW241  ",25.003784,121.128184,2100,2200,168.0,,,,49.10,,,,,,-1024,,,,,,,"3602",-36.4,340,371,,7,0,2,,,"A0",,0
1776571246.000,"7504b5","N/A",25.228043,121.429749,7875,,,,,,,,,,,,,,,,,,,,-38.1,16,186,,8,,2,,,,,0
1776571251.000,"899026","TTW241  ",25.003784,121.128184,2100,2200,168.0,,,,49.10,,,,,,-1024,,,,,,,"3602",-36.4,340,371,,7,0,2,,,"A0",,0
1776571251.000,"7504b5","N/A",25.228043,121.429749,7875,,,,,,,,,,,,,,,,,,,,-38.1,16,186,,8,,2,,,,,0
1776571256.000,"899013","N/A",24.919144,121.020915,4600,4850,186.4,,,,48.70,,,,,-1024,,,,,,,,,-36.8,19,186,1,10,2,3,2,2,,,2
1776571256.000,"899026","TTW241  ",25.003784,121.128184,2100,2200,168.0,,,,49.10,,,,,,-1024,,,,,,,"3602",-36.4,340,371,,7,0,2,,,"A0",,0
1776571256.000,"7504b5","N/A",25.228043,121.429749,7875,,,,,,,,,,,,,,,,,,,,-38.1,16,186,,8,,2,,,,,0
1776571261.000,"899013","N/A",24.919144,121.020915,4600,4850,186.4,,,,48.70,,,,,-1024,,,,,,,,,-36.8,19,186,1,10,2,3,2,2,,,2
1776571261.000,"899026","TTW241  ",25.003784,121.128184,2100,2200,168.0,,,,49.10,,,,,,-1024,,,,,,,"3602",-36.4,340,371,,7,0,2,,,"A0",,0
1776571261.000,"7504b5","N/A",25.228043,121.429749,7875,,,,,,,,,,,,,,,,,,,,-38.1,16,186,,8,,2,,,,,0
1776571266.000,"899013","N/A",24.919144,121.020915,4600,4850,186.4,,,,48.70,,,,,-1024,,,,,,,,,-36.8,19,186,1,10,2,3,2,2,,,2
1776571266.000,"899026","TTW241  ",25.003784,121.128184,2100,2200,168.0,,,,49.10,,,,,,-1024,,,,,,,"3602",-36.4,340,371,,7,0,2,,,"A0",,0
1776571271.000,"899013","N/A",24.919144,121.020915,4600,4850,186.4,,,,48.70,,,,,-1024,,,,,,,,,-36.8,19,186,1,10,2,3,2,2,,,2
1776571271.000,"899026","TTW241  ",25.003784,121.128184,2100,2200,168.0,,,,49.10,,,,,,-1024,,,,,,,,-36.4,340,371,,7,0,2,,,"A0",,0
1776571276.000,"899013","N/A",24.919144,121.020915,4600,4850,186.4,,,,48.70,,,,,-1024,,,,,,,,,-36.8,19,186,1,10,2,3,2,2,,,2
1776571276.000,"899026","TTW241  ",25.003784,121.128184,2100,2200,168.0,,,,49.10,,,,,,-1024,,,,,,,,-36.4,340,371,,7,0,2,,,"A0",,0
1776571281.000,"899013","N/A",24.919144,121.020915,4600,4850,186.4,,,,48.70,,,,,-1024,,,,,,,,,-36.8,19,186,1,10,2,3,2,2,,,2
1776571281.000,"899026","TTW241  ",25.003784,121.128184,2100,2200,168.0,,,,49.10,,,,,,-1024,,,,,,,,-36.4,340,371,,7,0,2,,,"A0",,0
1776571286.000,"899013","N/A",24.938644,121.045685,4025,4250,187.2,,,,49.33,,,,,-1024,,,,,1012.0,3008,,,-36.5,26,186,1,10,2,3,2,2,,,2
1776571291.000,"899013","N/A",24.939756,121.047104,3975,4200,187.2,173,,0.280,49.33,,,52.91,47.96,-1024,-1056,,,,1012.0,3008,,,-36.9,32,186,1,10,2,3,2,2,,,2
1776571296.000,"899013","N/A",24.939756,121.047104,3975,4200,187.9,173,,0.280,49.10,,,52.91,47.96,-1024,-1056,,,,1012.0,3008,,,-37.1,36,186,1,10,2,3,,,,,2
1776571301.000,"899013","N/A",24.945923,121.054942,3800,4025,187.9,173,,0.280,49.10,,,52.91,47.96,-1024,-1056,,,,1012.0,3008,,,-37.7,39,186,1,10,2,3,,,,,2
1776571306.000,"899013","N/A",24.945923,121.054942,3800,4025,187.9,173,,0.280,49.10,,,52.91,47.96,-1024,-1056,,,,1012.0,3008,,,-37.9,40,186,1,10,2,3,,,,,2
1776571311.000,"899013","N/A",24.950638,121.060944,3650,3875,187.9,173,,0.280,49.10,,,52.91,47.96,-1024,-1056,,,,1012.0,3008,,,-38.0,46,186,1,10,2,3,,,,,2
1776571316.000,"899013","N/A",24.950638,121.060944,3650,3875,187.9,173,,0.280,49.10,,,52.91,47.96,-1024,-1056,,,,1012.0,3008,,,-38.0,46,186,1,10,2,3,,,,,2
1776571321.000,"899013","N/A",24.950638,121.060944,3650,3875,187.9,173,,0.280,49.10,,,52.91,47.96,-1024,-1056,,,,1012.0,3008,,,-37.7,49,186,1,10,2,3,,,,,2
1776571326.000,"899013","N/A",24.950638,121.060944,3650,3875,187.9,173,,0.280,49.10,,,52.91,47.96,-1024,-1056,,,,1012.0,3008,,,-37.7,49,186,1,10,2,3,,,,,2
1776571331.000,"899013","N/A",24.950638,121.060944,3300,3525,187.9,173,,0.280,49.10,,,52.91,47.96,-1024,-1056,,,,1012.0,3008,,,-37.9,53,186,1,10,2,3,,,,,2
1776571336.000,"899013","N/A",24.966248,121.080577,3225,3450,187.9,173,,0.280,49.10,,,52.91,47.96,-1024,-1056,,,,1012.0,3008,,,-37.2,59,186,1,10,2,3,,,,,2
1776571341.000,"899013","N/A",24.969596,121.084779,3125,3350,187.9,173,,0.280,49.10,,,52.91,47.96,-1024,-1056,,,,1012.0,3008,,,-37.1,74,186,1,10,2,3,,,,,2
1776571346.000,"899013","N/A",24.972336,121.088257,3050,3225,187.2,173,,0.280,49.33,,,52.91,47.96,-1024,-1056,,,,1012.0,3008,,,-37.4,77,186,1,10,2,3,,,,,2
1776571351.000,"899013","N/A",24.973526,121.089783,3000,3175,187.2,177,,0.284,49.33,,,51.86,46.89,-1024,-992,,,,1012.0,3008,,,-37.7,83,186,1,10,2,3,,,,,2
1776571356.000,"899013","N/A",24.973526,121.089783,3000,3175,187.2,177,,0.284,49.33,,,51.86,46.89,-1024,-992,,,,1012.0,3008,,,-37.7,83,186,1,10,2,3,,,,,2
1776571361.000,"899013","N/A",24.973526,121.089783,3000,3175,187.2,177,,0.284,49.33,,,51.86,46.89,-1024,-992,,,,1012.0,3008,,,-37.7,83,186,1,10,2,3,,,,,2
1776571366.000,"899013","N/A",24.973526,121.089783,3000,3175,187.2,177,,0.284,49.33,,,51.86,46.89,-1024,-992,,,,1012.0,3008,,,-37.7,83,186,1,10,2,3,,,,,2
1776571371.000,"899013","N/A",24.973526,121.089783,3000,3175,187.2,177,,0.284,49.33,,,51.86,46.89,-1024,-992,,,,1012.0,3008,,,-37.9,84,186,1,10,2,3,,,,,2
1776571371.000,"780a13","HKC962  ",24.828918,121.597239,37000,38875,559.7,,,,51.82,,,,,,0,,,,,,,"3571",-35.7,12,186,,8,0,2,,,,,0
1776571376.000,"899013","N/A",24.973526,121.089783,3000,3175,187.2,177,,0.284,49.33,,,51.86,46.89,-1024,-992,,,,1012.0,3008,,,-37.9,84,186,1,10,2,3,,,,,2
1776571376.000,"780a13","HKC962  ",24.830841,121.599884,37000,38875,559.7,261,,0.804,51.82,,,53.79,48.81,32,0,,,,1012.0,37008,,"3571",-35.7,27,186,,8,0,2,,,,,0
1776571381.000,"899013","N/A",24.973526,121.089783,3000,3175,187.2,177,,0.284,49.33,,,51.86,46.89,-1024,-992,,,,,,,,-37.9,84,186,,,2,,,,,,2
1776571381.000,"780a13","HKC962  ",24.842695,121.616424,37000,38875,559.7,261,,0.804,51.82,,,53.79,48.81,32,-64,,,,1012.0,37008,,"3571",-36.6,30,186,,8,0,2,,,,,0
1776571386.000,"899013","N/A",24.973526,121.089783,3000,3175,187.2,177,,0.284,49.33,,,51.86,46.89,-1024,-992,,,,,,,,-37.9,84,186,,,2,,,,,,2
1776571386.000,"780a13","HKC962  ",24.842695,121.616424,37000,38875,559.7,261,,0.804,51.82,,,53.79,48.81,32,-64,,,,1012.0,37008,,"3571",-36.6,30,186,,8,0,2,,,,,0
1776571391.000,"899013","N/A",24.973526,121.089783,3000,3175,187.2,177,,0.284,49.33,,,51.86,46.89,-1024,-992,,,,,,,,-37.9,84,186,,,2,,,,,,2
1776571391.000,"780a13","HKC962  ",24.842695,121.616424,37000,38875,559.7,261,,0.804,51.82,,,53.79,48.81,32,-64,,,,1012.0,37008,,"3571",-36.6,30,186,,8,0,2,,,,,0
1776571396.000,"899013","N/A",24.973526,121.089783,3000,3175,187.2,177,,0.284,49.33,,,51.86,46.89,-1024,-992,,,,,,,,-37.9,84,186,,,2,,,,,,2
1776571396.000,"780a13","HKC962  ",24.842695,121.616424,37000,38875,559.7,261,,0.804,51.82,,,53.79,48.81,32,-64,,,,1012.0,37008,,"3571",-36.6,30,186,,8,0,2,,,,,0
1776571401.000,"899013","N/A",24.973526,121.089783,3000,3175,187.2,177,,0.284,49.33,,,51.86,46.89,-1024,-992,,,,,,,,-37.9,84,186,,,2,,,,,,2
1776571401.000,"780a13","HKC962  ",24.842695,121.616424,37000,38875,559.7,261,,0.804,51.82,,,53.79,48.81,32,-64,,,,1012.0,37008,,"3571",-36.6,30,186,,8,0,2,,,,,0
1776571406.000,"899013","N/A",24.973526,121.089783,3000,3175,,177,,0.284,,,,51.86,46.89,,-992,,,,,,,,-37.9,84,186,,,,,,,,,2
1776571406.000,"780a13","HKC962  ",24.842695,121.616424,37000,38875,559.7,261,,0.804,51.82,,,53.79,48.81,32,-64,,,,1012.0,37008,,"3571",-36.6,30,186,,8,0,2,,,,,0
1776571411.000,"780a13","HKC962  ",24.842695,121.616424,37000,38875,559.7,261,,0.804,51.82,,,53.79,48.81,32,-64,,,,1012.0,37008,,"3571",-36.6,30,186,,8,0,2,,,,,0
1776571416.000,"780a13","HKC962  ",24.842695,121.616424,37000,38875,559.7,261,,0.804,51.82,,,53.79,48.81,32,-64,,,,1012.0,37008,,"3571",-36.6,30,186,,8,0,2,,,,,0
1776571421.000,"780a13","HKC962  ",24.842695,121.616424,37000,38875,559.7,261,,0.804,51.82,,,53.79,48.81,32,-64,,,,1012.0,37008,,"3571",-36.6,30,186,,8,0,2,,,,,0
1776571426.000,"780a13","HKC962  ",24.842695,121.616424,37000,38875,559.7,261,,0.804,51.82,,,53.79,48.81,32,-64,,,,1012.0,37008,,"3571",-36.6,30,186,,8,0,2,,,,,0
1776571431.000,"780a13","HKC962  ",24.842695,121.616424,37000,38875,559.7,261,,0.804,51.82,,,53.79,48.81,32,-64,,,,1012.0,37008,,"3571",-36.6,30,186,,8,0,2,,,,,0
1776571436.000,"780a13","HKC962  ",24.842695,121.616424,37000,38875,559.7,,,,51.82,,,,,,-64,,,,,,,,-36.6,30,186,,8,0,2,,,,,0
1776571451.000,"8990a0","N/A",24.914990,121.013368,3025,3200,197.0,,,,70.74,,,,,-448,,,,,1012.0,3008,,,-37.2,11,186,,8,2,2,,,,,0
1776571456.000,"8990a0","N/A",24.914990,121.013368,3025,3200,197.0,181,192,0.288,70.74,,-13.89,62.23,57.28,-448,-64,,,,1012.0,3008,,,-37.0,16,186,,8,2,2,,,,,0
1776571461.000,"8990a0","N/A",24.914990,121.013368,3025,3200,197.0,181,192,0.288,70.74,,-13.89,62.23,57.28,-448,-64,,,,1012.0,3008,,,-36.9,17,186,,8,2,2,,,,,0
1776571466.000,"8990a0","N/A",24.914990,121.013368,3025,3200,197.0,181,192,0.288,70.74,,-13.89,62.23,57.28,-448,-64,,,,1012.0,3008,,,-36.9,17,186,,8,2,2,,,,,0
1776571471.000,"8990a0","N/A",24.914990,121.013368,3025,3200,197.0,181,192,0.288,70.74,,-13.89,62.23,57.28,-448,-64,,,,1012.0,3008,,,-36.9,17,186,,8,2,2,,,,,0
1776571476.000,"8990a0","N/A",24.914990,121.013368,3025,3200,197.0,181,192,0.288,70.74,,-13.89,62.23,57.28,-448,-64,,,,1012.0,3008,,,-36.9,17,186,,8,2,2,,,,,0
1776571481.000,"8990a0","N/A",24.914990,121.013368,3025,3200,197.0,181,192,0.288,70.74,,-13.89,62.23,57.28,-448,-64,,,,1012.0,3008,,,-36.9,17,186,,8,2,2,,,,,0
1776571486.000,"8990a0","N/A",24.914990,121.013368,3025,3200,197.0,181,192,0.288,70.74,,-13.89,62.23,57.28,-448,-64,,,,1012.0,3008,,,-36.9,17,186,,8,2,2,,,,,0
1776571491.000,"8990a0","N/A",24.914990,121.013368,3025,3200,197.0,181,192,0.288,70.74,,-13.89,62.23,57.28,-448,-64,,,,1012.0,3008,,,-36.9,17,186,,8,2,2,,,,,0
1776571496.000,"8990a0","N/A",24.914990,121.013368,3025,3200,197.0,181,192,0.288,70.74,,-13.89,62.23,57.28,-448,-64,,,,1012.0,3008,,,-36.9,17,186,,8,2,2,,,,,0
1776571501.000,"8990a0","N/A",24.914990,121.013368,3025,3200,197.0,181,192,0.288,70.74,,-13.89,62.23,57.28,-448,-64,,,,1012.0,3008,,,-36.9,17,186,,8,2,2,,,,,0
1776571506.000,"8990a0","N/A",24.914990,121.013368,3025,3200,,181,192,0.288,,,-13.89,62.23,57.28,,-64,,,,1012.0,3008,,,-36.9,17,186,,8,,2,,,,,0
1776571511.000,"8990a0","N/A",24.914990,121.013368,3025,3200,,181,192,0.288,,,-13.89,62.23,57.28,,-64,,,,,,,,-36.9,17,186,,8,,2,,,,,0
1776571571.000,"71c394","N/A",25.160135,121.135513,7575,7950,234.5,221,,0.384,266.09,,,270.00,266.14,-576,-512,,,,1012.0,4992,,,-37.1,52,186,1,8,1,3,,,,,0
1776571576.000,"71c394","N/A",25.159744,121.129100,7525,7900,234.5,221,250,0.384,266.09,-0.09,0.18,270.00,266.14,-576,-512,,,,1012.0,4992,,,-37.3,69,186,1,8,1,2,,,,,0
1776571581.000,"71c394","N/A",25.159343,121.122868,7475,7850,234.5,221,250,0.384,266.09,-0.09,0.18,270.00,266.14,-512,-512,,,,1012.0,4992,,,-37.3,79,186,1,8,1,2,,,,,0
1776571586.000,"71c394","N/A",25.159343,121.122868,7475,7850,234.5,221,250,0.384,266.09,-0.09,0.18,270.00,266.14,-512,-512,,,,1012.0,4992,,,-36.8,89,186,1,8,1,2,,,,,0
1776571591.000,"71c394","N/A",25.159343,121.122868,7475,7850,234.5,221,250,0.384,266.09,-0.09,0.18,270.00,266.14,-512,-512,,,,1012.0,4992,,,-37.2,101,186,1,8,1,2,,,,,0
1776571596.000,"71c394","ABL793  ",25.158188,121.105194,7350,7725,233.6,221,250,0.384,265.83,-0.09,0.18,270.00,266.14,-512,-512,,,,1012.0,4992,,,-37.0,113,186,1,8,1,2,,,"A3",,0
1776571601.000,"71c394","ABL793  ",25.158040,121.102761,7325,7700,233.6,221,250,0.384,265.83,-0.09,0.18,270.00,266.14,-512,-512,,,,1012.0,4992,,,-37.1,128,186,1,8,1,3,,,"A3",,0
1776571606.000,"71c394","ABL793  ",25.158040,121.102761,7325,7700,233.7,221,250,0.384,265.58,-0.09,0.18,270.00,266.14,-512,-512,,,,1012.0,4992,,,-37.3,137,186,1,8,1,3,,,"A3",,0
1776571611.000,"71c394","ABL793  ",25.156969,121.087266,7225,7600,233.7,221,250,0.384,265.58,-0.09,0.18,270.00,266.14,-512,-512,,,,1012.0,4992,,"4101",-37.6,153,186,1,8,1,2,,,"A3",,0
1776571616.000,"71c394","ABL793  ",25.156969,121.087266,7225,7600,233.7,221,250,0.384,265.58,-0.09,0.18,270.00,266.14,-512,-512,,,,1012.0,4992,,"4101",-37.7,159,186,1,8,1,2,,,"A3",,0
1776571621.000,"71c394","ABL793  ",25.156224,121.077524,7175,7525,233.8,221,248,0.384,265.34,-0.03,-0.18,270.00,266.14,-448,-512,,,,1012.0,4992,,"4101",-37.0,177,186,1,8,1,2,,,"A3",,0
1776571626.000,"71c394","ABL793  ",25.155898,121.072653,7125,7475,233.8,221,248,0.384,265.34,-0.03,-0.18,270.00,266.14,-448,-512,,,,1012.0,4992,,"4101",-38.0,186,186,1,8,1,2,,,"A3",,0
1776571631.000,"71c394","ABL793  ",25.155898,121.072653,7125,7475,233.8,,248,,265.34,-0.03,-0.18,,,-448,,,,,1012.0,4992,,"4101",-38.0,186,186,1,8,1,2,,,"A3",,0
1776571636.000,"71c394","ABL793  ",25.155898,121.072653,7125,7475,233.8,,248,,265.34,-0.03,-0.18,,,-448,,,,,1012.0,4992,,"4101",-38.0,186,186,1,8,1,2,,,"A3",,0
1776571641.000,"71c394","ABL793  ",25.155898,121.072653,7125,7475,233.8,,248,,265.34,-0.03,-0.18,,,-448,,,,,1012.0,4992,,"4101",-38.0,186,186,1,8,1,2,,,"A3",,0
1776571646.000,"71c394","ABL793  ",25.155898,121.072653,7125,7475,233.8,,248,,265.34,-0.03,-0.18,,,-448,,,,,1012.0,4992,,"4101",-38.0,186,186,1,8,1,2,,,"A3",,0
1776571651.000,"71c394","ABL793  ",25.155898,121.072653,7125,7475,233.8,,248,,265.34,-0.03,-0.18,,,-448,,,,,1012.0,4992,,"4101",-38.0,187,186,1,8,1,2,,,"A3",,0
1776571656.000,"71c394","ABL793  ",25.155898,121.072653,7125,7475,233.8,,248,,265.34,-0.03,-0.18,,,-448,,,,,1012.0,4992,,"4101",-38.0,187,186,1,8,1,2,,,"A3",,0
1776571661.000,"71c394","ABL793  ",25.155898,121.072653,7125,7475,233.8,,248,,265.34,-0.03,-0.18,,,-448,,,,,1012.0,4992,,"4101",-38.0,187,186,1,8,1,2,,,"A3",,0
1776571666.000,"71c394","ABL793  ",25.155898,121.072653,7125,7475,233.8,,248,,265.34,-0.03,-0.18,,,-448,,,,,1012.0,4992,,"4101",-38.0,187,186,1,8,1,2,,,"A3",,0
1776571671.000,"71c394","ABL793  ",25.155898,121.072653,7125,7475,233.8,,248,,265.34,-0.03,-0.18,,,-448,,,,,1012.0,4992,,"4101",-38.0,187,186,1,8,1,2,,,"A3",,0
1776571676.000,"71c394","ABL793  ",25.155898,121.072653,7125,7475,233.8,,248,,265.34,-0.03,-0.18,,,-448,,,,,1012.0,4992,,"4101",-38.0,187,186,1,8,1,2,,,"A3",,0
1776571681.000,"71c394","ABL793  ",25.155898,121.072653,7125,7475,,,,,,,,,,,,,,,,,,,-38.0,187,186,,8,,2,,,"A3",,0
1776571751.000,"8991b6","N/A",24.959839,121.072795,2550,2700,174.4,,,,49.18,,,,,-128,,,,,1012.0,2496,,,-36.1,34,186,1,10,4,3,2,3,,,2
1776571756.000,"8991b6","N/A",24.963043,121.076914,2550,2700,174.4,,,,49.18,,,,,-128,,,,,1012.0,2496,,,-36.6,39,186,1,10,4,3,2,3,,,2
1776571761.000,"8991b6","N/A",24.963043,121.076914,2550,2700,175.1,,,,48.94,,,,,-64,,,,,1012.0,2496,,,-36.7,43,186,1,10,4,3,2,3,,,2
1776571766.000,"8991b6","N/A",24.968994,121.084391,2525,2675,175.7,,,,48.69,,,,,0,,,,,1012.0,2496,,,-35.8,51,186,1,10,4,3,2,3,,,2
1776571771.000,"8991b6","CAL151  ",24.970642,121.086477,2525,2675,175.0,,,,48.48,,,,,0,,,,,1012.0,2496,,,-35.4,57,186,1,10,4,3,2,3,"A5",,2
1776571776.000,"8991b6","CAL151  ",24.970642,121.086477,2525,2675,175.0,,,,48.48,,,,,0,,,,,1012.0,2496,,,-36.0,61,186,1,10,4,3,2,3,"A5",,2
1776571781.000,"8991b6","CAL151  ",24.975834,121.092863,2550,2700,175.0,,,,48.48,,,,,0,,,,,1012.0,2496,,,-36.2,67,186,1,10,4,3,2,3,"A5",,2
1776571786.000,"8991b6","CAL151  ",24.978104,121.095683,2525,2675,174.3,,,,48.72,,,,,192,,,,,1012.0,2496,,,-36.3,73,186,1,10,4,3,2,3,"A5",,2
1776571791.000,"8991b6","CAL151  ",24.980629,121.098875,2550,2700,174.3,,,,48.72,,,,,192,,,,,1012.0,2496,,,-36.4,76,186,1,10,4,3,2,3,"A5",,2
1776571796.000,"8991b6","CAL151  ",24.984512,121.103719,2550,2700,174.3,,,,48.72,,,,,192,,,,,1012.0,2496,,,-36.5,83,186,1,10,4,3,2,3,"A5",,2
1776571801.000,"8991b6","CAL151  ",24.985931,121.105499,2550,2700,174.3,,,,48.72,,,,,192,,,,,1012.0,2496,,,-36.6,85,186,1,10,4,3,2,3,"A5",,2
1776571806.000,"8991b6","CAL151  ",24.985931,121.105499,2550,2700,174.3,,,,48.72,,,,,192,,,,,1012.0,2496,,,-36.6,85,186,1,10,4,3,2,3,"A5",,2
1776571812.000,"8991b6","CAL151  ",24.985931,121.105499,2550,2700,174.3,,,,48.72,,,,,192,,,,,1012.0,2496,,,-36.6,85,186,1,10,4,3,2,3,"A5",,2
1776571817.000,"8991b6","CAL151  ",24.985931,121.105499,2550,2700,174.3,,,,48.72,,,,,192,,,,,1012.0,2496,,,-36.6,85,186,1,10,4,3,2,3,"A5",,2
1776571822.000,"8991b6","CAL151  ",24.985931,121.105499,2550,2700,174.3,,,,48.72,,,,,192,,,,,1012.0,2496,,,-36.6,85,186,1,10,4,3,2,3,"A5",,2
1776571827.000,"8991b6","CAL151  ",24.985931,121.105499,2550,2700,174.3,,,,48.72,,,,,192,,,,,1012.0,2496,,,-36.6,85,186,1,10,4,3,2,3,"A5",,2
1776571832.000,"8991b6","CAL151  ",24.985931,121.105499,2550,2700,174.3,,,,48.72,,,,,192,,,,,1012.0,2496,,,-36.6,85,186,1,10,4,3,2,3,"A5",,2
1776571837.000,"8991b6","CAL151  ",24.985931,121.105499,2550,2700,174.3,,,,48.72,,,,,192,,,,,1012.0,2496,,,-36.6,85,186,1,10,4,3,,,"A5",,2
1776571842.000,"8991b6","CAL151  ",24.985931,121.105499,2550,2700,174.3,,,,48.72,,,,,192,,,,,1012.0,2496,,,-36.6,85,186,1,10,4,3,,,"A5",,2
1776571842.000,"78927c","N/A",24.798750,121.555170,39000,,548.0,,466,,51.68,0.00,0.00,,,,,,,,1012.8,39008,,"3570",-36.6,13,186,1,8,,2,,,,,0
1776571847.000,"8991b6","CAL151  ",24.985931,121.105499,2550,2700,,,,,,,,,,,,,,,1012.0,2496,,,-36.6,85,186,1,10,,3,,,"A5",,2
1776571847.000,"78927c","N/A",24.806534,121.566060,39000,40950,548.2,,464,,51.67,0.00,0.35,,,0,,,,,1012.8,39008,,"3570",-35.8,29,186,1,8,1,2,,,,,0
1776571852.000,"8991b6","CAL151  ",24.985931,121.105499,2550,2700,,,,,,,,,,,,,,,1012.0,2496,,,-36.6,85,186,1,10,,3,,,"A5",,2
1776571852.000,"78927c","N/A",24.816579,121.579993,39000,40950,548.3,,464,,51.81,0.00,0.35,,,0,,,,,1012.8,39008,,"3570",-36.3,33,186,1,8,1,2,,,,,0
1776571857.000,"8990aa","N/A",24.902887,120.999531,4775,,,,,,,,,,,,,,,,1012.0,4000,,,-37.6,14,186,1,8,,2,,,,,0
1776571857.000,"8991b6","CAL151  ",24.985931,121.105499,2550,2700,,,,,,,,,,,,,,,,,,,-36.6,85,186,,,,,,,"A5",,2
1776571857.000,"78927c","N/A",24.822584,121.588388,39000,40950,548.3,,464,,51.81,0.00,0.35,,,0,,,,,1012.8,39008,,"3570",-35.3,44,186,1,8,1,2,,,,,0
1776571862.000,"8990aa","N/A",24.906326,121.004181,4725,5000,199.0,,,,50.71,,,,,-448,,,,,1012.0,4000,,,-34.9,43,186,1,9,1,3,2,3,,,2
1776571862.000,"78927c","N/A",24.822584,121.588388,39000,40950,548.3,,464,,51.81,0.00,0.35,,,0,,,,,1012.8,39008,,"3570",-36.0,49,186,1,8,1,3,,,,,0
1776571867.000,"8990aa","CAL121  ",24.909576,121.008504,4675,4950,198.3,181,198,0.296,50.93,0.03,0.00,51.86,46.92,-512,-480,,315,13,1012.0,4000,,"3621",-35.0,74,186,1,9,1,3,2,3,"A3",,2
1776571867.000,"78927c","N/A",24.838272,121.610205,39000,40950,548.3,,464,,51.81,0.00,0.35,,,0,,,,,1012.8,39008,,"3570",-36.6,55,186,1,8,1,2,,,,,0
1776571872.000,"8990aa","CAL121  ",24.911732,121.011450,4650,4925,198.2,181,198,0.300,50.53,0.00,-0.18,52.03,47.09,-512,-480,,318,13,1012.0,4000,,"3621",-36.0,97,186,1,9,1,3,2,3,"A3",,2
1776571872.000,"78927c","N/A",24.838272,121.610205,39000,40950,548.3,,464,,51.81,0.00,0.35,,,0,,,,,1012.8,39008,,"3570",-36.6,55,186,1,8,1,2,,,,,0
1776571877.000,"8990aa","CAL121  ",24.913501,121.013782,4625,4900,197.4,181,198,0.300,50.34,0.00,-0.18,52.03,47.09,-640,-480,,318,13,1012.0,4000,,"3621",-36.7,105,186,1,9,1,3,2,3,"A3",,2
1776571877.000,"78927c","N/A",24.838272,121.610205,39000,40950,548.3,,464,,51.81,0.00,0.35,,,0,,,,,1012.8,39008,,"3570",-36.6,55,186,1,8,1,2,,,,,0
1776571882.000,"8990aa","CAL121  ",24.917085,121.018498,4550,4800,197.3,181,198,0.300,49.93,0.00,-0.18,52.03,47.09,-768,-480,,318,13,1012.0,4000,,"3621",-35.0,118,186,1,9,1,3,2,3,"A3",,2
1776571882.000,"78927c","N/A",24.838272,121.610205,39000,40950,548.3,,464,,51.81,0.00,0.35,,,0,,,,,1012.8,39008,,"3570",-36.6,55,186,1,8,1,2,,,,,0
1776571887.000,"8990aa","CAL121  ",24.918869,121.020813,4500,4775,196.4,181,196,0.300,49.34,-0.12,-0.88,52.03,47.09,-896,-480,,318,13,1012.0,3008,,"3621",-36.0,131,186,1,9,1,3,2,3,"A3",,2
1776571887.000,"78927c","N/A",24.838272,121.610205,39000,40950,548.3,,464,,51.81,0.00,0.35,,,0,,,,,1012.8,39008,,"3570",-36.6,55,186,1,8,1,2,,,,,0
1776571892.000,"8990aa","CAL121  ",24.918869,121.020813,4500,4775,196.4,181,196,0.300,49.34,-0.12,-0.88,52.03,47.09,-896,-480,,318,13,1012.0,3008,,"3621",-36.0,131,186,1,9,1,3,2,3,"A3",,2
1776571892.000,"78927c","N/A",24.838272,121.610205,39000,40950,548.3,,464,,51.81,0.00,0.35,,,0,,,,,1012.8,39008,,"3570",-36.6,55,186,1,8,1,2,,,,,0
1776571897.000,"8990aa","CAL121  ",24.918869,121.020813,4500,4775,196.4,181,196,0.300,49.34,-0.12,-0.88,52.03,47.09,-896,-480,,318,13,1012.0,3008,,"3621",-36.0,131,186,1,9,1,3,2,3,"A3",,2
1776571897.000,"78927c","N/A",24.838272,121.610205,39000,40950,548.3,,464,,51.81,0.00,0.35,,,0,,,,,1012.8,39008,,"3570",-36.6,55,186,1,8,1,2,,,,,0
1776571902.000,"8990aa","CAL121  ",24.918869,121.020813,4500,4775,196.4,181,196,0.300,49.34,-0.12,-0.88,52.03,47.09,-896,-480,,318,13,1012.0,3008,,"3621",-36.4,132,186,1,9,1,3,2,3,"A3",,2
1776571902.000,"88510a","N/A",24.963318,121.380463,41000,43000,558.6,,492,,31.16,0.00,-0.35,,,0,,,,,,,,,-37.1,32,186,,8,2,2,,,,,0
1776571902.000,"78927c","N/A",24.838272,121.610205,39000,40950,548.3,,464,,51.81,0.00,0.35,,,0,,,,,1012.8,39008,,"3570",-36.6,55,186,1,8,1,2,,,,,0
1776571907.000,"8990aa","CAL121  ",24.930496,121.035411,4225,4475,187.1,181,186,0.300,48.90,0.06,0.70,52.03,47.09,-896,-480,,318,13,1012.0,3008,,"3621",-37.0,139,186,1,9,1,3,2,3,"A3",,2
1776571907.000,"88510a","N/A",24.967758,121.383413,41000,42975,557.7,,492,,31.21,0.00,-0.35,,,0,,,,,1013.3,41008,,"6111",-37.4,51,186,1,9,2,3,2,2,,,2
1776571907.000,"78927c","N/A",24.838272,121.610205,39000,40950,548.3,,,,51.81,,,,,0,,,,,1012.8,39008,,"3570",-36.6,55,186,1,8,1,2,,,,,0
1776571912.000,"8990aa","CAL121  ",24.933891,121.039694,4125,4350,185.7,181,186,0.300,48.93,0.06,0.70,52.03,47.09,-896,-480,,,,1012.0,3008,,"3621",-36.8,148,186,1,9,1,3,2,3,"A3",,2
1776571912.000,"88510a","THA652  ",24.983143,121.393640,41000,42975,557.7,253,492,0.848,31.21,0.00,-0.35,31.11,26.13,0,0,,244,80,1013.6,40992,,"6111",-35.4,76,186,1,9,2,3,2,2,,,2
1776571912.000,"78927c","N/A",24.838272,121.610205,39000,40950,548.3,,,,51.81,,,,,0,,,,,1012.8,39008,,,-36.6,55,186,1,8,1,2,,,,,0
1776571917.000,"8990aa","CAL121  ",24.937866,121.044718,4025,4275,185.0,170,184,0.276,49.16,-0.03,-0.35,52.91,47.96,-960,-928,,303,4,1012.0,3008,,"3621",-35.5,168,186,1,9,1,3,2,3,"A3",,2
1776571917.000,"88510a","THA652  ",24.988129,121.396942,41000,42975,557.7,253,492,0.848,31.21,0.00,-0.35,31.11,26.13,0,0,,244,80,1013.6,40992,,"6111",-37.3,84,186,1,9,2,3,2,2,,,2
1776571917.000,"78927c","N/A",24.838272,121.610205,39000,40950,548.3,,,,51.81,,,,,0,,,,,1012.8,39008,,,-36.6,55,186,1,8,1,2,,,,,0
1776571922.000,"8990aa","CAL121  ",24.940155,121.047567,3975,4225,185.0,170,184,0.276,49.16,-0.03,-0.35,52.91,47.96,-960,-928,,303,4,1012.0,3008,,"3621",-36.3,178,186,1,9,1,3,2,3,"A3",,2
1776571922.000,"88510a","THA652  ",25.001205,121.405611,41000,42975,557.7,253,492,0.848,31.21,0.00,-0.35,31.11,26.13,0,0,,244,80,1013.6,40992,,"6111",-37.5,90,186,1,9,2,3,2,2,,,2
1776571922.000,"78927c","N/A",24.838272,121.610205,39000,40950,548.3,,,,51.81,,,,,0,,,,,1012.8,39008,,,-36.6,55,186,1,8,1,2,,,,,0
1776571927.000,"8990aa","CAL121  ",24.943817,121.052246,3850,4100,185.0,170,184,0.276,49.16,-0.03,-0.35,52.91,47.96,-960,-928,,303,4,1012.0,3008,,"3621",-37.1,190,186,1,9,1,3,2,3,"A3",,2
1776571927.000,"88510a","THA652  ",25.001205,121.405611,41000,42975,557.7,253,492,0.848,31.21,0.00,-0.35,31.11,26.13,0,0,,244,80,1013.6,40992,,"6111",-37.5,90,186,1,9,2,3,2,2,,,2
1776571932.000,"8990aa","CAL121  ",24.946693,121.055914,3775,4025,185.0,169,184,0.272,49.16,-0.03,-0.35,52.91,47.96,-960,-960,,303,4,1012.0,3008,,"3621",-36.2,199,186,1,9,1,3,2,3,"A3",,2
1776571932.000,"88510a","THA652  ",25.001205,121.405611,41000,42975,557.7,253,492,0.848,31.21,0.00,-0.35,31.11,26.13,0,0,,244,80,1013.6,40992,,"6111",-37.5,90,186,1,9,2,3,2,2,,,2
1776571937.000,"8990aa","CAL121  ",24.949439,121.059386,3700,3925,183.6,169,184,0.272,49.20,-0.03,-0.35,52.91,47.96,-960,-960,,303,4,1012.0,3008,,"3621",-36.7,209,186,1,9,1,3,2,3,"A3",,2
1776571937.000,"88510a","THA652  ",25.001205,121.405611,41000,42975,557.7,253,492,0.848,31.21,0.00,-0.35,31.11,26.13,0,0,,244,80,1013.6,40992,,"6111",-37.5,90,186,1,9,2,3,2,2,,,2
1776571942.000,"8990aa","CAL121  ",24.952240,121.062927,3600,3800,182.9,169,182,0.272,48.99,0.00,-0.53,52.91,47.96,-960,-960,,303,4,1012.0,3008,,"3621",-36.0,242,186,1,9,1,3,2,3,"A3",,2
1776571942.000,"88510a","THA652  ",25.001205,121.405611,41000,42975,557.7,253,492,0.848,31.21,0.00,-0.35,31.11,26.13,0,0,,244,80,1013.6,40992,,"6111",-37.5,90,186,1,9,2,3,2,2,,,2
1776571947.000,"8990aa","CAL121  ",24.955261,121.066742,3525,3750,182.9,169,182,0.272,48.99,0.00,-0.53,52.91,47.96,-960,-960,,,,1012.0,3008,,"3621",-36.4,257,186,1,9,1,3,2,3,"A3",,2
1776571947.000,"88510a","THA652  ",25.001205,121.405611,41000,42975,557.7,253,492,0.848,31.21,0.00,-0.35,31.11,26.13,0,0,,244,80,1013.6,40992,,"6111",-37.5,90,186,1,9,2,3,2,2,,,2
1776571952.000,"8990aa","CAL121  ",24.957733,121.069845,3450,3650,183.6,170,182,0.272,49.20,0.00,-0.53,52.03,47.07,-960,-960,,,,1012.0,3008,,"3621",-36.5,274,186,1,9,1,3,2,3,"A3",,2
1776571952.000,"88510a","THA652  ",25.001205,121.405611,41000,42975,557.7,253,492,0.848,31.21,0.00,-0.35,31.11,26.13,0,0,,244,80,1013.6,40992,,"6111",-37.5,90,186,1,9,2,3,2,2,,,2
1776571957.000,"8990aa","CAL121  ",24.960519,121.073326,3375,3600,183.6,170,182,0.272,49.20,0.00,-0.53,52.21,47.25,-1024,-992,,,,1012.0,3008,,"3621",-36.9,288,186,1,9,1,3,2,3,"A3",,2
1776571957.000,"88510a","THA652  ",25.001205,121.405611,41000,42975,557.7,253,492,0.848,31.21,0.00,-0.35,31.11,26.13,0,0,,244,80,1013.6,40992,,"6111",-37.5,90,186,1,9,2,3,2,2,,,2
1776571962.000,"8990aa","CAL121  ",24.961636,121.074725,3325,3525,182.9,170,182,0.272,48.99,0.00,-0.53,52.21,47.25,-960,-992,,,,1012.0,3008,,"3621",-37.5,296,186,1,9,1,3,2,3,"A3",,2
1776571962.000,"88510a","THA652  ",25.001205,121.405611,41000,42975,557.7,253,492,0.848,31.21,0.00,-0.35,31.11,26.13,0,0,,244,80,1013.6,40992,,"6111",-37.5,90,186,1,9,2,3,2,2,,,2
1776571967.000,"8990aa","CAL121  ",24.963917,121.077628,3275,3475,182.9,170,182,0.272,48.99,0.00,-0.53,52.21,47.25,-960,-992,,,,1012.0,3008,,"3621",-37.7,298,186,1,9,1,3,2,3,"A3",,2
1776571967.000,"88510a","THA652  ",25.001205,121.405611,41000,42975,557.7,253,492,0.848,31.21,0.00,-0.35,31.11,26.13,0,0,,244,80,1013.6,40992,,"6111",-37.5,90,186,1,9,2,3,2,2,,,2
1776571972.000,"8990aa","CAL121  ",24.966660,121.081085,3200,3400,182.9,170,182,0.272,48.99,0.00,-0.53,52.21,47.25,-960,-992,,,,1012.0,3008,,"3621",-37.5,300,186,1,9,1,3,2,3,"A3",,2
1776571972.000,"88510a","THA652  ",25.001205,121.405611,41000,42975,557.7,,,,31.21,,,,,0,,,,,,,,,-37.5,90,186,,,2,,,,,,2
1776571977.000,"8990aa","CAL121  ",24.966660,121.081085,3200,3400,182.9,170,182,0.272,48.99,0.00,-0.53,52.21,47.25,-960,-992,,,,1012.0,3008,,"3621",-37.6,301,186,1,9,1,3,2,3,"A3",,2
1776571977.000,"88510a","THA652  ",25.001205,121.405611,41000,42975,557.7,,,,31.21,,,,,0,,,,,,,,,-37.5,90,186,,,2,,,,,,2
1776571982.000,"8990aa","CAL121  ",24.966660,121.081085,3200,3400,182.9,170,182,0.272,48.99,0.00,-0.53,52.21,47.25,-960,-992,,,,1012.0,3008,,"3621",-37.6,304,186,1,9,1,3,2,3,"A3",,2
1776571987.000,"8990aa","CAL121  ",24.966660,121.081085,2875,3075,182.9,170,182,0.272,48.99,0.00,-0.53,52.21,47.25,-960,-992,,,,1012.0,3008,,"3621",-37.9,306,186,1,9,1,3,2,3,"A3",,2
1776571992.000,"8990aa","CAL121  ",24.966660,121.081085,2875,3075,182.9,170,182,0.272,48.99,0.00,-0.53,52.21,47.25,-960,-992,,,,1012.0,3008,,"3621",-37.9,306,186,1,9,1,3,2,3,"A3",,2
1776571997.000,"8990aa","CAL121  ",24.966660,121.081085,2875,3075,182.9,170,182,0.272,48.99,0.00,-0.53,52.21,47.25,-960,-992,,,,1012.0,3008,,"3621",-37.9,306,186,1,9,1,3,2,3,"A3",,2
1776572002.000,"8990aa","CAL121  ",24.966660,121.081085,2875,3075,182.9,170,,0.272,48.99,,,52.21,47.25,-960,-992,,,,1012.0,3008,,"3621",-37.9,306,186,1,9,1,3,2,3,"A3",,2
1776572007.000,"8990aa","CAL121  ",24.966660,121.081085,2875,3075,182.9,170,,0.272,48.99,,,52.21,47.25,-960,-992,,,,1012.0,3008,,"3621",-37.9,306,186,1,9,1,3,2,3,"A3",,2
1776572012.000,"8990aa","CAL121  ",24.966660,121.081085,2875,3075,182.9,170,,0.272,48.99,,,52.21,47.25,-960,-992,,,,1012.0,3008,,,-37.9,306,186,1,9,1,3,2,3,"A3",,2
1776572017.000,"8990aa","CAL121  ",24.966660,121.081085,2875,3075,182.9,,,,48.99,,,,,-960,,,,,1012.0,3008,,,-37.9,306,186,1,9,1,3,,,"A3",,2
1776572022.000,"8990aa","CAL121  ",24.966660,121.081085,2875,3075,,,,,,,,,,,,,,,,,,,-37.9,306,186,,,,,,,"A3",,2
1776572027.000,"8990aa","CAL121  ",24.966660,121.081085,2875,3075,,,,,,,,,,,,,,,,,,,-37.9,306,186,,,,,,,"A3",,2
1776572052.000,"71c394","N/A",24.902069,120.997721,,,185.8,,,,55.97,,,,,0,,,,,,,,,-37.7,189,186,,8,1,2,,,"A3",,0
1776572057.000,"71c394","ABL793  ",24.904330,121.001086,4050,4275,185.4,170,184,0.276,54.00,-0.38,-3.52,56.95,52.02,0,-32,,311,8,1012.0,4000,,"4101",-36.3,220,186,1,8,1,3,2,2,"A3",,2
1776572062.000,"71c394","ABL793  ",24.907013,121.004944,4050,4275,185.2,170,184,0.276,52.02,-0.38,-3.52,56.25,51.31,0,0,,313,6,1012.0,4000,,"4101",-34.6,255,186,1,8,1,3,2,2,"A3",,2
1776572067.000,"71c394","ABL793  ",24.909988,121.009064,4025,4250,184.3,170,184,0.276,51.39,-0.16,-1.41,54.67,49.73,0,0,,317,5,1012.0,4000,,"4101",-34.3,293,186,1,8,1,3,2,2,"A3",,2
1776572072.000,"71c394","ABL793  ",24.911911,121.011607,4025,4250,184.8,170,184,0.276,50.71,-0.16,-1.41,54.67,49.73,0,0,,317,5,1012.0,4000,,"4101",-35.0,318,186,1,8,1,3,2,2,"A3",,2
1776572072.000,"899150","MDA1269 ",24.804941,121.177593,12150,12675,184.4,170,,0.320,238.98,,,250.31,246.45,704,672,,,,1013.6,14016,,,-35.6,32,186,1,8,2,2,,,"A2",,0
1776572077.000,"71c394","ABL793  ",24.915456,121.016270,4025,4250,184.5,170,184,0.276,49.84,-0.16,-1.41,54.67,49.73,0,0,,317,5,1012.0,4000,,"4101",-35.5,335,186,1,8,1,3,2,2,"A3",,2
1776572077.000,"899150","MDA1269 ",24.802780,121.173604,12200,12725,183.5,170,,0.324,238.82,,,249.96,245.03,704,704,,,,1013.6,14016,,"4466",-35.1,64,186,1,9,2,3,2,2,"A2",,2
1776572083.000,"71c394","ABL793  ",24.919180,121.020934,4025,4250,184.9,170,184,0.276,48.73,-0.16,-1.41,54.67,49.73,0,0,,317,5,1012.0,4000,,"4101",-35.4,349,186,1,8,1,3,2,2,"A3",,2
1776572083.000,"899150","MDA1269 ",24.799988,121.168518,12275,12800,183.5,170,,0.324,238.82,,,249.79,244.85,704,704,,,,1013.6,14016,,"4466",-33.7,117,186,1,9,2,3,2,2,"A2",,2
1776572088.000,"71c394","ABL793  ",24.920949,121.023110,4025,4250,184.9,170,184,0.276,48.73,-0.16,-1.41,54.67,49.73,0,0,,317,5,1012.0,4000,,"4101",-36.0,357,186,1,8,1,3,2,2,"A3",,2
1776572088.000,"899150","MDA1269 ",24.797772,121.164482,12325,12850,183.5,171,,0.324,238.82,,,249.79,244.86,768,768,,,,1013.6,14016,,"4466",-33.5,191,186,1,9,2,3,2,2,"A2",,2
1776572093.000,"71c394","ABL793  ",24.924362,121.027273,4025,4250,184.9,170,184,0.276,48.73,-0.16,-1.41,54.67,49.73,0,0,,317,5,1012.0,4000,,"4101",-36.5,359,186,1,8,1,3,2,2,"A3",,2
1776572093.000,"899150","MDA1269 ",24.795868,121.161092,12400,12950,184.2,171,,0.324,236.74,,,248.03,243.10,768,768,,,,1013.6,14016,,"4466",-32.2,249,186,1,9,2,3,2,2,"A2",,2
1776572098.000,"71c394","ABL793  ",24.924362,121.027273,4025,4250,184.9,170,184,0.276,48.73,-0.16,-1.41,54.67,49.73,0,0,,317,5,1012.0,4000,,"4101",-36.5,359,186,1,8,1,3,2,2,"A3",,2
1776572098.000,"899150","MDA1269 ",24.793256,121.157123,12450,13000,184.4,170,,0.324,231.83,,,242.40,237.47,832,832,,,,1013.6,14016,,"4466",-30.6,342,186,1,9,2,3,2,2,"A2",,2
1776572103.000,"71c394","ABL793  ",24.930405,121.035055,4025,4250,184.9,170,184,0.276,48.73,-0.16,-1.41,54.67,49.73,0,0,,317,5,1012.0,4000,,"4101",-36.5,361,186,1,8,1,3,2,2,"A3",,2
1776572103.000,"899150","MDA1269 ",24.790417,121.153599,12525,13075,185.3,170,,0.324,226.75,,,238.89,233.96,768,768,,,,1013.6,14016,,"4466",-29.3,428,186,1,9,2,3,2,2,"A2",,2
1776572108.000,"71c394","ABL793  ",24.933099,121.038605,4025,4250,179.6,170,184,0.276,50.19,-0.16,-1.41,54.67,49.73,-320,0,,317,5,1012.0,4000,,"4101",-36.0,377,186,1,8,1,3,2,2,"A3",,2
1776572108.000,"899150","MDA1269 ",24.787530,121.150490,12575,13125,186.9,169,,0.324,221.96,,,234.14,229.21,640,640,,,,1013.6,14016,,"4466",-29.4,505,186,1,9,2,3,2,2,"A2",,2
1776572113.000,"71c394","ABL793  ",24.935567,121.041818,4000,4225,178.2,163,184,0.264,50.24,-0.16,-1.41,53.79,48.84,-512,-512,,317,5,1012.0,3008,,"4101",-35.6,401,186,1,8,1,3,2,2,"A3",,2
1776572113.000,"899150","MDA1269 ",24.784132,121.147380,12625,13175,188.0,170,,0.324,218.09,,,230.98,226.05,640,640,,,,1013.6,14016,,"4466",-29.7,562,186,1,9,2,3,2,2,"A2",,2
1776572118.000,"71c394","ABL793  ",24.938406,121.045550,3925,4150,178.1,162,184,0.264,49.78,-0.16,-1.41,53.09,48.13,-640,-672,,317,5,1012.0,3008,,"4101",-35.8,421,186,1,8,1,3,2,2,"A3",,2
1776572118.000,"899150","MDA1269 ",24.780716,121.144460,12675,13225,188.0,170,,0.324,218.09,,,231.50,226.58,640,640,,,,1013.6,14016,,"4466",-31.0,647,186,1,9,2,3,2,2,"A2",,2
1776572123.000,"71c394","ABL793  ",24.941071,121.048889,3875,4100,175.8,162,184,0.264,49.15,-0.16,-1.41,53.09,48.13,-640,-672,,317,5,1012.0,3008,,"4101",-35.7,449,186,1,8,1,3,2,2,"A3",,2
1776572123.000,"899150","MDA1269 ",24.777466,121.141612,12750,13300,188.0,170,,0.324,218.09,,,231.50,226.58,640,640,,,,1013.6,14016,,"4466",-32.3,711,186,1,9,2,3,2,2,"A2",,2
1776572128.000,"71c394","ABL793  ",24.943713,121.052183,3825,4050,174.3,162,,0.264,48.72,,,53.09,48.13,-640,-672,,,,1012.0,3008,,"4101",-37.1,458,186,1,8,1,3,2,2,"A3",,2
1776572128.000,"899150","MDA1269 ",24.773891,121.138571,12800,13350,188.0,170,,0.328,218.09,,,230.98,226.06,704,672,,,,1013.6,14016,,"4466",-33.5,776,186,1,9,2,3,2,2,"A2",,2
1776572133.000,"71c394","ABL793  ",24.946041,121.055137,3775,4000,173.7,162,,0.264,48.97,,,53.09,48.13,-768,-672,,,,1012.0,3008,,"4101",-35.4,477,186,1,8,1,3,2,2,"A3",,2
1776572133.000,"899150","MDA1269 ",24.770539,121.135668,12850,13400,188.0,170,,0.328,218.09,,,230.98,226.06,704,704,,,,1013.6,14016,,"4466",-33.9,826,186,1,9,2,3,2,2,"A2",,2
1776572138.000,"71c394","ABL793  ",24.948741,121.058505,3725,3950,172.9,162,,0.264,48.75,,,53.09,48.13,-832,-672,,,,1012.0,3008,,"4101",-35.2,506,186,1,8,1,3,2,2,"A3",,2
1776572138.000,"899150","MDA1269 ",24.768448,121.133881,12875,13450,187.3,170,,0.328,218.28,,,230.98,226.06,704,704,,,,1013.6,14016,,"4466",-35.0,853,186,1,9,2,3,2,2,"A2",,2
1776572143.000,"71c394","ABL793  ",24.951581,121.062029,3650,3875,173.6,160,,0.256,48.50,,,51.86,46.90,-832,-832,,,,1012.0,3008,,"4101",-35.6,544,186,1,8,1,3,2,2,"A3",,2
1776572143.000,"899150","MDA1269 ",24.764282,121.130320,12950,13525,187.3,171,,0.328,218.28,,,230.62,225.71,704,704,,,,1013.6,14016,,"4466",-35.3,867,186,1,9,2,3,2,2,"A2",,2
1776572148.000,"71c394","ABL793  ",24.954346,121.065420,3575,3775,172.8,160,,0.256,48.28,,,51.86,46.90,-896,-832,,,,1012.0,3008,,"4101",-34.8,573,186,1,8,1,3,2,2,"A3",,2
1776572148.000,"899150","MDA1269 ",24.760065,121.126651,13025,13600,187.3,171,,0.328,218.28,,,230.62,225.71,704,704,,,,1013.6,14016,,"4466",-35.4,872,186,1,9,2,3,2,2,"A2",,2
1776572153.000,"71c394","ABL793  ",24.957074,121.068818,3500,3700,172.9,160,172,0.256,48.75,0.09,0.88,51.86,46.90,-896,-832,,,,1012.0,3008,,"4101",-34.6,602,186,1,8,1,3,2,2,"A3",,2
1776572153.000,"899150","MDA1269 ",24.757507,121.124420,13075,13650,185.9,171,,0.328,218.23,,,230.62,225.71,576,704,,,,1013.6,14016,,"4466",-34.8,877,186,1,9,2,3,2,2,"A2",,2
1776572158.000,"71c394","ABL793  ",24.959494,121.071875,3425,3625,173.0,160,172,0.256,49.22,0.09,0.88,51.86,46.90,-960,-832,,,,1012.0,3008,,"4101",-34.5,633,186,1,8,1,3,2,2,"A3",,2
1776572158.000,"899150","MDA1269 ",24.756134,121.123250,13100,13675,185.9,171,,0.328,218.23,,,230.62,225.71,448,704,,,,1013.6,14016,,"4466",-35.2,883,186,1,9,2,3,2,2,"A2",,2
1776572163.001,"71c394","ABL793  ",24.961636,121.074622,3350,3550,173.0,160,172,0.256,49.22,0.09,0.88,51.86,46.90,-896,-832,,,,1012.0,3008,,"4101",-35.5,662,186,1,8,1,3,2,2,"A3",,2
1776572163.001,"899150","MDA1269 ",24.756134,121.123250,13100,13675,185.9,171,,0.328,218.23,,,230.62,225.71,448,704,,,,1013.6,14016,,"4466",-35.1,885,186,1,9,2,3,2,2,"A2",,2
1776572168.000,"71c394","ABL793  ",24.964737,121.078542,3275,3475,172.2,160,172,0.256,49.00,0.09,0.88,51.86,46.90,-960,-832,,,,1012.0,3008,,"4101",-34.7,703,186,1,8,1,3,2,2,"A3",,2
1776572168.000,"899150","MDA1269 ",24.756134,121.123250,13100,13675,188.7,171,,0.328,218.33,,,230.62,225.71,320,704,,,,1013.6,14016,,"4466",-35.7,888,186,1,9,2,3,2,2,"A2",,2
1776572173.000,"71c394","ABL793  ",24.967300,121.081797,3175,3375,171.6,161,172,0.256,49.25,0.03,0.35,52.03,47.07,-960,-960,,316,6,1012.0,3008,,"4101",-34.8,765,186,1,8,1,3,2,2,"A3",,2
1776572173.000,"899150","MDA1269 ",24.756134,121.123250,13100,13675,188.7,171,,0.328,218.33,,,230.62,225.71,320,704,,,,1013.6,14016,,"4466",-34.8,890,186,1,9,2,3,2,2,"A2",,2
1776572178.000,"71c394","ABL793  ",24.969876,121.085142,3100,3300,170.9,162,172,0.260,49.51,0.03,0.35,52.38,47.42,-896,-928,,316,6,1012.0,3008,,"4101",-33.7,811,186,1,8,1,3,2,2,"A3",,2
1776572178.000,"899150","MDA1269 ",24.756134,121.123250,13100,13675,188.7,171,,0.328,218.33,,,230.62,225.71,320,704,,,,1013.6,14016,,"4466",-34.8,890,186,1,9,2,3,2,2,"A2",,2
1776572183.000,"71c394","ABL793  ",24.972702,121.088715,3025,3225,169.5,162,170,0.260,49.55,-0.06,0.18,52.38,47.42,-896,-928,,316,6,1012.0,3008,,"4101",-33.5,880,186,1,8,1,3,2,2,"A3",,2
1776572183.000,"899150","MDA1269 ",24.756134,121.123250,13100,13675,188.7,171,,0.328,218.33,,,230.62,225.71,320,704,,,,1013.6,14016,,"4466",-34.8,890,186,1,9,2,3,2,2,"A2",,2
1776572188.000,"71c394","ABL793  ",24.975043,121.091723,2950,3125,168.1,160,170,0.256,49.58,-0.03,0.18,52.21,47.24,-960,-928,,330,6,1012.0,3008,,"4101",-34.5,927,186,1,8,1,3,2,2,"A3",,2
1776572188.000,"899150","MDA1269 ",24.756134,121.123250,13100,13675,188.7,171,,0.328,218.33,,,230.62,225.71,320,704,,,,1013.6,14016,,"4466",-34.8,890,186,1,9,2,3,2,2,"A2",,2
1776572193.000,"71c394","ABL793  ",24.977600,121.095022,2875,3050,168.1,159,170,0.252,49.58,-0.03,0.18,52.38,47.42,-896,-896,,330,6,1012.0,3008,,"4101",-33.8,984,186,1,8,1,3,2,2,"A3",,2
1776572193.000,"899150","MDA1269 ",24.756134,121.123250,13100,13675,188.7,171,,0.328,218.33,,,230.62,225.71,320,704,,,,1013.6,14016,,"4466",-34.8,890,186,1,9,2,3,2,2,"A2",,2
1776572198.000,"71c394","ABL793  ",24.980164,121.098305,2800,2975,168.0,158,170,0.252,49.10,-0.03,0.18,52.03,47.06,-896,-896,,330,6,1012.0,3008,,"4101",-35.2,1052,186,1,8,1,3,2,2,"A3",,2
1776572198.000,"899150","MDA1269 ",24.756134,121.123250,13100,13675,188.7,171,,0.328,218.33,,,230.62,225.71,320,704,,,,1013.6,14016,,,-34.8,890,186,1,9,2,3,,,"A2",,2
1776572203.000,"71c394","ABL793  ",24.982635,121.101430,2725,2900,168.7,160,168,0.252,48.85,-0.09,-0.53,52.03,47.06,-896,-864,,318,6,1012.0,3008,,"4101",-36.3,1095,186,1,8,1,3,2,2,"A3",,2
1776572203.000,"899150","MDA1269 ",24.756134,121.123250,13100,13675,188.7,,,,218.33,,,,,320,,,,,1013.6,14016,,,-34.8,890,186,1,9,2,3,,,"A2",,2
1776572208.000,"71c394","ABL793  ",24.985291,121.104736,2650,2825,168.7,160,168,0.252,48.85,0.03,0.35,52.03,47.06,-896,-864,,318,6,1012.0,3008,,"4101",-35.2,1151,186,1,8,1,3,2,2,"A3",,2
1776572208.000,"899150","MDA1269 ",24.756134,121.123250,13100,13675,188.7,,,,218.33,,,,,320,,,,,,,,,-34.8,890,186,,,2,,,,"A2",,2
1776572213.000,"71c394","ABL793  ",24.987845,121.107944,2575,2725,168.0,160,168,0.252,49.10,0.03,0.35,52.03,47.06,-896,-864,,318,6,1012.0,3008,,"4101",-35.8,1181,186,1,8,1,3,2,2,"A3",,2
1776572213.000,"899150","MDA1269 ",24.756134,121.123250,13100,13675,188.7,,,,218.33,,,,,320,,,,,,,,,-34.8,890,186,,,2,,,,"A2",,2
1776572213.000,"71c067","N/A",25.017592,121.315855,30000,31400,418.6,,,,229.65,,,,,0,,,,,1013.2,30000,,,-36.7,9,186,1,8,1,3,2,2,,,2
1776572218.000,"71c394","ABL793  ",24.990172,121.110846,2525,2675,166.0,160,168,0.252,49.40,0.03,0.35,52.03,47.06,-768,-864,,318,6,1012.0,3008,,"4101",-35.4,1215,186,1,8,1,3,2,2,"A3",,2
1776572218.000,"71c067","N/A",25.011214,121.307615,30000,31400,419.3,,,,229.74,,,,,0,,,,,1013.6,30016,,,-36.8,17,186,1,8,1,3,2,2,,,2
1776572223.000,"71c394","ABL793  ",24.992752,121.114197,2450,2600,163.8,157,166,0.248,49.21,-0.75,0.00,52.38,47.41,-832,-832,,332,6,1012.0,3008,,"4101",-35.2,1246,186,1,8,1,3,2,2,"A3",,2
1776572223.000,"71c067","N/A",25.004013,121.298269,30000,31400,419.3,,468,,229.74,0.03,0.18,,,0,,,,,1013.6,30016,,"4171",-36.7,42,186,1,8,1,3,2,2,,,2
1776572228.000,"71c394","ABL793  ",24.995246,121.117323,2375,2525,165.2,157,166,0.248,49.17,-0.75,0.00,52.38,47.41,-832,-832,,332,6,1012.0,3008,,"4101",-34.2,1278,186,1,8,1,3,2,2,"A3",,2
1776572228.000,"71c067","N/A",25.004013,121.298269,30000,31400,419.3,,468,,229.74,0.03,0.18,,,0,,,,,1013.6,30016,,"4171",-36.8,46,186,1,8,1,3,2,2,,,2
1776572233.000,"71c394","ABL793  ",24.997155,121.119759,2325,2475,165.9,157,166,0.248,48.91,-0.75,0.00,52.38,47.41,-832,-832,,332,6,1012.0,3008,,"4101",-36.5,1304,186,1,8,1,3,2,2,"A3",,2
1776572233.000,"71c067","N/A",25.004013,121.298269,30000,31400,420.1,,468,,229.83,0.03,0.18,,,0,,,,,1013.6,30016,,"4171",-37.7,53,186,1,8,1,3,2,2,,,2
1776572233.000,"789219","N/A",24.811340,121.573232,33025,34625,564.0,300,498,0.840,51.77,-0.19,1.93,54.14,50.27,192,160,,,,1013.6,32992,,"3535",-36.8,19,186,1,8,2,2,,,,,0
1776572238.000,"71c394","ABL793  ",24.999207,121.122386,2275,2425,166.6,157,166,0.248,49.14,-0.75,0.00,52.38,47.41,-896,-832,,332,6,1012.0,3008,,"4101",-36.3,1324,186,1,8,1,3,2,2,"A3",,2
1776572238.000,"71c067","N/A",25.004013,121.298269,30000,31400,420.7,,468,,229.72,0.03,0.18,,,0,,,,,1013.6,30016,,"4171",-37.3,57,186,1,8,1,3,2,2,,,2
1776572238.000,"789219","N/A",24.816253,121.580097,33025,34650,563.5,300,498,0.840,51.99,-0.19,1.93,54.14,50.27,-64,160,,,,1013.6,32992,,"3535",-36.4,35,186,1,8,2,2,,,,,0
1776572243.000,"71c394","ABL793  ",24.999207,121.122386,2275,2425,166.6,157,166,0.248,49.14,-0.75,0.00,52.38,47.41,-896,-832,,332,6,1012.0,3008,,"4101",-36.3,1324,186,1,8,1,3,2,2,"A3",,2
1776572243.000,"71c067","N/A",24.978058,121.264648,30000,31400,420.7,,468,,229.72,0.03,0.18,,,0,,,,,1013.6,30016,,"4171",-36.2,68,186,1,8,1,3,2,2,,,2
1776572243.000,"789219","N/A",24.816253,121.580097,33025,34650,563.5,300,498,0.840,51.99,-0.19,1.93,54.14,50.27,-64,160,,,,1013.6,32992,,"3535",-37.7,43,186,1,9,2,3,,,,,0
1776572248.000,"71c394","ABL793  ",24.999207,121.122386,2275,2425,166.6,157,166,0.248,49.14,-0.75,0.00,52.38,47.41,-896,-832,,332,6,1012.0,3008,,"4101",-36.3,1324,186,1,8,1,3,2,2,"A3",,2
1776572248.000,"71c067","N/A",24.971784,121.256518,30000,31400,420.7,,468,,229.72,0.03,0.18,,,0,,,,,1013.2,30000,,"4171",-36.7,77,186,1,8,1,3,2,2,,,2
1776572248.000,"789219","N/A",24.816253,121.580097,33025,34650,563.5,300,498,0.840,51.99,-0.19,1.93,54.14,50.27,-64,160,,,,1013.6,32992,,"3535",-37.6,44,186,1,9,2,3,,,,,0
1776572253.000,"71c394","ABL793  ",24.999207,121.122386,2275,2425,166.6,157,166,0.248,49.14,-0.75,0.00,52.38,47.41,-896,-832,,332,6,1012.0,3008,,"4101",-36.3,1324,186,1,8,1,3,2,2,"A3",,2
1776572253.000,"71c067","N/A",24.966751,121.250000,30000,31400,421.4,294,468,0.776,229.62,0.00,0.35,237.83,232.86,-64,-64,,,,1013.2,30000,,"4171",-35.4,110,186,1,8,1,3,2,2,,,2
1776572253.000,"789219","N/A",24.816253,121.580097,33025,34650,563.5,300,498,0.840,51.99,-0.19,1.93,54.14,50.27,-64,160,,,,1013.6,32992,,"3535",-38.3,49,186,1,9,2,3,,,,,0
1776572258.000,"71c394","ABL793  ",24.999207,121.122386,2275,2425,166.6,157,166,0.248,49.14,-0.75,0.00,52.38,47.41,-896,-832,,332,6,1012.0,3008,,"4101",-36.3,1324,186,1,8,1,3,2,2,"A3",,2
1776572258.000,"71c067","TWB651  ",24.958936,121.239987,30000,31400,421.4,294,468,0.776,229.62,0.00,0.18,237.83,232.86,0,-32,,260,53,1013.6,30016,,"4171",-34.0,164,186,1,8,1,3,2,2,,,2
1776572258.000,"789219","N/A",24.816253,121.580097,33025,34650,563.5,300,498,0.840,51.99,-0.19,1.93,54.14,50.27,-64,160,,,,1013.6,32992,,"3535",-38.3,49,186,1,9,2,3,,,,,0
1776572263.000,"71c394","ABL793  ",24.999207,121.122386,2275,2425,166.6,157,166,0.248,49.14,-0.75,0.00,52.38,47.41,-896,-832,,332,6,1012.0,3008,,"4101",-36.3,1324,186,1,8,1,3,2,2,"A3",,2
1776572263.000,"71c067","TWB651  ",24.952698,121.231842,30000,31400,422.2,294,468,0.776,229.71,0.00,0.18,238.01,233.04,0,0,,261,53,1013.6,30016,,"4171",-34.2,229,186,1,8,1,3,2,2,"A3",,2
1776572263.000,"789219","N/A",24.816253,121.580097,33025,34650,563.5,300,498,0.840,51.99,-0.19,1.93,54.14,50.27,-64,160,,,,1013.6,32992,,"3535",-38.3,49,186,1,9,2,3,,,,,0
1776572268.000,"71c394","ABL793  ",24.999207,121.122386,2275,2425,166.6,157,166,0.248,49.14,-0.75,0.00,52.38,47.41,-896,-832,,332,6,1012.0,3008,,"4101",-36.3,1324,186,1,8,1,3,2,2,"A3",,2
1776572268.000,"71c067","TWB651  ",24.946518,121.223907,30000,31400,422.2,294,468,0.776,229.71,-0.03,0.00,237.83,232.87,0,0,,259,52,1013.6,30016,,"4171",-31.9,290,186,1,8,1,3,2,2,"A3",,2
1776572268.000,"789219","N/A",24.816253,121.580097,33025,34650,563.5,300,498,0.840,51.99,-0.19,1.93,54.14,50.27,-64,160,,,,1013.6,32992,,"3535",-38.3,49,186,1,9,2,3,,,,,0
1776572273.000,"8990f0","N/A",24.905913,121.004195,4025,4250,196.7,,,,50.16,,,,,0,,,,,1012.0,4000,,,-35.5,29,186,1,8,2,2,,,,,0
1776572273.000,"71c394","ABL793  ",24.999207,121.122386,2275,2425,166.6,157,166,0.248,49.14,-0.75,0.00,52.38,47.41,-896,-832,,332,6,1012.0,3008,,"4101",-36.3,1324,186,1,8,1,3,2,2,"A3",,2
1776572273.000,"71c067","TWB651  ",24.940704,121.216431,30000,31400,422.8,294,468,0.776,229.60,0.00,0.00,237.83,232.87,0,32,,261,52,1013.6,30016,,"4171",-30.2,379,186,1,8,1,3,2,2,"A3",,2
1776572273.000,"789219","N/A",24.816253,121.580097,33025,34650,563.5,300,498,0.840,51.99,-0.19,1.93,54.14,50.27,-64,160,,,,1013.6,32992,,"3535",-38.3,49,186,1,9,2,3,,,,,0
1776572278.000,"8990f0","CAL107  ",24.909256,121.008555,4025,4250,196.5,,194,,49.75,-0.09,-0.88,,,0,,,,,1012.0,4000,,,-35.7,49,186,1,10,2,3,,,"A3",,0
1776572278.000,"71c394","ABL793  ",24.999207,121.122386,2275,2425,166.6,157,166,0.248,49.14,-0.75,0.00,52.38,47.41,-896,-832,,332,6,1012.0,3008,,"4101",-36.3,1324,186,1,8,1,3,2,2,"A3",,2
1776572278.000,"71c067","TWB651  ",24.934113,121.207937,30000,31400,422.8,295,470,0.780,229.60,0.03,0.35,237.83,232.87,0,32,,260,54,1013.6,30016,,"4171",-30.1,444,186,1,8,1,3,2,2,"A3",,2
1776572278.000,"789219","N/A",24.816253,121.580097,33025,34650,563.5,300,498,0.840,51.99,-0.19,1.93,54.14,50.27,-64,160,,,,1013.6,32992,,"3535",-38.3,49,186,1,9,2,3,,,,,0
1776572283.000,"8990f0","CAL107  ",24.911682,121.011658,4025,4250,195.8,,194,,49.56,-0.09,-0.88,,,0,,,,,1012.0,4000,,,-36.2,58,186,1,8,2,2,,,"A3",,0
1776572283.000,"71c394","ABL793  ",24.999207,121.122386,2275,2425,166.6,,,,49.14,,,,,-896,,,,,1012.0,3008,,"4101",-36.3,1324,186,1,8,1,3,2,2,"A3",,2
1776572283.000,"71c067","TWB651  ",24.927658,121.199646,30000,31400,422.8,295,470,0.780,229.60,0.00,0.35,237.83,232.88,64,32,,260,54,1013.6,30016,,"4171",-28.8,534,186,1,8,1,3,2,2,"A3",,2
1776572283.000,"789219","N/A",24.816253,121.580097,33025,34650,563.5,300,498,0.840,51.99,-0.19,1.93,54.14,50.27,-64,160,,,,1013.6,32992,,"3535",-38.3,49,186,1,9,2,3,,,,,0
1776572288.000,"8990f0","CAL107  ",24.914795,121.015625,4025,4250,196.3,,194,,48.92,-0.09,-0.88,,,0,,,,,1012.0,4000,,,-36.6,65,186,1,10,2,3,,,"A3",,0
1776572288.000,"71c394","ABL793  ",24.999207,121.122386,2275,2425,166.6,,,,49.14,,,,,-896,,,,,1012.0,3008,,"4101",-36.3,1324,186,1,8,1,3,2,2,"A3",,2
1776572288.000,"71c067","TWB651  ",24.921021,121.191101,30000,31400,422.8,296,470,0.780,229.60,0.00,0.18,237.83,232.88,0,0,,260,54,1013.6,30016,,"4171",-29.7,612,186,1,8,1,3,2,2,"A3",,2
1776572288.000,"789219","N/A",24.816253,121.580097,33025,34650,563.5,,498,,51.99,-0.19,1.93,,,-64,,,,,1013.6,32992,,"3535",-38.3,49,186,1,9,2,3,,,,,0
1776572293.000,"8990f0","CAL107  ",24.914795,121.015625,4025,4250,196.2,,194,,48.51,-0.09,-0.88,,,0,,,,,1012.0,4000,,,-36.6,67,186,1,10,2,3,,,"A3",,0
1776572293.000,"71c394","ABL793  ",24.999207,121.122386,2275,2425,166.6,,,,49.14,,,,,-896,,,,,1012.0,3008,,"4101",-36.3,1324,186,1,8,1,3,,,"A3",,2
1776572293.000,"71c067","TWB651  ",24.914474,121.182658,30000,31400,422.8,296,472,0.780,229.60,0.00,0.18,237.83,232.88,0,0,,259,55,1013.6,30016,,"4171",-29.2,680,186,1,8,1,3,2,2,"A3",,2
1776572293.000,"789219","N/A",24.816253,121.580097,33025,34650,563.5,,498,,51.99,-0.19,1.93,,,-64,,,,,1013.6,32992,,"3535",-38.3,49,186,1,9,2,3,,,,,0
1776572298.000,"8990f0","CAL107  ",24.914795,121.015625,4025,4250,196.2,,194,,48.10,-0.09,-0.88,,,0,,,,,1012.0,4000,,,-36.6,72,186,1,10,2,3,,,"A3",,0
1776572298.000,"71c067","TWB651  ",24.908473,121.174898,30000,31400,424.2,297,472,0.784,229.59,0.00,0.18,237.83,232.89,0,0,,260,54,1013.6,30016,,"4171",-29.6,737,186,1,8,1,3,2,2,"A3",,2
1776572303.000,"8990f0","CAL107  ",24.914795,121.015625,4025,4250,196.2,,194,,48.10,-0.09,-0.88,,,0,,,,,1012.0,4000,,,-36.8,73,186,1,10,2,3,,,"A3",,0
1776572303.000,"71c067","TWB651  ",24.902069,121.166687,30000,31400,423.6,296,472,0.780,229.69,0.00,0.35,238.01,233.06,0,-32,,261,55,1013.6,30016,,"4171",-30.1,819,186,1,8,1,3,2,2,"A3",,2
1776572308.000,"8990f0","CAL107  ",24.914795,121.015625,4025,4250,196.2,,194,,48.10,-0.09,-0.88,,,0,,,,,1012.0,4000,,,-36.8,73,186,1,10,2,3,,,"A3",,0
1776572308.000,"71c067","TWB651  ",24.895625,121.158367,30000,31400,424.2,297,472,0.784,229.59,0.00,0.18,238.01,233.07,0,0,,261,55,1013.6,30016,,"4171",-30.8,890,186,1,8,1,3,2,2,"A3",,2
1776572313.000,"8990f0","CAL107  ",24.914795,121.015625,4025,4250,196.2,,194,,48.10,-0.09,-0.88,,,0,,,,,1012.0,4000,,,-36.8,73,186,1,10,2,3,,,"A3",,0
1776572313.000,"71c067","TWB651  ",24.889252,121.150106,30000,31400,424.2,297,472,0.784,229.59,0.00,0.18,238.01,233.07,0,0,,261,55,1013.6,30016,,"4171",-31.5,985,186,1,8,1,3,2,2,"A3",,2
1776572318.000,"8990f0","CAL107  ",24.933146,121.038657,4000,4225,196.7,,194,,50.16,-0.09,-0.88,,,-192,,,,,1012.0,4000,,,-37.1,81,186,1,8,2,2,,,"A3",,0
1776572318.000,"71c067","TWB651  ",24.883255,121.142324,30000,31400,425.0,297,472,0.784,229.68,0.00,0.00,238.01,233.07,0,0,,261,54,1013.6,30016,,"4171",-31.5,1044,186,1,8,1,3,2,2,"A3",,2
1776572323.000,"8990f0","CAL107  ",24.935473,121.041766,3975,4200,196.7,,194,,50.16,-0.09,-0.88,,,-192,,,,,1012.0,4000,,,-36.4,87,186,1,10,2,3,2,2,"A3",,2
1776572323.000,"71c067","TWB651  ",24.876864,121.134114,30000,31400,425.0,296,472,0.784,229.68,0.00,0.00,238.01,233.07,-64,-64,,261,54,1013.6,30016,,"4171",-32.0,1117,186,1,8,1,3,2,2,"A3",,2
1776572328.000,"8990f0","CAL107  ",24.937683,121.044617,3925,4150,196.7,,194,,50.16,-0.09,-0.88,,,-192,,,,,1012.0,3008,,,-37.4,95,186,1,10,2,3,2,2,"A3",,2
1776572328.000,"71c067","TWB651  ",24.870026,121.125336,30000,31400,425.0,296,472,0.780,229.68,0.00,0.18,238.01,233.08,-64,-32,,261,54,1013.6,30016,,"4171",-33.2,1184,186,1,8,1,3,2,2,"A3",,2
1776572333.000,"8990f0","CAL107  ",24.939331,121.046753,3900,4125,196.7,,194,,50.16,-0.09,-0.88,,,-192,,,,,1012.0,3008,,,-36.8,103,186,1,10,2,3,2,2,"A3",,2
1776572333.000,"71c067","TWB651  ",24.863754,121.117198,30000,31400,425.6,296,472,0.780,229.57,-0.03,-0.18,238.01,233.08,0,0,,262,52,1013.6,30016,,"4171",-34.6,1241,186,1,8,1,3,2,2,"A3",,2
1776572338.000,"8990f0","CAL107  ",24.939331,121.046753,3900,4125,196.7,,,,50.16,,,,,-192,,,,,1012.0,3008,,,-36.8,103,186,1,10,2,3,2,2,"A3",,2
1776572338.000,"71c067","TWB651  ",24.857437,121.109111,30000,31400,424.9,296,472,0.780,229.49,0.00,0.18,238.01,233.08,64,0,,262,52,1013.6,30016,,"4171",-35.7,1267,186,1,8,1,3,2,2,"A3",,2
1776572343.000,"8990f0","CAL107  ",24.947298,121.056795,3750,3975,184.9,,,,48.73,,,,,-768,,,,,1012.0,3008,,,-37.1,110,186,1,10,2,3,2,2,"A3",,2
1776572343.000,"71c067","TWB651  ",24.851166,121.101227,30000,31400,425.1,297,472,0.784,228.62,-0.56,-11.95,237.30,232.38,0,32,,262,52,1013.6,30016,,"4171",-35.7,1290,186,1,8,1,3,2,2,"A3",,2
1776572348.000,"8990f0","CAL107  ",24.950180,121.060333,3675,3900,184.2,,,,48.52,,,,,-768,,,,,1012.0,3008,,,-36.2,126,186,1,10,2,3,2,2,"A3",,2
1776572348.000,"71c067","TWB651  ",24.845535,121.094716,30000,31400,426.4,297,472,0.784,225.67,-0.56,-11.95,237.30,232.38,64,32,,262,52,1013.6,30016,,"4171",-35.7,1305,186,1,8,1,3,2,2,"A3",,2
1776572353.000,"8990f0","CAL107  ",24.952377,121.063080,3625,3825,184.2,170,,0.272,48.52,,,52.21,47.25,-832,-864,,,,1012.0,3008,,,-36.3,141,186,1,10,2,3,2,2,"A3",,2
1776572353.000,"71c067","TWB651  ",24.845535,121.094716,30000,31400,426.4,297,470,0.784,225.67,-0.59,-12.83,237.30,232.38,64,32,,262,52,1013.6,30016,,"4171",-35.8,1308,186,1,8,1,3,2,2,"A3",,2
1776572358.000,"8990f0","CAL107  ",24.955353,121.066793,3550,3750,184.9,170,182,0.272,48.73,-0.03,-0.18,52.21,47.25,-896,-864,,,,1012.0,3008,,"3252",-35.1,157,186,1,10,2,3,2,2,"A3",,2
1776572358.000,"71c067","TWB651  ",24.845535,121.094716,30000,31400,426.4,297,470,0.784,225.67,-0.59,-12.83,237.30,232.38,64,32,,262,52,1013.6,30016,,"4171",-35.8,1308,186,1,8,1,3,2,2,"A3",,2
1776572363.000,"8990f0","CAL107  ",24.958282,121.070404,3475,3675,184.9,171,182,0.276,48.73,-0.03,-0.18,52.03,47.07,-1024,-1024,,,,1012.0,3008,,"3252",-35.1,179,186,1,10,2,3,2,2,"A3",,2
1776572363.000,"71c067","TWB651  ",24.845535,121.094716,30000,31400,426.4,297,470,0.784,225.67,-0.59,-12.83,237.30,232.38,64,32,,262,52,1013.6,30016,,"4171",-35.8,1308,186,1,8,1,3,2,2,"A3",,2
1776572368.000,"8990f0","CAL107  ",24.960705,121.073482,3400,3600,184.3,171,182,0.276,48.96,-0.03,-0.18,52.03,47.07,-1024,-1024,,,,1012.0,3008,,"3252",-36.2,194,186,1,10,2,3,2,2,"A3",,2
1776572368.000,"71c067","TWB651  ",24.845535,121.094716,30000,31400,426.4,297,470,0.784,225.67,-0.59,-12.83,237.30,232.38,64,32,,262,52,1013.6,30016,,"4171",-35.8,1308,186,1,8,1,3,2,2,"A3",,2
1776572373.000,"8990f0","CAL107  ",24.964233,121.077881,3275,3475,183.6,171,182,0.276,49.20,0.06,0.35,52.38,47.42,-1024,-1024,,302,6,1012.0,3008,,"3252",-35.9,218,186,1,10,2,3,2,2,"A3",,2
1776572373.000,"71c067","TWB651  ",24.845535,121.094716,30000,31400,426.4,297,470,0.784,225.67,-0.59,-12.83,237.30,232.38,64,32,,262,52,1013.6,30016,,"4171",-35.8,1308,186,1,8,1,3,2,2,"A3",,2
1776572378.000,"8990f0","CAL107  ",24.967036,121.081462,3200,3400,182.2,172,184,0.276,49.23,0.06,0.53,52.38,47.42,-1024,-992,,335,6,1012.0,3008,,"3252",-36.2,258,186,1,10,2,3,2,2,"A3",,2
1776572378.000,"71c067","TWB651  ",24.845535,121.094716,30000,31400,426.4,297,470,0.784,225.67,-0.59,-12.83,237.30,232.38,64,32,,262,52,1013.6,30016,,"4171",-35.8,1308,186,1,8,1,3,2,2,"A3",,2
1776572383.000,"8990f0","CAL107  ",24.969864,121.085103,3100,3300,181.6,172,184,0.276,49.47,0.03,0.18,52.21,47.24,-1024,-1056,,337,7,1012.0,3008,,"3252",-34.7,300,186,1,10,2,3,2,2,"A3",,2
1776572383.000,"71c067","TWB651  ",24.845535,121.094716,30000,31400,426.4,297,470,0.784,225.67,-0.59,-12.83,237.30,232.38,64,32,,262,52,1013.6,30016,,"4171",-35.8,1308,186,1,8,1,3,2,2,"A3",,2
1776572388.000,"8990f0","CAL107  ",24.972343,121.088251,3025,3225,180.2,171,184,0.272,49.50,0.03,0.18,52.38,47.42,-1024,-992,,337,7,1012.0,3008,,"3252",-35.2,338,186,1,10,2,3,2,2,"A3",,2
1776572388.000,"71c067","TWB651  ",24.845535,121.094716,30000,31400,426.4,297,470,0.784,225.67,-0.59,-12.83,237.30,232.38,64,32,,262,52,1013.6,30016,,"4171",-35.8,1308,186,1,8,1,3,2,2,"A3",,2
1776572393.000,"8990f0","CAL107  ",24.975037,121.091715,2950,3125,178.8,171,184,0.272,49.54,0.03,0.18,52.38,47.42,-1024,-992,,337,7,1012.0,3008,,"3252",-35.0,375,186,1,10,2,3,2,2,"A3",,2
1776572393.000,"71c067","TWB651  ",24.845535,121.094716,30000,31400,426.4,297,470,0.784,225.67,-0.59,-12.83,237.30,232.38,64,32,,,,1013.6,30016,,"4171",-35.8,1308,186,1,8,1,3,2,2,"A3",,2
1776572398.000,"71c067","TWB651  ",24.845535,121.094716,30000,31400,426.4,297,470,0.784,225.67,-0.59,-12.83,237.30,232.38,64,32,,,,1013.6,30016,,"4171",-35.8,1308,186,1,8,1,3,2,2,"A3",,2
1776572398.000,"8990f0","CAL107  ",24.977883,121.095403,2850,3025,177.3,169,184,0.268,49.57,0.03,0.18,52.56,47.59,-960,-960,,337,7,1012.0,3008,,"3252",-34.9,413,186,1,10,2,3,2,2,"A3",,2
1776572403.000,"71c067","TWB651  ",24.845535,121.094716,30000,31400,426.4,,470,,225.67,-0.59,-12.83,,,64,,,,,1013.6,30016,,"4171",-35.8,1308,186,1,8,1,3,2,2,"A3",,2
1776572403.000,"8990f0","CAL107  ",24.980621,121.098938,2775,2950,176.6,168,184,0.268,49.36,0.03,0.18,52.56,47.59,-896,-992,,337,7,1012.0,3008,,"3252",-36.5,472,186,1,10,2,3,2,2,"A3",,2
1776572408.000,"8990f0","CAL107  ",24.983276,121.102295,2700,2875,177.9,168,184,0.268,48.87,0.03,0.18,52.56,47.59,-1024,-992,,337,7,1012.0,3008,,"3252",-36.8,498,186,1,10,2,3,2,2,"A3",,2
1776572408.000,"899141","N/A",24.754852,121.428680,9250,9600,250.1,215,,0.384,334.66,,,334.16,329.20,-704,-704,,,,,,,,-36.3,37,186,,8,0,2,,,,,0
1776572413.000,"8990f0","CAL107  ",24.985840,121.105499,2625,2775,177.9,168,184,0.268,48.87,0.03,0.18,51.68,46.71,-832,-864,,,,1012.0,3008,,"3252",-35.8,523,186,1,10,2,3,2,2,"A3",,2
1776572413.000,"899141","UIA8722 ",24.762497,121.424764,9175,9525,251.9,217,252,0.388,335.37,,1.41,334.34,329.38,-768,-704,,244,25,1012.1,9008,,"1534",-35.3,78,186,,8,0,2,,,"A0",,0
1776572418.000,"8990f0","CAL107  ",24.988541,121.108907,2550,2700,178.6,168,184,0.268,49.09,0.03,0.18,51.68,46.71,-896,-864,,,,1012.0,3008,,"3252",-36.3,541,186,1,10,2,3,2,2,"A3",,2
1776572418.000,"899141","UIA8722 ",24.762497,121.424764,9175,9525,252.8,217,252,0.388,335.46,,1.41,334.34,329.38,-768,-704,,244,25,1012.1,9008,,"1534",-37.5,87,186,,8,0,2,,,"A0",,0
1776572423.000,"8990f0","CAL107  ",24.991379,121.112467,2475,2625,177.9,168,184,0.268,48.87,0.03,0.18,51.68,46.71,-960,-864,,,,1012.0,3008,,"3252",-36.3,552,186,1,10,2,3,2,2,"A3",,2
1776572423.000,"899141","UIA8722 ",24.762497,121.424764,9175,9525,252.8,217,252,0.388,335.46,,1.41,334.34,329.38,-768,-704,,244,25,1012.1,9008,,"1534",-37.9,90,186,,8,0,2,,,"A0",,0
1776572428.000,"8990f0","CAL107  ",24.993896,121.115665,2400,2550,175.8,168,184,0.268,49.15,0.03,0.18,51.68,46.71,-896,-864,,,,1012.0,3008,,"3252",-35.5,575,186,1,10,2,3,2,2,"A3",,2
1776572428.000,"899141","UIA8722 ",24.762497,121.424764,9175,9525,252.8,217,252,0.388,335.46,,1.41,334.34,329.38,-768,-704,,244,25,1012.1,9008,,"1534",-37.9,90,186,,8,0,2,,,"A0",,0
1776572433.000,"8990f0","CAL107  ",24.996597,121.119080,2325,2450,171.6,168,184,0.268,49.25,0.03,0.18,51.68,46.71,-896,-864,,,,1012.0,3008,,"3252",-36.3,605,186,1,10,2,3,2,2,"A3",,2
1776572433.000,"899141","UIA8722 ",24.762497,121.424764,9175,9525,252.8,217,252,0.388,335.46,,1.41,334.34,329.38,-768,-704,,244,25,1012.1,9008,,"1534",-37.9,90,186,,8,0,2,,,"A0",,0
1776572439.000,"8990f0","CAL107  ",24.996597,121.119080,2325,2450,168.1,168,184,0.268,49.58,0.03,0.18,51.68,46.71,-896,-864,,,,1012.0,3008,,"3252",-36.3,625,186,1,10,2,3,2,2,"A3",,2
1776572439.000,"899141","UIA8722 ",24.789532,121.411000,9000,9350,240.7,217,252,0.388,334.93,,1.41,334.34,329.38,-192,-704,,244,25,1012.1,9008,,"1534",-36.9,100,186,,8,0,2,,,"A0",,0
1776572444.000,"8990f0","CAL107  ",25.000031,121.123505,2225,2350,168.1,168,,0.268,49.58,,,51.68,46.71,-896,-864,,,,1012.0,3008,,"3252",-36.8,628,186,1,10,2,3,2,2,"A3",,2
1776572444.000,"899141","UIA8722 ",24.793908,121.408772,9000,9350,238.9,204,240,0.364,335.26,,0.88,334.86,329.90,64,-192,,244,25,1012.1,9008,,"1534",-34.6,168,186,,8,0,2,,,"A0",,0
1776572449.000,"8990f0","CAL107  ",25.000031,121.123505,2225,2350,168.1,168,,0.268,49.58,,,51.68,46.71,-896,-864,,,,1012.0,3008,,"3252",-36.8,628,186,1,10,2,3,2,2,"A3",,2
1776572449.000,"899141","UIA8722 ",24.799587,121.405922,8975,9325,235.8,201,236,0.356,335.17,,-0.88,334.51,329.55,-256,-256,,241,24,1012.1,8000,,"1534",-34.8,225,186,,8,0,2,,,"A0",,0
1776572454.000,"8990f0","CAL107  ",25.000031,121.123505,2225,2350,168.1,168,,0.268,49.58,,,51.68,46.71,-896,-864,,,,1012.0,3008,,"3252",-36.8,628,186,1,10,2,3,2,2,"A3",,2
1776572454.000,"899141","UIA8722 ",24.804708,121.403279,8950,9300,234.9,203,236,0.360,335.07,,-0.70,335.04,330.08,-384,-448,,246,21,1012.1,8000,,"1534",-34.1,304,186,,8,0,2,,,"A0",,0
1776572459.000,"8990f0","CAL107  ",25.000031,121.123505,2225,2350,168.1,168,,0.268,49.58,,,51.68,46.71,-896,-864,,,,1012.0,3008,,"3252",-36.8,628,186,1,10,2,3,2,2,"A3",,2
1776572459.000,"899141","UIA8722 ",24.809410,121.400895,8900,9250,234.4,203,236,0.360,334.75,,-1.23,334.51,329.55,-512,-544,,246,21,1012.1,7008,,"1534",-34.4,366,186,,8,0,2,,,"A0",,0
1776572464.000,"8990f0","CAL107  ",25.000031,121.123505,2225,2350,168.1,168,,0.268,49.58,,,51.68,46.71,-896,-864,,,,1012.0,3008,,"3252",-36.8,628,186,1,10,2,3,2,2,"A3",,2
1776572464.000,"899141","UIA8722 ",24.814577,121.398200,8850,9200,233.5,204,236,0.364,334.64,,0.35,334.51,329.55,-512,-544,,246,21,1012.1,6000,,"1534",-36.7,435,186,,8,0,2,,,"A0",,0
1776572469.000,"8990f0","CAL107  ",25.000031,121.123505,2225,2350,168.1,168,,0.268,49.58,,,51.68,46.71,-896,-864,,,,1012.0,3008,,"3252",-36.8,628,186,1,10,2,3,2,2,"A3",,2
1776572469.000,"899141","UIA8722 ",24.814577,121.398200,8850,9200,233.5,204,236,0.364,334.64,,0.35,334.51,329.55,-512,-544,,246,21,1012.1,6000,,"1534",-36.7,435,186,,8,0,2,,,"A0",,0
1776572474.000,"8990f0","CAL107  ",25.000031,121.123505,2225,2350,168.1,,,,49.58,,,,,-896,,,,,1012.0,3008,,,-36.8,628,186,1,10,2,3,,,"A3",,2
1776572474.000,"78064c","CES2946 ",24.856522,121.258087,29000,30450,476.4,278,436,0.724,36.89,0.00,0.35,35.51,30.56,0,0,,264,65,1012.8,28992,,"6266",-32.9,81,186,1,8,1,2,2,3,,,0
1776572474.000,"899141","UIA8722 ",24.814577,121.398200,8850,9200,233.5,204,236,0.364,334.64,,0.35,334.51,329.55,-512,-544,,246,21,1012.1,6000,,"1534",-36.7,435,186,,8,0,2,,,"A0",,0
1776572479.000,"8990f0","CAL107  ",25.000031,121.123505,2225,2350,168.1,,,,49.58,,,,,-896,,,,,1012.0,3008,,,-36.8,628,186,1,10,2,3,,,"A3",,2
1776572479.000,"78064c","CES2946 ",24.864212,121.264394,29000,30450,476.4,278,436,0.724,36.89,0.00,0.35,35.51,30.56,0,0,,265,65,1012.8,28992,,"6266",-33.0,141,186,1,9,1,3,2,3,"A3",,2
1776572479.000,"899141","UIA8722 ",24.814577,121.398200,8850,9200,233.5,204,236,0.364,334.64,,0.35,334.51,329.55,-512,-544,,246,21,1012.1,6000,,"1534",-36.7,435,186,,8,0,2,,,"A0",,0
1776572484.000,"8990f0","CAL107  ",25.000031,121.123505,2225,2350,168.1,,,,49.58,,,,,-896,,,,,1012.0,3008,,,-36.8,628,186,1,10,2,3,,,"A3",,2
1776572484.000,"78064c","CES2946 ",24.875290,121.273499,29000,30450,477.2,278,436,0.724,36.82,0.00,0.35,35.51,30.56,0,0,,264,65,1012.8,28992,,"6266",-32.1,213,186,1,9,1,3,2,3,"A3",,2
1776572484.000,"899141","UIA8722 ",24.814577,121.398200,8850,9200,233.5,204,236,0.364,334.64,,0.35,334.51,329.55,-512,-544,,246,21,1012.1,6000,,"1534",-36.7,435,186,,8,0,2,,,"A0",,0
1776572489.000,"8990f0","CAL107  ",25.000031,121.123505,2225,2350,168.1,,,,49.58,,,,,-896,,,,,1012.0,3008,,,-36.8,628,186,1,10,2,3,,,"A3",,2
1776572489.000,"78064c","CES2946 ",24.882311,121.279216,29000,30450,477.2,278,436,0.724,36.82,0.00,0.18,35.51,30.55,0,0,,264,65,1012.8,28992,,"6266",-33.7,264,186,1,9,1,3,2,3,"A3",,2
1776572489.000,"899141","UIA8722 ",24.814577,121.398200,8850,9200,233.5,204,236,0.364,334.64,,0.35,334.51,329.55,-512,-544,,246,21,1012.1,6000,,"1534",-36.7,435,186,,8,0,2,,,"A0",,0
1776572494.000,"8990f0","CAL107  ",25.000031,121.123505,2225,2350,168.1,,,,49.58,,,,,-896,,,,,1012.0,3008,,,-36.8,628,186,1,10,2,3,,,"A3",,2
1776572494.000,"78064c","CES2946 ",24.892914,121.287944,29000,30450,476.6,278,436,0.724,36.73,0.00,0.35,35.51,30.55,0,0,,264,65,1012.8,28992,,"6266",-34.0,294,186,1,9,1,3,2,3,"A3",,2
1776572494.000,"899141","UIA8722 ",24.814577,121.398200,8850,9200,233.5,204,236,0.364,334.64,,0.35,334.51,329.55,-512,-544,,246,21,1012.1,6000,,"1534",-36.7,435,186,,8,0,2,,,"A0",,0
1776572499.000,"8990f0","CAL107  ",25.000031,121.123505,2225,2350,,,,,,,,,,,,,,,1012.0,3008,,,-36.8,628,186,1,10,,3,,,"A3",,2
1776572499.000,"78064c","CES2946 ",24.901794,121.295217,29000,30425,477.2,278,436,0.724,36.82,0.00,0.35,35.68,30.72,0,0,,264,64,1012.8,28992,,"6266",-32.1,361,186,1,9,1,3,2,3,"A3",,2
1776572499.000,"899141","UIA8722 ",24.814577,121.398200,8850,9200,233.5,204,236,0.364,334.64,,0.35,334.51,329.55,-512,-544,,246,21,1012.1,6000,,"1534",-36.7,435,186,,8,0,2,,,"A0",,0
1776572504.000,"78064c","CES2946 ",24.910568,121.302433,29000,30450,477.2,278,436,0.724,36.82,0.00,0.53,35.68,30.72,0,0,,264,64,1012.8,28992,,"6266",-32.5,434,186,1,9,1,3,2,3,"A3",,2
1776572504.000,"899141","UIA8722 ",24.814577,121.398200,8850,9200,233.5,204,236,0.364,334.64,,0.35,334.51,329.55,-512,-544,,246,21,1012.1,6000,,"1534",-36.7,435,186,,8,0,2,,,"A0",,0
1776572509.000,"78064c","CES2946 ",24.919281,121.309560,29000,30425,477.2,278,436,0.724,36.82,0.00,0.35,35.86,30.89,0,0,,263,63,1012.8,28992,,"6266",-32.4,505,186,1,9,1,3,2,3,"A3",,2
1776572509.000,"899141","UIA8722 ",24.814577,121.398200,8850,9200,233.5,204,236,0.364,334.64,,0.35,334.51,329.55,-512,-544,,246,21,1012.1,6000,,"1534",-36.7,435,186,,8,0,2,,,"A0",,0
1776572514.000,"78064c","CES2946 ",24.928253,121.316935,29000,30425,476.4,278,436,0.724,36.89,0.00,0.35,35.86,30.89,0,0,,263,63,1012.8,28992,,"6266",-32.7,565,186,1,9,1,3,2,3,"A3",,2
1776572514.000,"899141","UIA8722 ",24.814577,121.398200,8850,9200,233.5,204,236,0.364,334.64,,0.35,334.51,329.55,-512,-544,,246,21,1012.1,6000,,"1534",-36.7,435,186,,8,0,2,,,"A0",,0
1776572519.000,"861b03","N/A",24.965012,121.079000,3275,3450,197.1,186,198,0.300,49.11,-0.03,-0.18,51.50,47.65,-1024,-1120,,,,1012.0,4000,,"3601",-37.0,57,186,1,8,1,2,,,,,0
1776572519.000,"78064c","CES2946 ",24.935760,121.323090,29000,30425,477.2,278,436,0.724,36.82,0.00,0.35,35.86,30.89,0,-32,,263,63,1012.8,28992,,"6266",-35.9,621,186,1,9,1,3,2,3,"A3",,2
1776572519.000,"899141","UIA8722 ",24.814577,121.398200,8850,9200,233.5,204,236,0.364,334.64,,0.35,334.51,329.55,-512,-544,,246,21,1012.1,6000,,"1534",-36.7,435,186,,8,0,2,,,"A0",,0
1776572524.000,"861b03","ANA8441 ",24.966151,121.080426,3225,3400,197.1,186,198,0.300,49.11,-0.03,-0.18,51.50,47.65,-1024,-1120,,,,1012.0,4000,,"3601",-37.2,64,186,1,8,1,2,,,"A5",,0
1776572524.000,"78064c","CES2946 ",24.945923,121.331482,29000,30425,477.2,278,436,0.724,36.82,0.00,0.35,35.86,30.89,0,-32,,263,63,1012.8,28992,,"6266",-36.1,632,186,1,9,1,3,2,3,"A3",,2
1776572524.000,"899141","UIA8722 ",24.814577,121.398200,8850,9200,,,,,,,,,,,,,,,,,,,-36.7,435,186,,8,,2,,,"A0",,0
1776572529.000,"861b03","ANA8441 ",24.966151,121.080426,3225,3400,195.7,186,198,0.300,49.14,0.00,0.18,51.50,47.65,-1024,-1120,,,,1012.0,4000,,"3601",-37.7,81,186,1,8,1,2,,,"A5",,0
1776572529.000,"78064c","CES2946 ",24.954886,121.338812,29000,30425,477.2,278,436,0.724,36.82,0.00,0.35,35.86,30.88,0,0,,263,63,1012.8,28992,,"6266",-36.7,647,186,1,9,1,3,2,3,"A3",,2
1776572534.000,"861b03","ANA8441 ",24.973367,121.089598,3025,3175,192.9,184,198,0.296,49.21,0.00,0.18,51.50,46.54,-960,-992,,,,1012.0,4000,,"3601",-37.3,104,186,1,8,1,2,,,"A5",,0
1776572534.000,"78064c","CES2946 ",24.954886,121.338812,29000,30425,477.2,278,436,0.724,36.82,0.00,0.35,35.86,30.88,0,0,,263,63,1012.8,28992,,"6266",-36.7,649,186,1,9,1,3,2,3,"A3",,2
1776572539.000,"861b03","ANA8441 ",24.977142,121.094411,2925,3075,192.9,184,198,0.296,49.21,0.00,0.18,51.50,46.54,-960,-992,,,,1012.0,4000,,"3601",-37.5,117,186,1,8,1,2,,,"A5",,0
1776572539.000,"78064c","CES2946 ",24.954886,121.338812,29000,30425,477.2,278,436,0.724,36.82,0.00,0.35,35.86,30.88,0,0,,263,63,1012.8,28992,,"6266",-36.7,649,186,1,9,1,3,2,3,"A3",,2
1776572544.000,"861b03","ANA8441 ",24.977650,121.095092,2900,3050,191.6,183,198,0.292,49.66,0.00,0.18,51.50,46.54,-1024,-992,,,,1012.0,4000,,"3601",-37.4,127,186,1,8,1,2,,,"A5",,0
1776572544.000,"78064c","CES2946 ",24.954886,121.338812,29000,30425,477.2,278,436,0.724,36.82,0.00,0.35,35.86,30.88,0,0,,263,63,1012.8,28992,,"6266",-36.7,649,186,1,9,1,3,2,3,"A3",,2
1776572549.000,"861b03","ANA8441 ",24.977650,121.095092,2900,3050,191.6,183,198,0.292,49.66,0.00,0.18,51.50,46.54,-1024,-992,,,,1012.0,4000,,"3601",-37.8,130,186,1,8,1,2,,,"A5",,0
1776572549.000,"78064c","CES2946 ",24.954886,121.338812,29000,30425,477.2,278,436,0.724,36.82,0.00,0.35,35.86,30.88,0,0,,263,63,1012.8,28992,,"6266",-36.7,649,186,1,9,1,3,2,3,"A3",,2
1776572554.000,"861b03","ANA8441 ",24.984353,121.103642,2700,2850,191.6,183,190,0.292,49.66,-0.06,-0.35,51.50,46.54,-1024,-992,,,,1012.0,4000,,"3601",-37.2,149,186,1,8,1,2,,,"A5",,0
1776572554.000,"78064c","CES2946 ",24.954886,121.338812,29000,30425,477.2,278,436,0.724,36.82,0.00,0.35,35.86,30.88,0,0,,263,63,1012.8,28992,,"6266",-36.7,649,186,1,9,1,3,2,3,"A3",,2
1776572559.000,"861b03","ANA8441 ",24.984353,121.103642,2700,2850,191.6,183,190,0.292,49.66,0.09,1.05,51.50,46.54,-1024,-992,,,,,,,"3601",-37.7,162,186,,8,1,2,,,"A5",,0
1776572559.000,"78064c","CES2946 ",24.954886,121.338812,29000,30425,477.2,278,436,0.724,36.82,0.00,0.35,35.86,30.88,0,0,,263,63,1012.8,28992,,"6266",-36.7,649,186,1,9,1,3,2,3,"A3",,2
1776572564.000,"8991df","SJX202  ",24.907562,121.006521,4025,4250,206.2,189,,0.308,48.74,,,52.03,47.09,0,32,,,,1012.0,4000,,"3361",-35.9,75,186,1,10,2,3,2,2,,,2
1776572564.000,"861b03","ANA8441 ",24.984353,121.103642,2700,2850,191.6,183,190,0.292,49.66,0.09,1.05,51.50,46.54,-1024,-992,,,,,,,"3601",-37.7,163,186,,8,1,2,,,"A5",,0
1776572564.000,"78064c","CES2946 ",24.954886,121.338812,29000,30425,477.2,278,436,0.724,36.82,0.00,0.35,35.86,30.88,0,0,,263,63,1012.8,28992,,"6266",-36.6,651,186,1,9,1,3,2,3,"A3",,2
1776572569.000,"8991df","SJX202  ",24.911270,121.011098,4025,4250,206.2,189,204,0.308,48.74,-0.03,-0.18,52.03,47.09,0,32,,,,1012.0,4000,,"3361",-34.8,91,186,1,10,2,3,2,2,,,2
1776572569.000,"861b03","ANA8441 ",24.984353,121.103642,2700,2850,191.6,183,190,0.292,49.66,0.09,1.05,51.50,46.54,-1024,-992,,,,,,,"3601",-37.7,163,186,,8,1,2,,,"A5",,0
1776572569.000,"78064c","CES2946 ",24.954886,121.338812,29000,30425,477.2,278,436,0.724,36.82,0.00,0.35,35.86,30.88,0,0,,263,63,1012.8,28992,,"6266",-36.6,651,186,1,9,1,3,2,3,"A3",,2
1776572574.003,"8991df","SJX202  ",24.913147,121.013489,4025,4250,205.5,189,204,0.308,48.55,0.03,-0.18,52.03,47.09,0,32,,,,1012.0,4000,,"3361",-35.6,110,186,1,10,2,3,2,2,,,2
1776572574.003,"861b03","ANA8441 ",24.984353,121.103642,2700,2850,191.6,183,190,0.292,49.66,0.09,1.05,51.50,46.54,-1024,-992,,,,,,,"3601",-37.7,163,186,,8,1,2,,,"A5",,0
1776572574.003,"78064c","CES2946 ",24.954886,121.338812,29000,30425,477.2,278,436,0.724,36.82,0.00,0.35,35.86,30.88,0,0,,263,63,1012.8,28992,,"6266",-36.8,653,186,1,9,1,3,2,3,"A3",,2
1776572579.000,"8991df","SJX202  ",24.916992,121.018270,4025,4250,205.5,189,204,0.308,48.55,0.03,-0.18,52.03,47.09,0,32,,,,1012.0,4000,,"3361",-35.4,119,186,1,10,2,3,2,2,"A5",,2
1776572579.000,"861b03","ANA8441 ",24.984353,121.103642,2700,2850,191.6,183,190,0.292,49.66,0.09,1.05,51.50,46.54,-1024,-992,,,,,,,"3601",-37.7,163,186,,8,1,2,,,"A5",,0
1776572579.000,"78064c","CES2946 ",24.954886,121.338812,29000,30425,477.2,278,436,0.724,36.82,0.00,0.35,35.86,30.88,0,0,,,,,,,,-36.8,653,186,1,9,1,3,2,3,"A3",,2
1776572584.000,"8991df","SJX202  ",24.919180,121.020934,4025,4250,204.7,189,204,0.308,48.37,0.03,-0.18,52.03,47.09,0,32,,,,1012.0,4000,,"3361",-35.3,128,186,1,10,2,3,2,2,"A5",,2
1776572584.000,"861b03","ANA8441 ",24.984353,121.103642,2700,2850,191.6,183,190,0.292,49.66,0.09,1.05,51.50,46.54,-1024,-992,,,,,,,"3601",-37.7,163,186,,8,1,2,,,"A5",,0
1776572584.000,"78064c","CES2946 ",24.954886,121.338812,29000,30425,477.8,278,,0.724,36.92,,,35.86,30.88,64,0,,,,,,,,-37.2,655,186,1,9,1,3,2,3,"A3",,2
1776572589.000,"8991df","SJX202  ",24.919180,121.020934,4025,4250,204.7,189,204,0.308,48.37,0.03,-0.18,52.03,47.09,-64,32,,,,1012.0,4000,,"3361",-36.0,131,186,1,10,2,3,2,2,"A5",,2
1776572589.000,"861b03","ANA8441 ",24.984353,121.103642,2700,2850,191.6,183,190,0.292,49.66,0.09,1.05,51.50,46.54,-1024,-992,,,,,,,"3601",-37.7,163,186,,8,1,2,,,"A5",,0
1776572589.000,"78064c","CES2946 ",25.057251,121.422984,29000,30425,477.8,277,,0.720,36.92,,,36.56,31.55,64,32,,,,,,,"6266",-36.2,673,186,1,9,1,3,2,3,"A3",,2
1776572594.000,"8991df","SJX202  ",24.919180,121.020934,4025,4250,204.7,189,204,0.308,48.37,0.03,-0.18,52.03,47.09,-64,32,,,,1012.0,4000,,"3361",-36.3,132,186,1,10,2,3,2,2,"A5",,2
1776572594.000,"861b03","ANA8441 ",24.984353,121.103642,2700,2850,191.6,183,190,0.292,49.66,0.09,1.05,51.50,46.54,-1024,-992,,,,,,,"3601",-37.7,163,186,,8,1,2,,,"A5",,0
1776572594.000,"78064c","CES2946 ",25.069748,121.433309,29000,30400,477.8,277,,0.720,36.92,,,36.56,31.55,0,32,,,,1012.8,28992,,"6266",-36.2,695,186,1,9,1,3,2,3,"A3",,2
1776572599.000,"8991df","SJX202  ",24.919180,121.020934,4025,4250,204.7,189,204,0.308,48.37,0.03,-0.18,52.03,47.09,-64,32,,,,1012.0,4000,,"3361",-36.3,132,186,1,10,2,3,2,2,"A5",,2
1776572599.000,"861b03","ANA8441 ",24.984353,121.103642,2700,2850,191.6,183,190,0.292,49.66,0.09,1.05,51.50,46.54,-1024,-992,,,,,,,,-37.7,163,186,,8,1,2,,,"A5",,0
1776572599.000,"78064c","CES2946 ",25.078354,121.440379,29000,30425,477.8,277,434,0.720,36.92,0.00,0.53,36.56,31.54,0,0,,,,1012.8,28992,,"6266",-36.4,712,186,1,9,1,3,2,3,"A3",,2
1776572604.000,"8991df","SJX202  ",24.932634,121.037932,4075,4300,192.4,189,204,0.308,50.27,0.03,-0.18,52.03,47.09,128,32,,,,1012.0,4000,,"3361",-35.8,146,186,1,10,2,3,2,2,"A5",,2
1776572604.000,"861b03","ANA8441 ",24.984353,121.103642,2700,2850,,,190,,,0.09,1.05,,,,,,,,,,,,-37.7,163,186,,8,,2,,,"A5",,0
1776572604.000,"899141","UIA8722 ",24.955261,121.329549,5825,6025,239.9,,,,7.18,,,,,-1216,,,,,,,,,-36.1,451,186,,8,0,2,,,"A0",,0
1776572604.000,"78064c","CES2946 ",25.078354,121.440379,29000,30425,478.6,277,434,0.720,36.85,0.00,0.53,36.56,31.54,0,0,,,,1012.8,28992,,"6266",-36.9,720,186,1,9,1,3,2,3,"A3",,2
1776572609.000,"8991df","SJX202  ",24.935532,121.041718,4075,4300,192.4,189,204,0.308,50.27,0.03,-0.18,52.03,47.09,-192,32,,,,1012.0,3008,,"3361",-35.1,170,186,1,10,2,3,2,2,"A5",,2
1776572609.000,"861b03","ANA8441 ",24.984353,121.103642,2700,2850,,,190,,,0.09,1.05,,,,,,,,,,,,-37.7,163,186,,8,,2,,,"A5",,0
1776572609.000,"899141","UIA8722 ",24.960751,121.330365,5750,5950,237.2,225,,0.376,7.75,,,8.96,3.97,-960,-960,,,,,,,"1534",-36.5,493,186,,8,0,2,,,"A0",,0
1776572609.000,"78064c","CES2946 ",25.089375,121.449453,29000,30400,478.6,277,434,0.720,36.85,0.03,0.53,36.56,31.54,0,0,,,,1012.8,28992,,"6266",-36.1,731,186,1,9,1,3,2,3,"A3",,2
1776572614.000,"8991df","SJX202  ",24.937820,121.044769,4050,4275,193.0,177,204,0.288,49.62,0.03,-0.18,53.26,48.31,-576,-512,,,,1012.0,3008,,"3361",-34.6,192,186,1,10,2,3,2,2,"A5",,2
1776572614.000,"899141","UIA8722 ",24.965500,121.331090,5650,5850,235.2,222,246,0.372,7.82,,-0.53,9.14,4.15,-1152,-1216,,314,19,1012.1,4000,,"1534",-36.0,542,186,,8,0,2,,,"A0",,0
1776572614.000,"78064c","CES2946 ",25.089375,121.449453,29000,30400,479.2,277,434,0.720,36.94,0.03,0.53,36.56,31.54,0,0,,,,1012.8,28992,,"6266",-36.6,737,186,1,9,1,3,2,3,"A3",,2
1776572619.000,"8991df","SJX202  ",24.941339,121.049229,3975,4200,194.3,177,204,0.288,49.17,0.03,-0.18,53.26,48.31,-832,-512,,,,1012.0,3008,,"3361",-36.4,206,186,1,10,2,3,2,2,"A5",,2
1776572619.000,"899141","UIA8722 ",24.965500,121.331090,5650,5850,232.4,222,242,0.372,8.16,,-0.70,9.14,4.15,-1344,-1216,,314,19,1012.1,4000,,"1534",-37.0,560,186,,8,0,2,,,"A0",,0
1776572619.000,"78064c","CES2946 ",25.089375,121.449453,29000,30400,479.2,277,434,0.720,36.94,0.03,0.53,36.56,31.54,0,0,,,,1012.8,28992,,"6266",-37.1,749,186,1,9,1,3,2,3,"A3",,2
1776572624.000,"8991df","SJX202  ",24.943713,121.052183,3925,4150,194.2,177,204,0.288,48.76,0.03,-0.18,53.26,48.31,-1088,-512,,,,1012.0,3008,,"3361",-36.4,224,186,1,10,2,3,2,2,"A5",,2
1776572624.000,"899141","UIA8722 ",24.965500,121.331090,5650,5850,232.4,222,242,0.372,8.16,,-0.70,9.14,4.15,-1344,-1216,,314,19,1012.1,4000,,"1534",-37.6,574,186,,8,0,2,,,"A0",,0
1776572624.000,"78064c","CES2946 ",25.089375,121.449453,29000,30400,479.2,278,434,0.720,36.94,0.03,0.53,36.56,31.54,0,0,,,,1012.8,28992,,"6266",-37.1,753,186,1,9,1,3,2,3,"A3",,2
1776572629.000,"8991df","SJX202  ",24.947484,121.056899,3800,4025,193.4,177,192,0.288,48.56,-0.06,-0.53,53.26,48.31,-1152,-512,,,,1012.0,3008,,"3361",-34.7,249,186,1,10,2,3,2,2,"A5",,2
1776572629.000,"899141","UIA8722 ",24.965500,121.331090,5650,5850,226.1,222,242,0.372,7.88,,-0.70,9.14,4.15,-1600,-1216,,314,19,1012.1,4000,,"1534",-37.8,580,186,,8,0,2,,,"A0",,0
1776572629.000,"78064c","CES2946 ",25.089375,121.449453,29000,30400,479.2,278,434,0.720,36.94,0.03,0.53,36.56,31.54,0,0,,,,1012.8,28992,,"6266",-37.1,753,186,1,9,1,3,2,3,"A3",,2
1776572634.000,"8991df","SJX202  ",24.949951,121.059926,3725,3950,193.4,179,192,0.288,48.56,0.03,0.18,52.21,47.25,-1152,-1152,,300,5,1012.0,3008,,"3361",-34.1,279,186,1,10,2,3,2,2,"A5",,2
1776572634.000,"899141","UIA8722 ",24.965500,121.331090,5150,5325,223.0,222,242,0.372,7.73,,-0.70,9.14,4.15,-1664,-1216,,,,1012.1,4000,,"1534",-36.8,591,186,,8,0,2,,,"A0",,0
1776572634.000,"78064c","CES2946 ",25.089375,121.449453,29000,30400,479.2,278,434,0.720,36.94,0.03,0.53,36.56,31.54,0,0,,,,1012.8,28992,,"6266",-37.1,753,186,1,9,1,3,2,3,"A3",,2
1776572639.000,"8991df","SJX202  ",24.953064,121.063894,3625,3850,193.4,179,192,0.288,48.56,0.03,0.35,52.38,47.43,-1216,-1184,,298,4,1012.0,3008,,"3361",-34.5,315,186,1,10,2,3,2,2,"A5",,2
1776572639.000,"899141","UIA8722 ",24.991988,121.335133,5000,5175,221.9,206,226,0.340,7.51,,-1.05,11.07,6.07,-1664,-1728,,313,7,1012.1,3200,,"1534",-35.0,633,186,,8,0,2,,,"A0",,0
1776572639.000,"78064c","CES2946 ",25.089375,121.449453,29000,30400,479.2,278,434,0.720,36.94,0.03,0.53,36.56,31.54,0,0,,,,1012.8,28992,,"6266",-37.1,753,186,1,9,1,3,2,3,"A3",,2
1776572644.000,"8991df","SJX202  ",24.956096,121.067678,3525,3725,193.5,179,192,0.288,48.98,0.06,0.53,52.38,47.43,-1216,-1216,,302,5,1012.0,3008,,"3361",-34.2,347,186,1,10,2,3,2,2,"A5",,2
1776572644.000,"899141","UIA8722 ",24.994734,121.335547,4925,5100,221.0,206,226,0.340,7.80,,-1.05,11.43,6.43,-1728,-1728,,313,7,1012.1,3200,,"1534",-37.1,668,186,,8,0,2,,,"A0",,0
1776572644.000,"78064c","CES2946 ",25.089375,121.449453,29000,30400,479.2,278,434,0.720,36.94,0.03,0.53,36.56,31.54,0,0,,,,1012.8,28992,,"6266",-37.1,753,186,1,9,1,3,2,3,"A3",,2
1776572649.000,"8991df","SJX202  ",24.959290,121.071777,3400,3600,192.9,180,192,0.288,49.21,0.03,0.18,52.56,47.60,-1152,-1152,,309,5,1012.0,3008,,"3361",-34.8,376,186,1,10,2,3,2,2,"A5",,2
1776572649.000,"899141","UIA8722 ",24.994734,121.335547,4925,5100,217.8,206,226,0.340,7.39,,-1.05,11.43,6.43,-1536,-1728,,313,7,1012.1,3200,,"1534",-36.0,683,186,,8,0,2,,,"A0",,0
1776572649.000,"78064c","CES2946 ",25.089375,121.449453,29000,30400,479.2,278,434,0.720,36.94,0.03,0.53,36.56,31.54,0,0,,,,1012.8,28992,,"6266",-37.1,753,186,1,9,1,3,,,"A3",,2
1776572654.000,"8991df","SJX202  ",24.961822,121.074933,3325,3525,192.9,180,192,0.288,49.21,0.00,0.00,52.56,47.60,-1152,-1120,,309,5,1012.0,3008,,"3361",-36.1,400,186,1,10,2,3,2,2,"A5",,2
1776572654.000,"899141","UIA8722 ",25.005844,121.337179,4625,4775,215.8,202,220,0.332,7.45,,-1.23,10.90,5.89,-1472,-1440,,305,7,1012.1,3200,,"1534",-36.2,729,186,,8,0,2,,,"A0",,0
1776572654.000,"78064c","CES2946 ",25.089375,121.449453,29000,30400,479.2,278,434,0.720,36.94,0.03,0.53,36.56,31.54,0,0,,,,,,,"6266",-37.1,753,186,,,1,,,,"A3",,2
1776572659.000,"8991df","SJX202  ",24.964508,121.078389,3250,3450,191.4,180,192,0.288,49.24,0.00,0.00,52.56,47.60,-1024,-1120,,309,5,1012.0,3008,,"3361",-36.2,426,186,1,10,2,3,2,2,"A5",,2
1776572659.000,"899141","UIA8722 ",25.005844,121.337179,4625,4775,215.8,202,220,0.332,7.45,,-1.23,10.90,5.89,-1472,-1440,,305,7,1012.1,3200,,"1534",-36.2,729,186,,8,0,2,,,"A0",,0
1776572659.000,"78064c","CES2946 ",25.089375,121.449453,29000,30400,479.2,278,434,0.720,36.94,0.03,0.53,36.56,31.54,0,0,,,,,,,"6266",-37.1,753,186,,,1,,,,"A3",,2
1776572664.000,"8991df","SJX202  ",24.966202,121.080526,3200,3400,191.4,180,192,0.288,49.24,0.00,0.00,52.56,47.60,-1024,-1120,,309,5,1012.0,3008,,"3361",-37.0,442,186,1,10,2,3,2,2,"A5",,2
1776572664.000,"899141","UIA8722 ",25.017079,121.338812,4350,4500,212.7,202,220,0.332,7.29,,-1.23,10.90,5.89,-1472,-1440,,305,7,1012.1,3200,,"1534",-36.0,758,186,,8,0,2,,,"A0",,0
1776572664.000,"78064c","CES2946 ",25.089375,121.449453,29000,30400,479.2,278,434,0.720,36.94,0.03,0.53,36.56,31.54,0,0,,,,,,,"6266",-37.1,753,186,,,1,,,,"A3",,2
1776572669.000,"8991df","SJX202  ",24.969270,121.084468,3100,3300,191.4,180,192,0.288,49.24,0.00,0.00,52.56,47.60,-1024,-1120,,309,5,1012.0,3008,,"3361",-37.4,445,186,1,10,2,3,2,2,"A5",,2
1776572669.000,"899141","UIA8722 ",25.022369,121.339518,4225,4375,209.6,202,214,0.332,7.13,,-1.41,10.90,5.89,-1536,-1440,,305,7,1012.1,3200,,"1534",-35.8,804,186,,8,0,2,,,"A0",,0
1776572674.000,"8991df","SJX202  ",24.971146,121.086833,3050,3250,191.4,180,192,0.288,49.24,0.00,0.00,52.56,47.60,-1024,-1120,,309,5,1012.0,3008,,"3361",-37.7,447,186,1,10,2,3,2,2,"A5",,2
1776572674.000,"899141","UIA8722 ",25.026809,121.340159,4100,4225,207.6,196,212,0.316,7.19,,-0.88,10.90,5.89,-1472,-1472,,312,6,1012.1,3200,,"1534",-36.0,864,186,,8,0,2,,,"A0",,0
1776572679.000,"8991df","SJX202  ",24.971146,121.086833,3050,3250,191.4,180,192,0.288,49.24,0.00,0.00,52.56,47.60,-1024,-1120,,309,5,1012.0,3008,,"3361",-37.7,447,186,1,10,2,3,2,2,"A5",,2
1776572679.000,"899141","UIA8722 ",25.031708,121.340841,3975,4100,206.5,194,212,0.316,6.95,,-0.88,10.72,5.71,-1536,-1536,,312,6,1012.1,3200,,"1534",-36.7,894,186,,8,0,2,,,"A0",,0
1776572684.000,"8991df","SJX202  ",24.971146,121.086833,3050,3250,191.4,180,192,0.288,49.24,0.00,0.00,52.56,47.60,-1024,-1120,,309,5,1012.0,3008,,"3361",-38.1,452,186,1,10,2,3,2,2,"A5",,2
1776572684.000,"899141","UIA8722 ",25.036725,121.341507,3825,3950,205.5,194,212,0.316,6.99,,-0.88,10.72,5.71,-1664,-1536,,312,6,1012.1,3200,,"1534",-35.4,927,186,,8,0,2,,,"A0",,0
1776572689.000,"8991df","SJX202  ",24.980024,121.098097,2800,3000,191.4,180,192,0.288,49.24,0.00,0.00,52.56,47.60,-1024,-1120,,,,1012.0,3008,,"3361",-37.9,456,186,1,10,2,3,2,2,"A5",,2
1776572689.000,"899141","UIA8722 ",25.038214,121.341714,3775,3900,205.4,194,208,0.316,6.71,,-1.23,10.72,5.71,-1728,-1536,,312,6,1012.1,3200,,"1534",-37.3,957,186,,8,0,2,,,"A0",,0
1776572694.000,"8991df","SJX202  ",24.980024,121.098097,2800,3000,191.4,180,192,0.288,49.24,0.00,0.00,52.56,47.60,-1024,-1120,,,,1012.0,3008,,"3361",-37.9,460,186,1,10,2,3,2,2,"A5",,2
1776572694.000,"899141","UIA8722 ",25.038214,121.341714,3775,3900,205.4,194,208,0.316,6.71,,-1.23,10.72,5.71,-1728,-1536,,312,6,1012.1,3200,,"1534",-37.9,962,186,,8,0,2,,,"A0",,0
1776572699.000,"8991df","SJX202  ",24.980024,121.098097,2800,3000,191.4,180,192,0.288,49.24,0.00,0.00,52.56,47.60,-1024,-1120,,,,1012.0,3008,,"3361",-38.3,463,186,1,10,2,3,2,2,"A5",,2
1776572699.000,"899141","UIA8722 ",25.038214,121.341714,3775,3900,205.4,194,208,0.316,6.71,,-1.23,10.72,5.71,-1728,-1536,,312,6,1012.1,3200,,"1534",-37.9,962,186,,8,0,2,,,"A0",,0
1776572704.000,"885973","N/A",24.903818,121.001656,4025,4250,173.7,,,,48.97,,,,,0,,,,,1012.0,4000,,,-34.7,41,186,1,8,1,3,2,2,,,2
1776572704.000,"8991df","SJX202  ",24.980024,121.098097,2800,3000,191.4,180,192,0.288,49.24,0.00,0.00,52.56,47.60,-1024,-1120,,,,1012.0,3008,,"3361",-38.3,463,186,1,10,2,3,2,2,"A5",,2
1776572704.000,"899141","UIA8722 ",25.038214,121.341714,3775,3900,205.4,194,208,0.316,6.71,,-1.23,10.72,5.71,-1728,-1536,,312,6,1012.1,3200,,"1534",-37.9,962,186,,8,0,2,,,"A0",,0
1776572709.000,"885973","TVJ571  ",24.905960,121.004384,4025,4275,174.3,159,172,0.256,48.72,-0.06,-0.88,52.21,47.27,0,0,,300,5,1012.0,4000,,"3656",-35.9,81,186,1,8,1,3,2,2,,,2
1776572709.000,"8991df","SJX202  ",24.980024,121.098097,2800,3000,191.4,180,192,0.288,49.24,0.00,0.00,52.56,47.60,-1024,-1120,,,,1012.0,3008,,"3361",-38.3,463,186,1,10,2,3,2,2,"A5",,2
1776572709.000,"899141","UIA8722 ",25.038214,121.341714,3775,3900,205.4,194,208,0.316,6.71,,-1.23,10.72,5.71,-1728,-1536,,312,6,1012.1,3200,,"1534",-37.9,962,186,,8,0,2,,,"A0",,0
1776572714.000,"885973","TVJ571  ",24.908846,121.007978,4025,4250,175.1,159,172,0.256,48.94,-0.06,-0.88,52.21,47.27,0,0,,300,5,1012.0,4000,,"3656",-34.6,111,186,1,8,1,3,2,2,,,2
1776572714.000,"8991df","SJX202  ",24.980024,121.098097,2800,3000,191.4,,,,49.24,,,,,-1024,,,,,1012.0,3008,,"3361",-38.3,465,186,1,10,2,3,2,2,"A5",,2
1776572714.000,"899141","UIA8722 ",25.038214,121.341714,3775,3900,205.4,194,208,0.316,6.71,,-1.23,10.72,5.71,-1728,-1536,,312,6,1012.1,3200,,"1534",-37.9,962,186,,8,0,2,,,"A0",,0
1776572719.000,"885973","TVJ571  ",24.911080,121.010777,4025,4275,175.1,159,172,0.256,48.94,-0.06,-0.88,52.21,47.27,0,0,,300,5,1012.0,4000,,"3656",-33.9,143,186,1,8,1,3,2,2,"A3",,2
1776572719.000,"8991df","SJX202  ",24.980024,121.098097,2800,3000,,,,,,,,,,,,,,,1012.0,3008,,"3361",-38.3,465,186,1,10,,3,2,2,"A5",,2
1776572719.000,"899141","UIA8722 ",25.038214,121.341714,3775,3900,205.4,194,208,0.316,6.71,,-1.23,10.72,5.71,-1728,-1536,,312,6,1012.1,3200,,"1534",-37.9,962,186,,8,0,2,,,"A0",,0
1776572724.000,"885973","TVJ571  ",24.913193,121.013489,4025,4275,174.3,159,172,0.256,48.72,-0.06,-0.88,52.21,47.27,0,0,,300,5,1012.0,4000,,"3656",-36.0,158,186,1,8,1,3,2,2,"A3",,2
1776572724.000,"8991df","SJX202  ",24.980024,121.098097,2800,3000,,,,,,,,,,,,,,,,,,"3361",-38.3,465,186,,,,,,,"A5",,2
1776572724.000,"899141","UIA8722 ",25.038214,121.341714,3775,3900,205.4,194,208,0.316,6.71,,-1.23,10.72,5.71,-1728,-1536,,312,6,1012.1,3200,,"1534",-37.9,962,186,,8,0,2,,,"A0",,0
1776572729.000,"885973","TVJ571  ",24.916946,121.018084,4025,4250,175.0,159,172,0.256,48.48,-0.06,-0.88,52.21,47.27,0,0,,300,5,1012.0,4000,,"3656",-35.2,173,186,1,8,1,3,2,2,"A3",,2
1776572729.000,"8991df","SJX202  ",24.980024,121.098097,2800,3000,,,,,,,,,,,,,,,,,,"3361",-38.3,465,186,,,,,,,"A5",,2
1776572729.000,"899141","UIA8722 ",25.038214,121.341714,3775,3900,205.4,194,208,0.316,6.71,,-1.23,10.72,5.71,-1728,-1536,,312,6,1012.1,3200,,"1534",-37.9,962,186,,8,0,2,,,"A0",,0
1776572734.000,"885973","TVJ571  ",24.919040,121.020727,4025,4250,174.2,159,172,0.256,48.26,-0.06,-0.88,52.21,47.27,0,0,,300,5,1012.0,4000,,"3656",-35.9,198,186,1,8,1,3,2,2,"A3",,2
1776572734.000,"8991df","SJX202  ",24.980024,121.098097,2800,3000,,,,,,,,,,,,,,,,,,"3361",-38.3,465,186,,,,,,,"A5",,2
1776572734.000,"899141","UIA8722 ",25.038214,121.341714,3775,3900,205.4,194,208,0.316,6.71,,-1.23,10.72,5.71,-1728,-1536,,,,1012.1,3200,,"1534",-37.9,962,186,,8,0,2,,,"A0",,0
1776572739.000,"885973","TVJ571  ",24.920996,121.023110,4025,4250,174.2,159,172,0.256,48.26,-0.06,-0.88,52.21,47.27,0,0,,300,5,1012.0,4000,,"3656",-36.9,205,186,1,8,1,3,2,2,"A3",,2
1776572739.000,"8991df","SJX202  ",24.980024,121.098097,2800,3000,,,,,,,,,,,,,,,,,,"3361",-38.3,465,186,,,,,,,"A5",,2
1776572739.000,"899141","UIA8722 ",25.038214,121.341714,3775,3900,205.4,,208,,6.71,,-1.23,,,-1728,,,,,1012.1,3200,,"1534",-37.9,962,186,,8,0,2,,,"A0",,0
1776572744.000,"885973","TVJ571  ",24.920996,121.023110,4025,4250,174.2,159,172,0.256,48.26,-0.06,-0.88,52.21,47.27,0,0,,300,5,1012.0,4000,,"3656",-37.7,211,186,1,8,1,3,2,2,"A3",,2
1776572744.000,"8991df","SJX202  ",24.980024,121.098097,2800,3000,,,,,,,,,,,,,,,,,,"3361",-38.3,465,186,,,,,,,"A5",,2
1776572744.000,"899141","UIA8722 ",25.038214,121.341714,3775,3900,205.4,,208,,6.71,,-1.23,,,-1728,,,,,,,,"1534",-37.9,962,186,,8,0,2,,,"A0",,0
1776572749.000,"885973","TVJ571  ",24.920996,121.023110,4025,4250,174.2,159,172,0.256,48.26,-0.06,-0.88,52.21,47.27,0,0,,300,5,1012.0,4000,,"3656",-37.7,212,186,1,8,1,3,2,2,"A3",,2
1776572754.000,"885973","TVJ571  ",24.920996,121.023110,4025,4250,174.2,159,172,0.256,48.26,-0.06,-0.88,52.21,47.27,0,0,,300,5,1012.0,4000,,"3656",-37.7,212,186,1,8,1,3,2,2,"A3",,2
1776572754.000,"780dd9","N/A",24.844803,121.248932,29000,30400,468.6,,430,,36.85,0.00,0.53,,,0,,,,,1013.6,28992,,,-36.2,20,186,1,8,1,2,,,,,0
1776572759.000,"885973","TVJ571  ",24.933105,121.038564,4000,4225,174.2,159,172,0.256,48.26,-0.06,-0.88,52.21,47.27,0,0,,300,5,1012.0,3008,,"3656",-37.0,225,186,1,8,1,3,2,2,"A3",,2
1776572759.000,"780dd9","N/A",24.855423,121.257680,29025,30425,468.6,,430,,36.85,0.00,0.53,,,0,,,,,1013.6,28992,,,-36.8,28,186,1,8,1,3,,,,,0
1776572764.000,"885973","TVJ571  ",24.935846,121.042129,3950,4200,178.2,159,172,0.256,50.24,-0.06,-0.88,52.21,47.27,-640,0,,300,5,1012.0,3008,,"3656",-36.3,248,186,1,8,1,3,2,2,"A3",,2
1776572764.000,"780dd9","CES2562 ",24.860641,121.261953,29025,30425,468.6,,430,,36.85,0.00,0.53,,,0,,,,,1013.6,28992,,,-37.4,45,186,1,8,1,2,,,,,0
1776572769.000,"885973","TVJ571  ",24.938127,121.045135,3900,4150,178.1,161,,0.260,49.78,,,52.91,47.96,-640,-640,,,,1012.0,3008,,"3656",-36.3,259,186,1,8,1,3,2,2,"A3",,2
1776572769.000,"780dd9","CES2562 ",24.872635,121.271769,29025,30425,468.6,,430,,36.85,0.00,0.53,,,0,,,,,1013.6,28992,,"6270",-36.1,69,186,1,8,1,2,,,,,0
1776572774.000,"885973","TVJ571  ",24.940361,121.047985,3850,4100,177.3,161,,0.260,49.57,,,52.91,47.96,-640,-640,,,,1012.0,3008,,"3656",-36.0,281,186,1,8,1,3,2,2,"A3",,2
1776572774.000,"780dd9","CES2562 ",24.885104,121.281963,29000,30400,469.4,,430,,36.77,0.00,0.53,,,-64,,,,,1013.6,28992,,"6270",-35.0,126,186,1,8,1,3,2,2,"A3",,2
1776572779.000,"885973","TVJ571  ",24.944000,121.052602,3800,4025,173.0,161,,0.260,49.22,,,52.91,47.96,-576,-640,,,,1012.0,3008,,"3656",-36.8,291,186,1,8,1,3,2,2,"A3",,2
1776572779.000,"780dd9","CES2562 ",24.892319,121.287893,29000,30400,469.4,,430,,36.77,0.00,0.53,,,0,,,,,1013.6,28992,,"6270",-34.2,196,186,1,8,1,3,2,2,"A3",,2
1776572784.000,"885973","TVJ571  ",24.946518,121.055756,3750,3975,170.8,161,,0.260,49.03,,,52.91,47.96,-576,-640,,,,1012.0,3008,,"3656",-34.3,308,186,1,8,1,3,2,2,"A3",,2
1776572784.000,"780dd9","CES2562 ",24.899139,121.293488,29000,30400,469.4,274,430,0.712,36.77,0.00,0.53,35.68,30.72,0,0,,,,1013.6,28992,,"6270",-35.9,231,186,1,8,1,3,2,2,"A3",,2
1776572789.000,"885973","TVJ571  ",24.949127,121.059062,3700,3925,167.9,153,164,0.248,48.62,0.00,-0.53,51.86,46.90,-640,-608,,278,7,1012.0,3008,,"3656",-34.1,359,186,1,8,1,3,2,2,"A3",,2
1776572789.000,"780dd9","CES2562 ",24.907775,121.300567,29000,30400,469.4,274,430,0.712,36.77,0.00,0.53,35.68,30.72,0,0,,,,1013.6,28992,,"6270",-36.7,255,186,1,8,1,3,2,2,"A3",,2
1776572794.000,"885973","TVJ571  ",24.951115,121.061511,3650,3875,166.5,152,164,0.244,48.65,-0.06,-0.70,51.50,46.55,-704,-672,,284,7,1012.0,3008,,"3656",-35.8,396,186,1,8,1,3,2,2,"A3",,2
1776572794.000,"780dd9","CES2562 ",24.918389,121.309273,29000,30375,469.4,274,430,0.712,36.77,-0.06,0.18,35.68,30.72,0,0,,,,1013.6,28992,,"6270",-35.1,287,186,1,8,1,3,2,2,"A3",,2
1776572799.000,"885973","TVJ571  ",24.953117,121.063946,3600,3825,165.8,152,164,0.244,48.42,-0.06,-0.70,51.50,46.55,-768,-672,,284,7,1012.0,3008,,"3656",-36.3,423,186,1,8,1,3,2,2,"A3",,2
1776572799.000,"780dd9","CES2562 ",24.926396,121.315855,29000,30375,469.4,274,430,0.712,36.77,0.00,0.53,35.68,30.72,0,32,,264,62,1013.6,28992,,"6270",-34.8,343,186,1,8,1,3,2,2,"A3",,2
1776572804.000,"885973","TVJ571  ",24.956794,121.068507,3500,3725,164.3,152,164,0.244,48.45,-0.06,-0.70,51.50,46.55,-896,-672,,284,7,1012.0,3008,,"3656",-35.9,444,186,1,8,1,3,2,2,"A3",,2
1776572804.000,"780dd9","CES2562 ",24.929626,121.318461,29000,30375,469.4,274,430,0.712,36.77,0.00,0.53,35.68,30.71,0,32,,264,62,1013.6,28992,,"6270",-37.0,363,186,1,8,1,3,2,2,"A3",,2
1776572809.000,"885973","TVJ571  ",24.958703,121.070891,3450,3675,164.3,152,164,0.244,48.45,-0.06,-0.70,51.50,46.55,-896,-672,,284,7,1012.0,3008,,"3656",-36.5,471,186,1,8,1,3,2,2,"A3",,2
1776572809.000,"780dd9","CES2562 ",24.929626,121.318461,29000,30375,469.4,273,430,0.712,36.77,0.00,0.53,35.86,30.89,0,-32,,264,62,1013.6,28992,,"6270",-37.3,370,186,1,8,1,3,2,2,"A3",,2
1776572814.000,"885973","TVJ571  ",24.961761,121.074727,3350,3575,162.9,152,164,0.244,48.48,-0.06,-0.70,51.50,46.55,-1024,-672,,284,7,1012.0,3008,,"3656",-36.5,491,186,1,8,1,3,2,2,"A3",,2
1776572814.000,"780dd9","CES2562 ",24.929626,121.318461,29000,30375,469.4,273,430,0.712,36.77,0.00,0.53,35.86,30.89,0,-32,,264,62,1013.6,28992,,"6270",-37.3,370,186,1,8,1,3,2,2,"A3",,2
1776572819.000,"885973","TVJ571  ",24.964289,121.077887,3250,3475,163.8,152,162,0.244,49.21,0.09,0.53,51.50,46.55,-1088,-672,,284,7,1012.0,3008,,"3656",-35.8,517,186,1,8,1,3,2,2,"A3",,2
1776572819.000,"780dd9","CES2562 ",24.929626,121.318461,29000,30375,469.4,273,430,0.712,36.77,0.00,0.53,35.86,30.89,0,-32,,264,62,1013.6,28992,,"6270",-37.3,370,186,1,8,1,3,2,2,"A3",,2
1776572824.000,"885973","TVJ571  ",24.966293,121.080475,3175,3375,164.5,154,164,0.248,49.44,0.06,0.18,52.21,47.24,-1088,-1120,,313,6,1012.0,3008,,"3656",-35.7,546,186,1,8,1,3,2,2,"A3",,2
1776572824.000,"780dd9","CES2562 ",24.929626,121.318461,29000,30375,469.4,273,430,0.712,36.77,0.00,0.53,35.86,30.89,0,-32,,264,62,1013.6,28992,,"6270",-37.3,370,186,1,8,1,3,2,2,"A3",,2
1776572829.000,"885973","TVJ571  ",24.968200,121.082913,3125,3325,164.5,154,164,0.248,49.44,0.06,0.18,52.21,47.24,-1088,-1120,,313,6,1012.0,3008,,"3656",-36.4,568,186,1,8,1,3,2,2,"A3",,2
1776572829.000,"780dd9","CES2562 ",24.929626,121.318461,29000,30375,469.4,273,430,0.712,36.77,0.00,0.53,35.86,30.89,0,-32,,264,62,1013.6,28992,,"6270",-37.3,370,186,1,8,1,3,2,2,"A3",,2
1776572834.000,"885973","TVJ571  ",24.971283,121.086884,3000,3200,165.3,154,164,0.248,49.66,0.06,0.18,52.21,47.24,-1024,-1120,,313,6,1012.0,3008,,"3656",-35.7,589,186,1,8,1,3,2,2,"A3",,2
1776572839.000,"885973","TVJ571  ",24.973693,121.090013,2925,3125,166.0,154,166,0.248,49.40,0.00,-0.35,52.21,47.24,-960,-1120,,313,6,1012.0,3008,,"3656",-35.6,619,186,1,8,1,3,2,2,"A3",,2
1776572844.000,"885973","TVJ571  ",24.976547,121.093648,2825,3025,166.0,156,166,0.248,49.40,-0.03,-0.18,52.21,47.24,-960,-928,,313,6,1012.0,3008,,"3656",-35.4,659,186,1,8,1,3,2,2,"A3",,2
1776572849.000,"885973","TVJ571  ",24.979139,121.097009,2750,2925,165.3,156,166,0.248,49.66,-0.03,-0.18,52.03,47.06,-768,-864,,313,6,1012.0,3008,,"3656",-35.8,693,186,1,8,1,3,2,2,"A3",,2
1776572854.000,"885973","TVJ571  ",24.979139,121.097009,2750,2925,163.1,156,166,0.248,49.47,-0.03,-0.18,52.03,47.06,-704,-864,,313,6,1012.0,3008,,"3656",-36.9,707,186,1,8,1,3,2,2,"A3",,2
1776572859.000,"885973","TVJ571  ",24.983888,121.103072,2650,2825,158.8,156,160,0.248,49.09,-0.16,-0.88,52.03,47.06,-704,-864,,,,1012.0,3008,,"3656",-33.7,736,186,1,8,1,3,2,2,"A3",,2
1776572865.000,"885973","TVJ571  ",24.986801,121.106720,2575,2725,153.8,147,156,0.232,48.95,-0.12,-0.53,51.15,46.18,-448,-608,,324,7,1012.0,3008,,"3656",-32.2,797,186,1,8,1,3,2,2,"A3",,2
1776572870.000,"885973","TVJ571  ",24.989090,121.109568,2550,2725,151.0,143,152,0.228,49.03,0.03,0.35,51.50,46.53,-384,-448,,314,7,1012.0,3008,,"3656",-34.2,845,186,1,8,1,3,2,2,"A3",,2
1776572875.002,"885973","TVJ571  ",24.991333,121.112417,2500,2650,147.4,141,148,0.224,48.85,-0.06,-0.53,51.50,46.53,-512,-352,,300,8,1012.0,3008,,"3656",-33.6,896,186,1,8,1,3,2,2,"A3",,2
1776572880.000,"885973","TVJ571  ",24.993530,121.115214,2450,2600,144.6,138,144,0.220,48.93,0.16,0.35,51.68,46.71,-704,-576,,311,6,1012.0,3008,,"3656",-32.6,947,186,1,8,1,3,2,2,"A3",,2
1776572885.000,"885973","TVJ571  ",24.995852,121.118101,2375,2525,143.9,138,144,0.220,49.23,0.16,0.35,51.68,46.71,-768,-576,,311,6,1012.0,3008,,"3656",-32.1,998,186,1,9,1,3,2,2,"A3",,2
1776572890.000,"885973","TVJ571  ",24.998086,121.120899,2300,2450,142.4,136,144,0.216,48.70,0.16,0.35,52.56,47.58,-896,-896,,311,6,1012.0,3008,,"3656",-32.0,1051,186,1,8,1,3,2,2,"A3",,2
1776572895.000,"885973","TVJ571  ",24.999995,121.123283,2250,2400,142.4,136,144,0.216,48.70,0.16,0.35,52.56,47.58,-896,-896,,311,6,1012.0,3008,,"3656",-33.0,1107,186,1,9,1,3,2,2,"A3",,2
1776572900.000,"885973","TVJ571  ",25.002228,121.126149,2175,2325,141.9,136,144,0.216,49.57,0.16,0.35,52.56,47.58,-896,-896,,311,6,1012.0,3008,,"3656",-35.2,1166,186,1,8,1,3,2,2,"A3",,2
1776572905.000,"885973","TVJ571  ",25.003922,121.128337,2100,2250,140.5,136,144,0.216,49.62,0.16,0.35,52.56,47.58,-832,-896,,311,6,1012.0,3008,,"3656",-37.0,1189,186,1,9,1,3,2,2,"A3",,2
1776572910.000,"885973","TVJ571  ",25.003922,121.128337,2100,2250,140.5,136,144,0.216,49.62,0.16,0.35,52.56,47.58,-832,-896,,311,6,1012.0,3008,,"3656",-37.0,1192,186,1,9,1,3,2,2,"A3",,2
1776572915.000,"71c570","KAL2021 ",24.946786,121.046327,3025,3175,174.1,165,,0.264,65.20,,,68.20,64.35,32,-64,,,,,,,,-38.2,26,186,1,9,1,3,2,2,"A5",,2
1776572915.000,"885973","TVJ571  ",25.003922,121.128337,2100,2250,140.5,136,144,0.216,49.62,0.16,0.35,52.56,47.58,-832,-896,,311,6,1012.0,3008,,"3656",-37.0,1192,186,1,9,1,3,2,2,"A3",,2
1776572920.000,"71c570","KAL2021 ",24.949539,121.052856,3025,3175,174.1,165,,0.264,65.20,,,68.20,64.35,32,-64,,,,,,,,-38.3,31,186,1,9,1,3,2,2,"A5",,2
1776572920.000,"885973","TVJ571  ",25.003922,121.128337,2100,2250,140.5,136,144,0.216,49.62,0.16,0.35,52.56,47.58,-832,-896,,311,6,1012.0,3008,,"3656",-37.0,1192,186,1,9,1,3,2,2,"A3",,2
1776572925.000,"71c570","KAL2021 ",24.951233,121.056875,3025,3200,174.1,165,,0.264,65.20,,,68.20,64.35,32,0,,,,,,,,-36.9,47,186,1,9,1,3,2,2,"A5",,2
1776572925.000,"885973","TVJ571  ",25.003922,121.128337,2100,2250,140.5,136,144,0.216,49.62,0.16,0.35,52.56,47.58,-832,-896,,311,6,1012.0,3008,,"3656",-37.0,1192,186,1,9,1,3,2,2,"A3",,2
1776572925.000,"86e75e","JAL29   ",24.895340,121.157990,39975,42000,415.0,,,,229.59,,,,,,0,,,,,,,,-37.5,308,186,,,1,,,,"A5",,2
1776572925.000,"789284","N/A",24.824027,121.590513,35000,36775,534.8,,452,,51.76,0.00,0.00,,,0,,,,,1012.8,35008,,"3554",-36.2,40,186,1,8,1,2,,,,,0
1776572930.000,"71c570","KAL2021 ",24.952927,121.060893,3025,3200,174.1,165,,0.264,65.20,,,68.20,64.35,32,0,,,,,,,,-36.1,59,186,1,9,1,3,2,2,"A5",,2
1776572930.000,"885973","TVJ571  ",25.003922,121.128337,2100,2250,140.5,136,144,0.216,49.62,0.16,0.35,52.56,47.58,-832,-896,,311,6,1012.0,3008,,"3656",-37.0,1192,186,1,9,1,3,2,2,"A3",,2
1776572930.000,"789284","N/A",24.824027,121.590513,35000,36775,535.4,,452,,51.67,0.00,0.00,,,0,,,,,1012.8,35008,,"3554",-36.6,42,186,1,8,1,2,,,,,0
1776573135.000,"780ac6","N/A",24.917404,120.998027,4225,4450,198.3,180,194,0.292,78.07,-0.03,0.18,79.98,76.12,-1088,-1088,,,,1012.0,3008,,"3310",-36.2,42,186,1,9,1,3,,,,,0
1776573140.000,"780ac6","HKE110  ",24.917923,121.000827,4175,4400,196.8,180,196,0.292,77.38,-0.41,-0.53,80.33,76.47,-1024,-1120,,328,5,1012.0,3008,,"3310",-36.0,69,186,1,9,1,3,2,2,"A3",,2
1776573145.000,"780ac6","HKE110  ",24.919273,121.007408,4050,4275,196.0,180,196,0.292,77.03,-0.41,-0.53,80.33,76.47,-1088,-1120,,328,5,1012.0,3008,,"3310",-36.6,87,186,1,9,1,3,2,2,"A3",,2
1776573150.000,"780ac6","HKE110  ",24.920018,121.010777,4000,4225,196.0,180,196,0.292,77.03,-0.41,-0.53,80.33,76.47,-1088,-1120,,328,5,1012.0,3008,,"3310",-36.9,93,186,1,9,1,3,2,2,"A3",,2
1776573155.000,"780ac6","HKE110  ",24.921508,121.016840,3875,4100,195.2,180,196,0.292,73.33,-0.41,-0.53,80.33,76.47,-768,-1120,,328,5,1012.0,3008,,"3310",-36.5,104,186,1,9,1,3,2,2,"A3",,2
1776573160.000,"780ac6","HKE110  ",24.922485,121.019643,3850,4050,193.0,180,196,0.292,69.69,-0.41,-0.53,80.33,76.47,-576,-1120,,328,5,1012.0,3008,,"3310",-36.1,118,186,1,8,1,3,2,2,"A3",,2
1776573165.000,"780ac6","HKE110  ",24.922485,121.019643,3850,4050,193.0,180,196,0.292,69.69,-0.41,-0.53,80.33,76.47,-576,-1120,,328,5,1012.0,3008,,"3310",-36.6,119,186,1,8,1,3,2,2,"A3",,2
1776573170.000,"780ac6","HKE110  ",24.922485,121.019643,3850,4050,193.0,180,196,0.292,69.69,-0.41,-0.53,80.33,76.47,-576,-1120,,328,5,1012.0,3008,,"3310",-36.7,120,186,1,8,1,3,2,2,"A3",,2
1776573175.000,"780ac6","HKE110  ",24.930450,121.034393,3700,3900,194.4,180,196,0.292,53.37,-0.41,-0.53,80.33,76.47,-512,-1120,,328,5,1012.0,3008,,"3310",-36.6,128,186,1,8,1,3,2,2,"A3",,2
1776573180.000,"780ac6","HKE110  ",24.932510,121.037292,3675,3875,194.9,180,196,0.292,51.25,-0.41,-0.53,80.33,76.47,-512,-1120,,,,1012.0,3008,,"3310",-36.3,150,186,1,8,1,3,2,2,"A3",,2
1776573185.000,"780ac6","HKE110  ",24.932510,121.037292,3675,3875,195.1,180,196,0.292,49.78,-0.41,-0.53,80.33,76.47,-512,-1120,,,,1012.0,3008,,"3310",-37.4,163,186,1,8,1,3,2,2,"A3",,2
1776573190.000,"780ac6","HKE110  ",24.939560,121.046549,3575,3775,195.1,180,196,0.292,49.78,-0.41,-0.53,80.33,76.47,-512,-1120,,,,1012.0,3008,,"3310",-35.9,174,186,1,8,1,3,2,2,"A3",,2
1776573195.000,"780ac6","HKE110  ",24.942037,121.049643,3525,3725,195.0,180,196,0.292,49.37,-0.41,-0.53,80.33,76.47,-512,-1120,,,,1012.0,3008,,"3310",-37.1,194,186,1,8,1,3,2,2,"A3",,2
1776573200.000,"780ac6","HKE110  ",24.945017,121.053530,3500,3700,195.1,,194,,49.78,0.12,1.41,,,-512,,,,,1012.0,3008,,"3310",-36.1,208,186,1,8,1,3,2,2,"A3",,2
1776573200.000,"76cc65","SIA876  ",24.995728,121.117961,2350,2500,175.1,,,,48.94,,,,,,-896,,,,,,,"2267",-37.6,784,186,,,1,,,,"A5",,2
1776573200.000,"7809e2","CSN3094 ",24.978287,121.393738,29000,30375,447.8,,412,,30.46,-0.03,0.00,,,-64,,,,,1013.6,28992,,"2667",-37.6,647,186,1,9,1,3,2,2,"A3",,2
1776573200.000,"780a6a","CRK658  ",24.831755,121.601085,37000,38800,523.4,240,438,0.744,51.75,0.00,0.18,53.96,48.99,32,0,,246,88,,,,,-35.9,38,186,,8,0,2,,,"A0",,0
1776573205.000,"780ac6","HKE110  ",24.948275,121.057831,3450,3650,193.8,,194,,50.23,0.06,0.88,,,-512,,,,,1012.0,3008,,"3310",-35.6,240,186,1,8,1,3,2,2,"A3",,2
1776573205.000,"780a6a","CRK658  ",24.831755,121.601085,37000,38800,523.4,240,438,0.744,51.75,0.00,0.18,53.96,48.99,32,0,,246,88,,,,,-35.9,38,186,,8,0,2,,,"A0",,0
1776573210.000,"780ac6","HKE110  ",24.951187,121.061656,3400,3600,193.8,,192,,50.23,-0.03,0.00,,,-512,,,,,1012.0,3008,,"3310",-36.2,267,186,1,8,1,3,2,2,"A3",,2
1776573210.000,"780a6a","CRK658  ",24.831755,121.601085,37000,38800,523.4,240,438,0.744,51.75,0.00,0.18,53.96,48.99,32,0,,246,88,,,,,-35.9,38,186,,8,0,2,,,"A0",,0
1776573215.000,"780ac6","HKE110  ",24.954048,121.065397,3350,3550,192.3,,192,,49.85,-0.03,0.00,,,-512,,,,,1012.0,3008,,"3310",-36.0,302,186,1,8,1,3,2,2,"A3",,2
1776573215.000,"71c357","N/A",24.955856,121.236216,30025,31500,412.3,286,456,0.756,229.82,-0.03,0.00,239.24,235.37,-64,-64,,,,1013.6,30016,,"4135",-34.9,84,186,1,9,1,3,2,2,,,2
1776573215.000,"780a6a","CRK658  ",24.831755,121.601085,37000,38800,523.4,240,438,0.744,51.75,0.00,0.18,53.96,48.99,32,0,,246,88,,,,,-35.9,38,186,,8,0,2,,,"A0",,0
1776573220.000,"780ac6","HKE110  ",24.956887,121.069025,3325,3525,192.1,180,192,0.288,49.01,-0.16,-1.05,52.03,47.07,-512,-480,,317,8,1012.0,3008,,"3310",-34.3,344,186,1,8,1,3,2,2,"A3",,2
1776573220.000,"71c357","ABL795  ",24.949539,121.228027,30025,31500,412.3,286,456,0.756,229.82,0.00,0.00,239.24,235.37,-64,-64,,,,1013.6,30016,,"4135",-34.7,124,186,1,9,1,3,2,2,"A3",,2
1776573220.000,"780a6a","CRK658  ",24.831755,121.601085,37000,38800,523.4,240,438,0.744,51.75,0.00,0.18,53.96,48.99,32,0,,246,88,,,,,-35.9,38,186,,8,0,2,,,"A0",,0
1776573225.000,"780ac6","HKE110  ",24.958740,121.071320,3300,3475,192.0,180,192,0.288,48.59,-0.16,-0.53,52.03,47.07,-512,-480,,317,8,1012.0,3008,,"3310",-35.5,381,186,1,8,1,3,2,2,"A3",,2
1776573225.000,"71c357","ABL795  ",24.943497,121.220194,30025,31500,412.9,286,456,0.756,229.71,0.00,0.00,239.24,235.37,-64,-64,,,,1013.6,30016,,"4135",-33.2,150,186,1,9,1,3,2,2,"A3",,2
1776573225.000,"780a6a","CRK658  ",24.831755,121.601085,37000,38800,523.4,240,438,0.744,51.75,0.00,0.18,53.96,48.99,32,0,,246,88,,,,,-35.9,38,186,,8,0,2,,,"A0",,0
1776573230.000,"780ac6","HKE110  ",24.962769,121.076304,3225,3425,192.0,180,192,0.288,48.59,-0.06,-0.18,52.03,47.07,-512,-480,,317,8,1012.0,3008,,"3310",-34.7,409,186,1,8,1,3,2,2,"A3",,2
1776573230.000,"71c357","ABL795  ",24.937242,121.212106,30025,31500,412.9,286,456,0.756,229.71,-0.03,0.00,239.06,234.10,-64,-64,,270,54,1013.6,30016,,"4135",-32.7,191,186,1,9,1,3,2,2,"A3",,2
1776573230.000,"780a6a","CRK658  ",24.831755,121.601085,37000,38800,523.4,240,438,0.744,51.75,0.00,0.18,53.96,48.99,32,0,,246,88,,,,,-35.9,38,186,,8,0,2,,,"A0",,0
1776573235.000,"780ac6","HKE110  ",24.965872,121.080167,3175,3350,191.3,180,192,0.288,48.39,-0.31,0.18,50.98,46.01,-704,-672,,323,8,1012.0,3008,,"3310",-34.2,474,186,1,8,1,3,2,2,"A3",,2
1776573235.000,"71c357","ABL795  ",24.931091,121.204173,30000,31475,412.9,286,456,0.756,229.71,-0.06,-0.18,238.89,233.93,-64,-64,,268,54,1013.6,30016,,"4135",-31.2,231,186,1,9,1,3,2,2,"A3",,2
1776573235.000,"780a6a","CRK658  ",24.831755,121.601085,37000,38800,523.4,240,438,0.744,51.75,0.00,0.18,53.96,48.99,32,0,,246,88,,,,,-35.9,38,186,,8,0,2,,,"A0",,0
1776573240.000,"780ac6","HKE110  ",24.968491,121.083425,3125,3300,191.3,181,192,0.288,48.39,0.00,0.35,51.15,46.19,-896,-768,,323,7,1012.0,3008,,"3310",-34.6,519,186,1,8,1,3,2,2,"A3",,2
1776573240.000,"71c357","ABL795  ",24.924580,121.195782,30000,31475,413.6,286,456,0.756,229.61,0.00,0.00,238.89,233.93,0,-32,,270,54,1013.6,30016,,"4135",-32.3,298,186,1,9,1,3,2,2,"A3",,2
1776573240.000,"780a6a","CRK658  ",24.831755,121.601085,37000,38800,523.4,240,438,0.744,51.75,0.00,0.18,53.96,48.99,32,0,,246,88,,,,,-35.9,38,186,,8,0,2,,,"A0",,0
1776573245.000,"780ac6","HKE110  ",24.971551,121.087215,3050,3225,190.6,180,192,0.288,48.62,0.09,0.53,50.98,46.01,-960,-960,,327,9,1012.0,3008,,"3310",-34.8,594,186,1,8,1,3,2,2,"A3",,2
1776573245.000,"71c357","ABL795  ",24.918249,121.187594,30000,31475,413.6,286,456,0.756,229.61,-0.03,-0.18,238.89,233.93,0,-32,,270,54,1013.6,30016,,"4135",-30.4,350,186,1,9,1,3,2,2,"A3",,2
1776573245.000,"780a6a","CRK658  ",24.831755,121.601085,37000,38800,523.4,240,438,0.744,51.75,0.00,0.18,53.96,48.99,32,0,,246,88,,,,,-35.9,38,186,,8,0,2,,,"A0",,0
1776573250.000,"780ac6","HKE110  ",24.974533,121.091003,2975,3150,189.9,179,192,0.288,48.84,0.03,0.70,51.15,46.19,-896,-928,,327,9,1012.0,3008,,"3310",-35.4,639,186,1,8,1,3,2,2,"A3",,2
1776573250.000,"71c357","ABL795  ",24.911636,121.179047,30000,31475,413.6,287,456,0.760,229.61,0.00,-0.18,238.89,233.94,0,-32,,270,54,1013.6,30016,,"4135",-31.0,406,186,1,9,1,3,2,2,"A3",,2
1776573250.000,"780a6a","CRK658  ",24.831755,121.601085,37000,38800,523.4,240,438,0.744,51.75,0.00,0.18,53.96,48.99,32,0,,246,88,,,,,-35.9,38,186,,8,0,2,,,"A0",,0
1776573255.000,"780ac6","HKE110  ",24.977463,121.094716,2875,3050,188.6,179,190,0.284,49.30,0.09,1.05,51.33,46.36,-896,-928,,318,8,1012.0,3008,,"3310",-34.4,710,186,1,8,1,3,2,2,"A3",,2
1776573255.000,"71c357","ABL795  ",24.906372,121.172333,30000,31475,413.5,287,456,0.760,229.41,-0.03,-0.18,238.89,233.94,0,-32,,270,54,1013.6,30016,,"4135",-31.9,459,186,1,9,1,3,2,2,"A3",,2
1776573255.000,"780a6a","CRK658  ",24.831755,121.601085,37000,38800,523.4,240,,0.744,51.75,,,53.96,48.99,32,0,,,,,,,,-35.9,38,186,,8,0,2,,,"A0",,0
1776573260.000,"780ac6","HKE110  ",24.980396,121.098460,2800,2975,188.6,179,190,0.284,49.30,0.00,0.35,51.68,46.71,-960,-928,,327,9,1012.0,3008,,"3310",-35.4,775,186,1,8,1,3,2,2,"A3",,2
1776573260.000,"71c357","ABL795  ",24.900009,121.164195,30000,31475,413.5,287,456,0.760,229.41,0.03,0.18,239.06,234.12,0,0,,272,55,1013.6,30016,,"4135",-32.8,518,186,1,9,1,3,2,2,"A3",,2
1776573265.000,"780ac6","HKE110  ",24.983185,121.101990,2725,2900,187.9,179,190,0.284,49.10,0.03,0.00,51.68,46.71,-896,-928,,327,9,1012.0,3008,,"3310",-36.5,837,186,1,8,1,3,2,2,"A3",,2
1776573265.000,"71c357","ABL795  ",24.893018,121.155154,30000,31475,412.8,287,458,0.760,229.52,0.00,0.18,239.06,234.12,0,0,,272,55,1013.6,30016,,"4135",-32.5,553,186,1,9,1,3,2,2,"A3",,2
1776573270.000,"780ac6","HKE110  ",24.985889,121.105404,2650,2800,188.5,179,190,0.284,48.87,0.00,0.35,51.33,46.36,-960,-960,,327,9,1012.0,3008,,"3310",-36.7,884,186,1,8,1,3,2,2,"A3",,2
1776573270.000,"71c357","ABL795  ",24.886640,121.147018,30000,31500,413.5,287,458,0.760,229.41,-0.16,-3.16,238.89,233.95,0,0,,270,57,1013.6,30016,,"4135",-31.7,613,186,1,9,1,3,2,2,"A3",,2
1776573275.000,"780ac6","HKE110  ",24.988776,121.109032,2575,2725,187.9,179,190,0.284,49.10,0.00,0.35,51.33,46.36,-1024,-960,,327,9,1012.0,3008,,"3310",-36.0,914,186,1,8,1,3,2,2,"A3",,2
1776573275.000,"71c357","ABL795  ",24.880371,121.139221,30000,31475,413.8,287,458,0.760,228.72,-0.25,-4.92,238.54,233.60,0,0,,268,55,1013.6,30016,,"4135",-33.8,654,186,1,9,1,3,2,2,"A3",,2
1776573280.000,"8991da","SJX786  ",24.929980,120.991292,4175,4400,196.2,,,,76.74,,,,,-704,,,,,1012.0,3008,,,-36.3,27,186,1,9,1,3,2,2,"A3",,2
1776573280.000,"780ac6","HKE110  ",24.990967,121.111806,2500,2650,187.9,179,190,0.284,49.10,0.00,0.35,51.33,46.36,-1024,-960,,327,9,1012.0,3008,,"3310",-36.3,928,186,1,8,1,3,2,2,"A3",,2
1776573280.000,"71c357","ABL795  ",24.875374,121.133181,30000,31500,414.1,288,458,0.760,227.64,-0.28,-5.27,237.66,232.72,0,0,,266,55,1013.6,30016,,"4135",-35.3,697,186,1,9,1,3,2,2,"A3",,2
1776573285.000,"8991da","SJX786  ",24.931503,120.998332,4100,4325,196.2,179,,0.292,76.74,,,79.98,75.04,-704,-704,,,,1012.0,3008,,,-36.8,52,186,1,9,1,3,2,2,"A3",,2
1776573285.000,"780ac6","HKE110  ",24.994362,121.116131,2400,2550,186.5,177,190,0.280,49.13,0.00,0.35,51.68,46.71,-1024,-1024,,327,9,1012.0,3008,,"3310",-35.5,958,186,1,8,1,3,2,2,"A3",,2
1776573285.000,"71c357","ABL795  ",24.867321,121.123853,30000,31500,414.6,288,458,0.760,226.76,-0.28,-5.45,237.66,232.72,0,0,,266,55,1013.6,30016,,"4135",-36.4,725,186,1,9,1,3,2,2,"A3",,2
1776573290.000,"8991da","SJX786  ",24.931503,120.998332,4100,4325,196.2,179,,0.292,76.74,,,79.98,75.04,-704,-704,,,,1012.0,3008,,,-36.8,54,186,1,9,1,3,2,2,"A3",,2
1776573290.000,"780ac6","HKE110  ",24.997238,121.119792,2350,2500,183.0,175,190,0.276,49.43,0.00,0.35,52.03,47.06,-832,-960,,327,9,1012.0,3008,,"3310",-35.7,994,186,1,8,1,3,2,2,"A3",,2
1776573290.000,"71c357","ABL795  ",24.865906,121.122233,30000,31475,415.8,288,458,0.760,225.39,-0.28,-5.45,237.66,232.72,0,0,,266,55,1013.6,30016,,"4135",-37.0,734,186,1,9,1,3,2,2,"A3",,2
1776573295.000,"8991da","SJX786  ",24.932867,121.004454,4025,4250,196.5,179,,0.292,76.46,,,79.98,75.04,-704,-704,,,,1012.0,3008,,,-37.1,64,186,1,9,1,3,2,2,"A3",,2
1776573295.000,"780ac6","HKE110  ",24.998831,121.121832,2300,2425,179.4,175,190,0.276,49.29,0.00,0.35,52.03,47.06,-896,-960,,,,1012.0,3008,,"3310",-36.7,1011,186,1,8,1,3,2,2,"A3",,2
1776573295.000,"71c357","ABL795  ",24.865906,121.122233,30000,31475,415.8,288,458,0.760,225.39,-0.28,-5.45,237.66,232.72,0,0,,266,55,1013.6,30016,,"4135",-37.0,734,186,1,9,1,3,2,2,"A3",,2
1776573300.000,"8991da","SJX786  ",24.934589,121.012280,3925,4150,196.5,179,,0.292,76.46,,,79.98,75.04,-704,-704,,,,1012.0,3008,,,-37.0,69,186,1,9,1,3,2,2,"A3",,2
1776573300.000,"71c357","ABL795  ",24.865906,121.122233,30000,31475,415.8,288,458,0.760,225.39,-0.28,-5.45,237.66,232.72,0,0,,266,55,1013.6,30016,,"4135",-37.2,735,186,1,9,1,3,2,2,"A3",,2
1776573300.000,"780ac6","HKE110  ",25.000367,121.123853,2250,2375,177.2,175,190,0.276,49.12,0.00,0.35,52.03,47.06,-960,-960,,,,1012.0,3008,,"3310",-37.4,1021,186,1,8,1,3,2,2,"A3",,2
1776573305.000,"8991da","SJX786  ",24.935211,121.014862,3900,4100,195.7,179,,0.292,76.11,,,79.98,75.04,-640,-704,,,,1012.0,3008,,,-36.8,78,186,1,9,1,3,2,2,"A3",,2
1776573305.000,"71c357","ABL795  ",24.865906,121.122233,30000,31475,415.8,288,458,0.760,225.39,-0.28,-5.45,237.66,232.72,0,0,,266,55,1013.6,30016,,"4135",-37.4,736,186,1,9,1,3,2,2,"A3",,2
1776573305.000,"780ac6","HKE110  ",25.000367,121.123853,2250,2375,177.2,175,190,0.276,49.12,0.00,0.35,52.03,47.06,-960,-960,,,,1012.0,3008,,"3310",-37.4,1021,186,1,8,1,3,2,2,"A3",,2
1776573310.000,"8991da","SJX786  ",24.935211,121.014862,3900,4100,195.7,179,,0.292,76.11,,,79.98,75.04,-640,-704,,,,1012.0,3008,,,-36.8,78,186,1,9,1,3,2,2,"A3",,2
1776573310.000,"71c357","ABL795  ",24.865906,121.122233,30000,31475,415.8,288,458,0.760,225.39,-0.28,-5.45,237.66,232.72,0,0,,266,55,1013.6,30016,,"4135",-37.4,736,186,1,9,1,3,2,2,"A3",,2
1776573310.000,"780ac6","HKE110  ",25.000367,121.123853,2250,2375,177.2,175,190,0.276,49.12,0.00,0.35,52.03,47.06,-960,-960,,,,1012.0,3008,,"3310",-37.4,1021,186,1,8,1,3,2,2,"A3",,2
1776573315.000,"8991da","SJX786  ",24.935211,121.014862,3900,4100,196.0,179,,0.292,75.82,,,79.98,75.04,-576,-704,,,,1012.0,3008,,,-37.1,80,186,1,9,1,3,2,2,"A3",,2
1776573315.000,"71c357","ABL795  ",24.865906,121.122233,30000,31475,415.8,288,458,0.760,225.39,-0.28,-5.45,237.66,232.72,0,0,,266,55,1013.6,30016,,"4135",-37.4,736,186,1,9,1,3,2,2,"A3",,2
1776573315.000,"780ac6","HKE110  ",25.000367,121.123853,2250,2375,177.2,175,190,0.276,49.12,0.00,0.35,52.03,47.06,-960,-960,,,,1012.0,3008,,"3310",-37.4,1021,186,1,8,1,3,2,2,"A3",,2
1776573320.000,"8991da","SJX786  ",24.939198,121.032283,3725,3925,196.0,179,,0.292,75.82,,,79.98,75.04,-576,-704,,,,1012.0,3008,,,-37.7,85,186,1,9,1,3,2,2,"A3",,2
1776573320.000,"71c357","ABL795  ",24.865906,121.122233,30000,31475,415.8,288,458,0.760,225.39,-0.28,-5.45,237.66,232.72,0,0,,266,55,1013.6,30016,,"4135",-37.4,736,186,1,9,1,3,2,2,"A3",,2
1776573320.000,"780ac6","HKE110  ",25.000367,121.123853,2250,2375,177.2,175,190,0.276,49.12,0.00,0.35,52.03,47.06,-960,-960,,,,1012.0,3008,,"3310",-37.4,1021,186,1,8,1,3,2,2,"A3",,2
1776573325.000,"8991da","SJX786  ",24.939880,121.035258,3700,3900,196.0,179,,0.292,75.82,,,79.98,75.04,-512,-704,,,,1012.0,3008,,"2731",-36.1,99,186,1,9,1,3,2,2,"A3",,2
1776573325.000,"71c357","ABL795  ",24.865906,121.122233,30000,31475,415.8,288,458,0.760,225.39,-0.28,-5.45,237.66,232.72,0,0,,266,55,1013.6,30016,,"4135",-37.4,736,186,1,9,1,3,2,2,"A3",,2
1776573325.000,"780ac6","HKE110  ",25.000367,121.123853,2250,2375,177.2,175,190,0.276,49.12,0.00,0.35,52.03,47.06,-960,-960,,,,1012.0,3008,,"3310",-37.4,1021,186,1,8,1,3,2,2,"A3",,2
1776573330.000,"8991da","SJX786  ",24.940687,121.038761,3675,3875,195.8,179,,0.292,74.90,,,79.98,75.04,-512,-704,,,,1012.0,3008,,"2731",-37.2,109,186,1,9,1,3,2,2,"A3",,2
1776573330.000,"71c357","ABL795  ",24.865906,121.122233,30000,31475,415.8,288,458,0.760,225.39,-0.28,-5.45,237.66,232.72,0,0,,266,55,1013.6,30016,,"4135",-37.4,736,186,1,9,1,3,2,2,"A3",,2
1776573330.000,"780ac6","HKE110  ",25.000367,121.123853,2250,2375,177.2,175,190,0.276,49.12,0.00,0.35,52.03,47.06,-960,-960,,,,1012.0,3008,,"3310",-37.4,1021,186,1,8,1,3,2,2,"A3",,2
1776573335.000,"8991da","SJX786  ",24.942829,121.045757,3600,3800,196.1,179,194,0.292,68.14,-1.28,-11.60,79.98,75.04,-512,-704,,,,1012.0,3008,,"2731",-36.2,143,186,1,9,1,3,2,2,"A3",,2
1776573335.000,"71c357","ABL795  ",24.865906,121.122233,30000,31475,415.8,288,458,0.760,225.39,-0.28,-5.45,237.66,232.72,0,0,,266,55,1013.6,30016,,"4135",-37.4,736,186,1,9,1,3,2,2,"A3",,2
1776573335.000,"780ac6","HKE110  ",25.000367,121.123853,2250,2375,177.2,175,,0.276,49.12,,,52.03,47.06,-960,-960,,,,1012.0,3008,,"3310",-37.4,1021,186,1,8,1,3,2,2,"A3",,2
1776573340.000,"8991da","SJX786  ",24.945328,121.051229,3550,3750,195.9,181,194,0.292,64.61,-1.19,-11.25,68.38,63.43,-512,-512,,326,12,1012.0,3008,,"2731",-36.6,169,186,1,8,1,3,2,2,"A3",,2
1776573340.000,"71c357","ABL795  ",24.865906,121.122233,30000,31475,415.8,,458,,225.39,-0.28,-5.45,,,0,,,,,1013.6,30016,,"4135",-37.4,736,186,1,9,1,3,2,2,"A3",,2
1776573340.000,"780ac6","HKE110  ",25.000367,121.123853,2250,2375,177.2,175,,0.276,49.12,,,52.03,47.06,-960,-960,,,,1012.0,3008,,"3310",-37.4,1021,186,1,8,1,3,2,2,"A3",,2
1776573345.000,"8991da","SJX786  ",24.947763,121.055551,3500,3700,194.7,180,194,0.288,57.37,-1.19,-11.25,60.29,55.34,-512,-480,,326,12,1012.0,3008,,"2731",-37.0,227,186,1,8,1,3,2,2,"A3",,2
1776573345.000,"71c357","ABL795  ",24.865906,121.122233,30000,31475,415.8,,,,225.39,,,,,0,,,,,,,,,-37.4,736,186,,,1,,,,"A3",,2
1776573345.000,"780ac6","HKE110  ",25.000367,121.123853,2250,2375,177.2,175,,0.276,49.12,,,52.03,47.06,-960,-960,,,,1012.0,3008,,"3310",-37.4,1021,186,1,8,1,3,2,2,"A3",,2
1776573350.003,"8991da","SJX786  ",24.949812,121.058712,3475,3675,194.8,180,194,0.288,54.19,-0.75,-7.91,56.07,51.12,-448,-448,,326,12,1012.0,3008,,"2731",-35.5,282,186,1,9,1,3,2,2,"A3",,2
1776573350.003,"780ac6","HKE110  ",25.000367,121.123853,2250,2375,177.2,,,,49.12,,,,,-960,,,,,,,,"3310",-37.4,1021,186,1,8,1,3,2,2,"A3",,2
1776573355.000,"8991da","SJX786  ",24.953210,121.063428,3425,3600,194.9,180,194,0.288,51.25,-0.75,-7.91,55.37,50.42,-512,-448,,326,12,1012.0,3008,,"2731",-36.5,326,186,1,9,1,3,2,2,"A3",,2
1776573355.000,"780ac6","HKE110  ",25.000367,121.123853,2250,2375,177.2,,,,49.12,,,,,-960,,,,,,,,,-37.4,1021,186,,,1,,,,"A3",,2
1776573360.000,"8991da","SJX786  ",24.956050,121.067159,3400,3575,194.0,181,194,0.292,50.65,-0.34,-1.23,54.14,49.18,-512,-480,,319,6,1012.0,3008,,"2731",-35.8,361,186,1,9,1,3,2,2,"A3",,2
1776573365.000,"8991da","SJX786  ",24.958969,121.071065,3350,3525,194.0,180,194,0.288,50.65,-0.34,-1.23,53.79,48.83,-640,-512,,319,6,1012.0,3008,,"2731",-36.3,411,186,1,9,1,3,2,2,"A3",,2
1776573370.000,"8991da","SJX786  ",24.961716,121.074727,3275,3450,194.0,180,194,0.288,50.65,-0.34,-1.23,53.79,48.83,-768,-512,,319,6,1012.0,3008,,"2731",-35.0,447,186,1,9,1,3,2,2,"A3",,2
1776573375.000,"8991da","SJX786  ",24.964103,121.077887,3225,3425,193.1,182,194,0.292,50.04,-0.09,-1.23,53.79,48.83,-832,-832,,320,6,1012.0,3008,,"2731",-36.4,502,186,1,9,1,3,2,2,"A3",,2
1776573380.000,"8991da","SJX786  ",24.967346,121.082001,3150,3350,192.9,181,194,0.288,49.21,-0.34,-2.11,52.38,47.42,-832,-800,,333,7,1012.0,3008,,"2731",-35.8,554,186,1,8,1,3,2,2,"A3",,2
1776573385.000,"8991da","SJX786  ",24.970459,121.085866,3075,3250,191.3,181,192,0.288,48.39,-0.12,-0.35,51.68,46.72,-896,-864,,318,6,1012.0,3008,,"2731",-35.9,635,186,1,8,1,3,2,2,"A3",,2
1776573390.000,"8991da","SJX786  ",24.973434,121.089630,3000,3175,190.6,180,192,0.288,48.62,0.16,1.05,52.03,47.07,-960,-960,,333,5,1012.0,3008,,"2731",-34.4,702,186,1,9,1,3,2,2,"A3",,2
1776573395.000,"8991da","SJX786  ",24.976135,121.092987,2925,3100,190.8,180,192,0.288,49.46,0.16,1.05,52.21,47.24,-960,-960,,333,5,1012.0,3008,,"2731",-36.6,770,186,1,8,1,3,2,2,"A3",,2
1776573400.000,"8991da","SJX786  ",24.979065,121.096853,2850,3025,190.1,180,192,0.288,49.69,-0.09,-1.05,52.73,47.77,-1024,-1024,,336,6,1012.0,3008,,"2731",-33.8,845,186,1,8,1,3,2,2,"A3",,2
1776573405.000,"8991da","SJX786  ",24.981793,121.100326,2750,2900,190.0,181,192,0.288,49.27,-0.09,-1.05,52.21,47.24,-1024,-1024,,333,7,1012.0,3008,,"2731",-36.6,930,186,1,8,1,3,2,2,"A3",,2
1776573410.000,"8991da","SJX786  ",24.984865,121.104212,2675,2825,189.9,181,192,0.288,48.84,-0.09,-0.88,52.21,47.24,-1088,-1024,,333,7,1012.0,3008,,"2731",-35.6,984,186,1,8,1,3,2,2,"A3",,2
1776573415.000,"8991da","SJX786  ",24.987752,121.107840,2575,2725,188.5,181,192,0.288,48.87,-0.09,-0.88,52.21,47.24,-960,-1024,,333,7,1012.0,3008,,"2731",-37.0,1029,186,1,8,1,3,2,2,"A3",,2
1776573415.000,"780a81","N/A",24.809372,121.570180,39000,40925,551.2,,,,51.78,,,,,0,,,,,1012.8,39008,,,-36.2,28,186,1,9,1,3,2,3,,,2
1776573420.000,"8991da","SJX786  ",24.990555,121.111348,2500,2650,187.9,181,192,0.288,49.10,-0.09,-0.88,52.21,47.24,-960,-1024,,333,7,1012.0,3008,,"2731",-36.2,1055,186,1,8,1,3,2,2,"A3",,2
1776573420.000,"780a81","N/A",24.809372,121.570180,39000,40925,551.2,,,,51.78,,,,,0,,,,,1012.8,39008,,,-36.5,31,186,1,9,1,3,2,3,,,2
1776573425.000,"8991da","SJX786  ",24.993384,121.114991,2425,2575,187.2,178,192,0.284,49.33,-0.09,-0.88,52.56,47.59,-960,-960,,333,7,1012.0,3008,,"2731",-36.6,1083,186,1,8,1,3,2,2,"A3",,2
1776573425.000,"780a81","CPA588  ",24.825211,121.592153,39000,40925,551.2,,,,51.78,,,,,0,,,,,1012.8,39008,,,-35.5,44,186,1,9,1,3,2,3,,,2
1776573430.000,"8991da","SJX786  ",24.996317,121.118671,2350,2500,185.0,178,186,0.284,49.16,-0.34,0.00,52.56,47.59,-1024,-960,,333,7,1012.0,3008,,"2731",-36.0,1120,186,1,9,1,3,2,2,"A3",,2
1776573430.000,"780a81","CPA588  ",24.825211,121.592153,39000,40925,551.2,,,,51.78,,,,,0,,,,,1012.8,39008,,,-35.5,49,186,1,9,1,3,2,3,"A5",,2
1776573435.000,"8991da","SJX786  ",24.998971,121.122039,2275,2400,182.2,178,186,0.284,49.23,-0.34,0.00,52.56,47.59,-960,-960,,,,1012.0,3008,,"2731",-36.1,1144,186,1,9,1,3,2,2,"A3",,2
1776573435.000,"780a81","CPA588  ",24.837900,121.609791,39000,40925,551.2,,,,51.78,,,,,0,,,,,1012.8,39008,,,-36.6,57,186,1,9,1,3,2,3,"A5",,2
1776573441.000,"8991da","SJX786  ",25.000671,121.124217,2225,2350,180.1,178,186,0.284,49.05,-0.34,0.00,52.56,47.59,-960,-960,,,,1012.0,3008,,"2731",-37.0,1158,186,1,9,1,3,2,2,"A3",,2
1776573441.000,"780a81","CPA588  ",24.837900,121.609791,39000,40925,551.2,,,,51.78,,,,,0,,,,,1012.8,39008,,,-36.6,57,186,1,9,1,3,2,3,"A5",,2
1776573446.000,"8991ab","N/A",24.939102,121.002401,3150,,,,,,,,,,,,,,,,,,,,-37.0,5,186,,8,,2,,,,,0
1776573446.000,"8991da","SJX786  ",25.000671,121.124217,2225,2350,180.1,178,186,0.284,49.05,-0.34,0.00,52.56,47.59,-960,-960,,,,1012.0,3008,,"2731",-37.0,1158,186,1,9,1,3,2,2,"A3",,2
1776573446.000,"780a81","CPA588  ",24.837900,121.609791,39000,40925,551.2,,,,51.78,,,,,0,,,,,1012.8,39008,,,-36.6,57,186,1,9,1,3,2,3,"A5",,2
1776573451.000,"8991ab","N/A",24.939102,121.002401,3150,,,,,,,,,,,,,,,,,,,,-37.0,9,186,,8,,2,,,,,0
1776573451.000,"8991da","SJX786  ",25.000671,121.124217,2225,2350,180.1,178,186,0.284,49.05,-0.34,0.00,52.56,47.59,-960,-960,,,,1012.0,3008,,"2731",-37.0,1158,186,1,9,1,3,2,2,"A3",,2
1776573451.000,"780a81","CPA588  ",24.837900,121.609791,39000,40925,551.2,,,,51.78,,,,,0,,,,,1012.8,39008,,,-36.6,57,186,1,9,1,3,2,3,"A5",,2
1776573456.000,"8991ab","CAL702  ",24.941437,121.011709,3075,3300,188.7,,,,74.64,,,,,-512,,,,,,,,,-35.9,20,186,,8,4,2,,,"A5",,0
1776573456.000,"8991da","SJX786  ",25.000671,121.124217,2225,2350,180.1,178,186,0.284,49.05,-0.34,0.00,52.56,47.59,-960,-960,,,,1012.0,3008,,"2731",-37.0,1158,186,1,9,1,3,2,2,"A3",,2
1776573456.000,"780a81","CPA588  ",24.837900,121.609791,39000,40925,551.2,,,,51.78,,,,,0,,,,,1012.8,39008,,,-36.6,57,186,1,9,1,3,2,3,"A5",,2
1776573461.000,"8991ab","CAL702  ",24.941665,121.012591,3075,3300,188.7,,,,74.64,,,,,-448,,,,,,,,,-35.8,25,186,,8,3,2,,,"A5",,0
1776573461.000,"8991da","SJX786  ",25.000671,121.124217,2225,2350,180.1,178,186,0.284,49.05,-0.34,0.00,52.56,47.59,-960,-960,,,,1012.0,3008,,"2731",-37.0,1158,186,1,9,1,3,2,2,"A3",,2
1776573461.000,"780a81","CPA588  ",24.837900,121.609791,39000,40925,551.2,,,,51.78,,,,,0,,,,,1012.8,39008,,,-36.6,57,186,1,9,1,3,2,3,"A5",,2
1776573466.000,"8991ab","CAL702  ",24.941665,121.012591,3075,3300,188.7,,,,74.64,,,,,-448,,,,,,,,,-35.8,25,186,,8,3,2,,,"A5",,0
1776573466.000,"8991da","SJX786  ",25.000671,121.124217,2225,2350,180.1,178,186,0.284,49.05,-0.34,0.00,52.56,47.59,-960,-960,,,,1012.0,3008,,"2731",-37.0,1158,186,1,9,1,3,2,2,"A3",,2
1776573466.000,"780a81","CPA588  ",24.837900,121.609791,39000,40925,551.2,,,,51.78,,,,,0,,,,,1012.8,39008,,,-36.6,57,186,1,9,1,3,2,3,"A5",,2
1776573471.000,"8991ab","CAL702  ",24.941665,121.012591,3075,3300,188.7,,,,74.64,,,,,-448,,,,,,,,,-35.9,26,186,,8,3,2,,,"A5",,0
1776573471.000,"8991da","SJX786  ",25.000671,121.124217,2225,2350,180.1,178,186,0.284,49.05,-0.34,0.00,52.56,47.59,-960,-960,,,,1012.0,3008,,"2731",-37.0,1158,186,1,9,1,3,2,2,"A3",,2
1776573471.000,"780a81","CPA588  ",24.837900,121.609791,39000,40925,551.2,,,,51.78,,,,,0,,,,,1012.8,39008,,,-36.6,57,186,1,9,1,3,2,3,"A5",,2
1776573476.000,"8991ab","CAL702  ",24.941665,121.012591,3050,3275,188.7,,,,74.64,,,,,-448,,,,,,,,,-36.8,30,186,,8,3,2,,,"A5",,0
1776573476.000,"8991da","SJX786  ",25.000671,121.124217,2225,2350,180.1,178,186,0.284,49.05,-0.34,0.00,52.56,47.59,-960,-960,,,,1012.0,3008,,"2731",-37.0,1158,186,1,9,1,3,2,2,"A3",,2
1776573476.000,"780a81","CPA588  ",24.837900,121.609791,39000,40925,551.2,,,,51.78,,,,,0,,,,,1012.8,39008,,,-36.6,57,186,1,9,1,3,,,"A5",,2
1776573481.000,"8991ab","CAL702  ",24.947205,121.034444,3025,3225,180.5,,,,74.58,,,,,0,,,,,1012.0,3008,,,-36.3,41,186,1,8,4,2,,,"A5",,0
1776573481.000,"8991da","SJX786  ",25.000671,121.124217,2225,2350,180.1,178,186,0.284,49.05,-0.34,0.00,52.56,47.59,-960,-960,,,,1012.0,3008,,"2731",-37.0,1158,186,1,9,1,3,2,2,"A3",,2
1776573481.000,"780a81","CPA588  ",24.837900,121.609791,39000,40925,551.2,,,,51.78,,,,,0,,,,,1012.8,39008,,,-36.6,57,186,1,9,1,3,,,"A5",,2
1776573486.000,"8991ab","CAL702  ",24.947205,121.034444,3025,3225,180.5,,,,74.58,,,,,0,,,,,1012.0,3008,,"2745",-36.2,52,186,1,10,4,3,2,3,"A5",,2
1776573486.000,"8991da","SJX786  ",25.000671,121.124217,2225,2350,180.1,,,,49.05,,,,,-960,,,,,1012.0,3008,,"2731",-37.0,1158,186,1,9,1,3,2,2,"A3",,2
1776573486.000,"780a81","CPA588  ",24.837900,121.609791,39000,40925,551.2,,,,51.78,,,,,0,,,,,1012.8,39008,,,-36.6,57,186,1,9,1,3,,,"A5",,2
1776573491.000,"8991ab","CAL702  ",24.949036,121.041667,3025,3225,181.7,,,,74.36,,,,,0,,,,,1012.0,3008,,"2745",-35.7,66,186,1,10,4,3,2,3,"A5",,2
1776573491.000,"8991da","SJX786  ",25.000671,121.124217,2225,2350,180.1,,,,49.05,,,,,-960,,,,,1012.0,3008,,"2731",-37.0,1158,186,1,9,1,3,,,"A3",,2
1776573491.000,"780a81","CPA588  ",24.837900,121.609791,39000,40925,551.2,,,,51.78,,,,,0,,,,,,,,,-36.6,57,186,,,1,,,,"A5",,2
1776573496.000,"8991ab","CAL702  ",24.949036,121.041667,3025,3225,181.7,,,,74.36,,,,,0,,,,,1012.0,3008,,"2745",-36.2,71,186,1,10,4,3,2,3,"A5",,2
1776573496.000,"8991da","SJX786  ",25.000671,121.124217,2225,2350,180.1,,,,49.05,,,,,-960,,,,,,,,,-37.0,1158,186,,,1,,,,"A3",,2
1776573501.000,"8991ab","CAL702  ",24.951553,121.051687,3025,3225,182.7,,,,74.44,,,,,0,,,,,1012.0,3008,,"2745",-36.2,79,186,1,10,4,3,2,3,"A5",,2
1776573506.000,"8991ab","CAL702  ",24.952423,121.055094,3025,3225,183.0,170,182,0.272,74.14,-0.78,-7.21,75.23,70.28,0,0,,,,1012.0,3008,,"2745",-34.5,98,186,1,10,4,3,2,3,"A5",,2
1776573511.000,"8991ab","CAL702  ",24.953979,121.060435,3025,3225,182.0,170,180,0.272,69.08,-1.22,-11.95,75.23,70.28,-128,0,,,,1012.0,3008,,"2745",-35.8,117,186,1,10,4,3,2,3,"A5",,2
1776573516.000,"8991ab","CAL702  ",24.955811,121.064758,3025,3225,178.9,167,178,0.268,62.72,-1.19,-10.90,62.23,57.27,64,64,,326,22,1012.0,3008,,"2745",-33.6,143,186,1,10,4,3,2,3,"A5",,2
1776573521.000,"8991ab","CAL702  ",24.957772,121.068455,3025,3225,174.5,167,178,0.268,57.40,-1.19,-10.90,62.23,57.27,320,64,,326,22,1012.0,3008,,"2745",-33.9,167,186,1,10,4,3,2,3,"A5",,2
1776573526.000,"8991ab","CAL702  ",24.959610,121.071421,3050,3250,171.0,160,178,0.256,53.80,-1.19,-10.90,55.90,50.94,64,64,,326,22,1012.0,3008,,"2745",-35.4,199,186,1,10,4,3,2,3,"A5",,2
1776573531.000,"8991ab","CAL702  ",24.962631,121.075745,3050,3250,172.1,161,172,0.256,51.13,-0.34,-3.34,53.44,48.48,-128,-128,,319,8,1012.0,3008,,"2745",-33.8,231,186,1,10,4,3,2,3,"A5",,2
1776573536.000,"8991ab","CAL702  ",24.965012,121.078898,3050,3250,172.5,161,172,0.256,49.94,-0.34,-3.34,52.38,47.42,-128,-96,,319,8,1012.0,3008,,"2745",-36.1,268,186,1,10,4,3,2,3,"A5",,2
1776573541.000,"8991ab","CAL702  ",24.967222,121.081773,3025,3225,171.7,161,172,0.256,49.72,-0.34,-3.34,52.38,47.42,-128,-96,,319,8,1012.0,3008,,"2745",-36.7,286,186,1,10,4,3,2,3,"A5",,2
1776573546.000,"8991ab","CAL702  ",24.969269,121.084391,3025,3225,170.3,161,172,0.256,49.76,-0.34,-3.34,52.38,47.42,0,-96,,319,8,1012.0,3008,,"2745",-36.8,297,186,1,10,4,3,2,3,"A5",,2
1776573546.000,"8991b5","N/A",25.103248,121.084468,6800,7175,249.2,,,,230.05,,,,,-2240,,,,,1012.0,4000,,,-37.4,8,186,1,8,4,2,,,,,0
1776573551.000,"8991ab","CAL702  ",24.969269,121.084391,3025,3225,170.3,161,172,0.256,49.76,-0.34,-3.34,52.38,47.42,0,-96,,319,8,1012.0,3008,,"2745",-36.8,297,186,1,10,4,3,2,3,"A5",,2
1776573551.000,"8991b5","N/A",25.103248,121.084468,6800,7175,249.8,,,,229.87,,,,,-2304,,,,,1012.0,4000,,,-37.5,10,186,1,8,4,2,,,,,0
1776573556.000,"8991ab","CAL702  ",24.969269,121.084391,3025,3225,170.3,161,172,0.256,49.76,-0.34,-3.34,52.38,47.42,0,-96,,319,8,1012.0,3008,,"2745",-37.1,300,186,1,10,4,3,2,3,"A5",,2
1776573556.000,"8991b5","N/A",25.103248,121.084468,6800,7175,250.3,,,,229.37,,,,,-2368,,,,,1012.0,4000,,,-37.8,13,186,1,8,4,2,,,,,0
1776573561.000,"8991b5","N/A",25.103248,121.084468,6800,7175,250.3,,,,229.37,,,,,-2368,,,,,1012.0,4000,,,-37.8,14,186,1,8,4,2,,,,,0
1776573561.000,"8991ab","CAL702  ",24.978149,121.095734,2875,3075,168.7,161,172,0.256,48.85,-0.34,-3.34,52.38,47.42,-896,-96,,319,8,1012.0,3008,,"2745",-37.2,306,186,1,10,4,3,2,3,"A5",,2
1776573566.000,"8991b5","N/A",25.103248,121.084468,6800,7175,250.3,,,,229.37,,,,,-2368,,,,,1012.0,4000,,,-37.8,14,186,1,8,4,2,,,,,0
1776573566.000,"8991ab","CAL702  ",24.980164,121.098253,2825,3025,168.7,161,172,0.256,48.85,-0.34,-3.34,52.38,47.42,-896,-96,,319,8,1012.0,3008,,"2745",-36.8,325,186,1,10,4,3,2,3,"A5",,2
1776573571.000,"8991b5","N/A",25.103248,121.084468,6800,7175,250.3,,,,229.37,,,,,-2368,,,,,1012.0,4000,,,-37.8,14,186,1,8,4,2,,,,,0
1776573571.000,"8991ab","CAL702  ",24.980164,121.098253,2825,3025,169.4,161,172,0.256,49.07,-0.34,-3.34,52.38,47.42,-1024,-96,,319,8,1012.0,3008,,"2745",-37.3,330,186,1,10,4,3,2,3,"A5",,2
1776573576.000,"8991b5","N/A",25.103248,121.084468,6800,7175,250.3,,,,229.37,,,,,-2368,,,,,1012.0,4000,,,-37.8,14,186,1,8,4,2,,,,,0
1776573576.000,"8991ab","CAL702  ",24.984879,121.104177,2675,2875,169.4,161,172,0.256,49.07,-0.34,-3.34,52.38,47.42,-1024,-96,,319,8,1012.0,3008,,"2745",-37.0,342,186,1,10,4,3,2,3,"A5",,2
1776573581.000,"8991b5","N/A",25.103248,121.084468,6800,7175,250.3,,,,229.37,,,,,-2368,,,,,1012.0,4000,,,-37.8,14,186,1,8,4,2,,,,,0
1776573581.000,"8991ab","CAL702  ",24.984879,121.104177,2675,2875,169.4,161,172,0.256,49.07,-0.34,-3.34,52.38,47.42,-1024,-96,,319,8,1012.0,3008,,"2745",-37.1,348,186,1,10,4,3,2,3,"A5",,2
1776573586.000,"8991b5","N/A",25.103248,121.084468,6800,7175,250.3,,,,229.37,,,,,-2368,,,,,1012.0,4000,,,-37.8,14,186,1,8,4,2,,,,,0
1776573586.000,"8991ab","CAL702  ",24.984879,121.104177,2675,2875,169.4,161,172,0.256,49.07,-0.34,-3.34,52.38,47.42,-1024,-96,,319,8,1012.0,3008,,"2745",-37.1,351,186,1,10,4,3,2,3,"A5",,2
1776573591.000,"8991b5","N/A",25.103248,121.084468,6800,7175,250.3,,,,229.37,,,,,-2368,,,,,,,,,-37.9,15,186,,8,4,2,,,,,0
1776573591.000,"8991ab","CAL702  ",24.984879,121.104177,2400,2600,169.4,161,,0.256,49.07,,,52.38,47.42,-1024,-96,,,,1012.0,3008,,"2745",-37.2,353,186,1,10,4,3,2,3,"A5",,2
1776573596.000,"8991b5","N/A",25.103248,121.084468,6800,7175,250.3,,,,229.37,,,,,-2368,,,,,,,,,-37.9,15,186,,8,4,2,,,,,0
1776573596.000,"8991ab","CAL702  ",24.995805,121.118049,2325,2525,169.4,,,,49.07,,,,,-1024,,,,,1012.0,3008,,"2745",-37.1,356,186,1,10,4,3,2,3,"A5",,2
1776573601.000,"8991b5","N/A",25.103248,121.084468,6800,7175,250.3,,,,229.37,,,,,-2368,,,,,,,,,-37.9,15,186,,8,4,2,,,,,0
1776573601.000,"8991ab","CAL702  ",24.998795,121.121877,2250,2425,170.2,,,,49.29,,,,,-960,,,,,1012.0,3008,,"2745",-36.8,362,186,1,10,4,3,2,3,"A5",,2
1776573606.000,"8991ab","CAL702  ",24.999250,121.122506,2225,2400,169.4,,,,49.07,,,,,-960,,,,,1012.0,3008,,"2745",-36.3,367,186,1,10,4,3,2,3,"A5",,2
1776573611.000,"8991ab","CAL702  ",24.999250,121.122506,2225,2400,169.4,,,,49.07,,,,,-960,,,,,1012.0,3008,,"2745",-36.3,367,186,1,10,4,3,2,3,"A5",,2
1776573616.000,"8991ab","CAL702  ",24.999250,121.122506,2225,2400,169.4,,,,49.07,,,,,-960,,,,,1012.0,3008,,"2745",-36.3,367,186,1,10,4,3,2,3,"A5",,2
1776573621.000,"8991ab","CAL702  ",24.999250,121.122506,2225,2400,169.4,,,,49.07,,,,,-960,,,,,1012.0,3008,,"2745",-36.3,367,186,1,10,4,3,2,3,"A5",,2
1776573626.000,"8991ab","CAL702  ",24.999250,121.122506,2225,2400,169.4,,,,49.07,,,,,-960,,,,,1012.0,3008,,"2745",-36.3,367,186,1,10,4,3,,,"A5",,2
1776573631.000,"8991ab","CAL702  ",24.999250,121.122506,2225,2400,169.4,,,,49.07,,,,,-960,,,,,1012.0,3008,,"2745",-36.3,367,186,1,10,4,3,,,"A5",,2
1776573636.000,"8991ab","CAL702  ",24.999250,121.122506,2225,2400,169.4,,,,49.07,,,,,-960,,,,,1012.0,3008,,"2745",-36.3,367,186,1,10,4,3,,,"A5",,2
1776573641.000,"899118","CAL904  ",24.905447,121.003781,4300,4550,229.5,211,230,0.344,48.18,0.03,0.18,50.80,46.94,-512,-512,,316,6,1012.0,4000,,"3320",-33.3,70,186,1,10,2,3,2,2,"A3",,2
1776573641.000,"8991ab","CAL702  ",24.999250,121.122506,2225,2400,169.4,,,,49.07,,,,,-960,,,,,,,,"2745",-36.3,367,186,,,4,,,,"A5",,2
1776573646.000,"899118","CAL904  ",24.909073,121.008199,4275,4525,226.0,211,230,0.344,48.41,0.03,0.18,50.80,46.94,-512,-512,,316,6,1012.0,4000,,"3320",-35.2,112,186,1,10,2,3,2,2,"A3",,2
1776573646.000,"8991ab","CAL702  ",24.999250,121.122506,2225,2400,169.4,,,,49.07,,,,,-960,,,,,,,,,-36.3,367,186,,,4,,,,"A5",,2
1776573651.000,"899118","CAL904  ",24.911732,121.011502,4225,4475,223.1,211,226,0.344,48.45,0.03,0.35,50.80,46.94,-512,-512,,316,6,1012.0,4000,,"3320",-35.7,144,186,1,10,2,3,2,2,"A3",,2
1776573651.000,"8991ab","CAL702  ",24.999250,121.122506,2225,2400,169.4,,,,49.07,,,,,-960,,,,,,,,,-36.3,367,186,,,4,,,,"A5",,2
1776573651.000,"780a99","N/A",24.809875,121.570354,36975,38775,529.0,,444,,51.68,0.00,0.35,,,,-64,,,,1012.0,37008,,"3501",-34.2,33,186,,8,0,2,,,,,0
1776573656.000,"899118","CAL904  ",24.914886,121.015422,4200,4450,220.3,211,226,0.344,48.50,0.03,0.35,50.80,46.94,-512,-512,,316,6,1012.0,4000,,"3320",-35.5,155,186,1,10,2,3,2,2,"A3",,2
1776573656.000,"8991ab","CAL702  ",24.999250,121.122506,2225,2400,169.4,,,,49.07,,,,,-960,,,,,,,,,-36.3,367,186,,,4,,,,"A5",,2
1776573656.000,"780a99","N/A",24.809875,121.570354,36975,38775,529.0,,444,,51.68,0.00,0.35,,,,-64,,,,1012.0,37008,,"3501",-34.6,34,186,,8,0,2,,,,,0
1776573661.000,"899118","CAL904  ",24.919006,121.020559,4150,4375,219.0,211,226,0.344,48.89,0.03,0.35,50.80,46.94,-512,-512,,316,6,1012.0,4000,,"3320",-35.0,169,186,1,10,2,3,2,2,"A3",,2
1776573661.000,"8991ab","CAL702  ",24.999250,121.122506,2225,2400,169.4,,,,49.07,,,,,-960,,,,,,,,,-36.3,367,186,,,4,,,,"A5",,2
1776573661.000,"780a99","CRK632  ",24.822006,121.587219,36975,38775,528.4,,444,,51.76,0.00,0.35,,,,0,,,,1012.0,37008,,"3501",-35.8,42,186,,8,0,2,,,"A0",,0
1776573666.000,"899118","CAL904  ",24.921042,121.023110,4125,4350,218.3,211,226,0.344,49.09,0.03,0.35,50.80,46.94,-512,-512,,316,6,1012.0,4000,,"3320",-36.1,178,186,1,10,2,3,2,2,"A3",,2
1776573666.000,"780a99","CRK632  ",24.828369,121.596069,36975,38775,528.4,,446,,51.76,-0.03,0.18,,,,0,,,,1012.0,37008,,"3501",-35.7,52,186,,8,0,2,,,"A0",,0
1776573671.000,"899118","CAL904  ",24.923035,121.025645,4100,4325,218.3,211,226,0.344,49.09,0.03,0.35,50.80,46.94,-512,-512,,316,6,1012.0,4000,,"3320",-36.1,180,186,1,10,2,3,2,2,"A3",,2
1776573671.000,"780a99","CRK632  ",24.828369,121.596069,36975,38775,528.4,,446,,51.76,-0.03,0.18,,,,0,,,,1012.0,37008,,"3501",-35.7,52,186,,8,0,2,,,"A0",,0
1776573676.000,"899118","CAL904  ",24.923035,121.025645,4100,4325,218.3,211,226,0.344,49.09,0.03,0.35,50.80,46.94,-512,-512,,316,6,1012.0,4000,,"3320",-36.1,180,186,1,10,2,3,2,2,"A3",,2
1776573676.000,"780a99","CRK632  ",24.828369,121.596069,36975,38775,528.4,,446,,51.76,-0.03,0.18,,,,0,,,,1012.0,37008,,"3501",-35.7,52,186,,8,0,2,,,"A0",,0
1776573681.000,"899118","CAL904  ",24.932098,121.037445,4025,4250,215.9,211,226,0.344,50.26,0.03,0.35,50.80,46.94,-384,-512,,316,6,1012.0,4000,,"3320",-36.1,193,186,1,10,2,3,2,2,"A3",,2
1776573681.000,"780a99","CRK632  ",24.828369,121.596069,36975,38775,528.4,,446,,51.76,-0.03,0.18,,,,0,,,,1012.0,37008,,"3501",-35.7,52,186,,8,0,2,,,"A0",,0
1776573686.000,"899118","CAL904  ",24.935613,121.042026,3975,4200,217.8,211,226,0.344,49.66,0.03,0.35,50.80,46.94,-768,-512,,316,6,1012.0,3008,,"3320",-36.2,218,186,1,10,2,3,2,2,"A3",,2
1776573686.000,"780a99","CRK632  ",24.828369,121.596069,36975,38775,528.4,,446,,51.76,-0.03,0.18,,,,0,,,,1012.0,37008,,"3501",-35.7,52,186,,8,0,2,,,"A0",,0
1776573691.000,"899118","CAL904  ",24.937661,121.044669,3925,4150,217.6,211,216,0.344,48.91,-0.16,-0.88,50.80,46.94,-1024,-512,,316,6,1012.0,3008,,"3320",-35.9,238,186,1,10,2,3,2,2,"A3",,2
1776573691.000,"780a99","CRK632  ",24.828369,121.596069,36975,38775,528.4,,446,,51.76,-0.03,0.18,,,,0,,,,1012.0,37008,,"3501",-35.7,52,186,,8,0,2,,,"A0",,0
1776573696.000,"899118","CAL904  ",24.941711,121.049703,3825,4050,216.8,211,216,0.344,48.74,-0.16,-0.88,50.80,46.94,-1024,-512,,,,1012.0,3008,,"3320",-37.2,261,186,1,10,2,3,2,2,"A3",,2
1776573696.000,"780a99","CRK632  ",24.828369,121.596069,36975,38775,528.4,,446,,51.76,-0.03,0.18,,,,0,,,,1012.0,37008,,"3501",-35.7,52,186,,8,0,2,,,"A0",,0
1776573701.000,"899118","CAL904  ",24.944225,121.052908,3775,4000,215.4,,216,,48.76,-0.16,-0.88,,,-960,,,,,1012.0,3008,,"3320",-35.9,273,186,1,10,2,3,2,2,"A3",,2
1776573701.000,"780a99","CRK632  ",24.828369,121.596069,36975,38775,528.4,,446,,51.76,-0.03,0.18,,,,0,,,,1012.0,37008,,"3501",-35.7,52,186,,8,0,2,,,"A0",,0
1776573706.000,"899118","CAL904  ",24.948880,121.058712,3675,3900,213.4,196,210,0.316,48.99,0.03,0.35,52.91,47.95,-448,-480,,277,5,1012.0,3008,,"3320",-34.8,306,186,1,10,2,3,2,2,"A3",,2
1776573706.000,"780a99","CRK632  ",24.828369,121.596069,36975,38775,528.4,,446,,51.76,-0.03,0.18,,,,0,,,,1012.0,37008,,"3501",-35.7,52,186,,8,0,2,,,"A0",,0
1776573711.000,"899118","CAL904  ",24.951553,121.062063,3650,3875,207.6,196,206,0.316,48.71,-0.06,-0.53,52.91,47.95,-448,-480,,277,5,1012.0,3008,,"3320",-35.5,340,186,1,10,2,3,2,2,"A3",,2
1776573711.000,"780a99","CRK632  ",24.828369,121.596069,36975,38775,528.4,,446,,51.76,-0.03,0.18,,,,0,,,,,,,,-35.7,52,186,,8,0,2,,,"A0",,0
1776573716.000,"899118","CAL904  ",24.955215,121.066640,3575,3800,206.1,191,204,0.308,48.34,-0.03,-0.18,52.03,47.07,-1152,-1152,,289,6,1012.0,3008,,"3320",-34.3,400,186,1,10,2,3,2,2,"A3",,2
1776573716.000,"780a99","CRK632  ",24.828369,121.596069,36975,38775,528.4,,446,,51.76,-0.03,0.18,,,,0,,,,,,,,-35.7,52,186,,8,0,2,,,"A0",,0
1776573721.000,"899118","CAL904  ",24.958374,121.070557,3475,3675,206.1,191,204,0.308,48.34,-0.16,0.35,51.86,46.90,-1152,-1152,,295,6,1012.0,3008,,"3320",-34.2,454,186,1,10,2,3,2,2,"A3",,2
1776573721.000,"780a99","CRK632  ",24.828369,121.596069,36975,38775,,,446,,,-0.03,0.18,,,,,,,,,,,,-35.7,52,186,,8,,2,,,"A0",,0
1776573726.000,"899118","CAL904  ",24.961624,121.074575,3375,3575,205.5,191,204,0.308,48.55,-0.06,0.70,51.86,46.90,-1152,-1152,,295,6,1012.0,3008,,"3320",-36.6,501,186,1,10,2,3,2,2,"A3",,2
1776573726.000,"789295","HKE668  ",24.743088,121.477509,35000,36800,536.9,258,,0.764,51.81,,,52.38,47.44,0,0,,,,1013.6,35008,,,-37.2,26,186,1,8,2,2,,,"A3",,0
1776573731.000,"899118","CAL904  ",24.964279,121.077932,3300,3500,204.1,191,204,0.304,48.97,0.12,1.41,52.21,47.25,-1152,-1152,,317,6,1012.0,3008,,"3320",-34.6,547,186,1,10,2,3,2,2,"A3",,2
1776573731.000,"789295","HKE668  ",24.748032,121.484375,35000,36800,536.9,258,,0.764,51.81,,,52.38,47.44,0,0,,,,1013.6,35008,,"3503",-36.5,35,186,1,8,2,2,,,"A3",,0
1776573736.000,"899118","CAL904  ",24.967734,121.082292,3200,3400,202.8,191,204,0.304,49.40,0.06,0.53,52.56,47.60,-1152,-1152,,324,6,1012.0,3008,,"3320",-34.8,619,186,1,10,2,3,2,2,"A3",,2
1776573736.000,"789295","HKE668  ",24.748032,121.484375,35000,36775,536.9,258,,0.764,51.81,,,52.38,47.44,-64,0,,,,1013.6,35008,,"3503",-36.9,40,186,1,8,2,2,,,"A3",,0
1776573741.000,"899118","CAL904  ",24.970688,121.086070,3100,3300,201.4,190,202,0.304,49.43,0.06,0.35,52.73,47.77,-1152,-1152,,310,6,1012.0,3008,,"3320",-34.0,688,186,1,10,2,3,2,2,"A3",,2
1776573741.000,"789295","HKE668  ",24.748032,121.484375,35000,36775,536.9,258,,0.764,51.81,,,52.38,47.44,-64,0,,,,1013.6,35008,,"3503",-36.9,40,186,1,8,2,2,,,"A3",,0
1776573746.000,"899118","CAL904  ",24.973739,121.090013,3000,3200,200.8,188,200,0.300,49.65,0.03,0.35,52.73,47.77,-1088,-1120,,312,7,1012.0,3008,,"3320",-34.4,781,186,1,10,2,3,2,2,"A3",,2
1776573746.000,"789295","HKE668  ",24.748032,121.484375,35000,36775,536.9,258,,0.764,51.81,,,52.38,47.44,-64,0,,,,1013.6,35008,,"3503",-37.1,41,186,1,8,2,2,,,"A3",,0
1776573751.000,"899118","CAL904  ",24.976685,121.093801,2900,3075,199.4,188,200,0.300,49.68,0.03,0.18,52.73,47.77,-1152,-1152,,324,7,1012.0,3008,,"3320",-33.0,864,186,1,10,2,3,2,2,"A3",,2
1776573751.000,"789295","HKE668  ",24.748032,121.484375,35000,36775,536.9,258,,0.764,51.81,,,52.38,47.44,-64,0,,,,1013.6,35008,,"3503",-37.1,41,186,1,8,2,2,,,"A3",,0
1776573756.000,"899118","CAL904  ",24.979605,121.097579,2825,3000,199.3,188,200,0.300,49.27,-0.09,-0.88,52.56,47.59,-1088,-1088,,326,6,1012.0,3008,,"3320",-33.8,956,186,1,10,2,3,2,2,"A3",,2
1776573756.000,"789295","HKE668  ",24.788741,121.541023,35000,36775,536.9,258,,0.764,51.81,,,52.38,47.44,0,0,,,,1013.6,35008,,"3503",-35.7,54,186,1,8,2,2,,,"A3",,0
1776573761.000,"899118","CAL904  ",24.982407,121.101125,2725,2900,199.2,188,200,0.300,48.87,-0.12,-0.88,52.03,47.06,-1088,-1120,,324,7,1012.0,3008,,"3320",-35.5,1043,186,1,10,2,3,2,2,"A3",,2
1776573761.000,"789295","HKE668  ",24.796562,121.551957,35000,36775,536.9,258,452,0.764,51.81,-0.03,-0.18,52.38,47.44,0,0,,,,1013.6,35008,,"3503",-36.2,73,186,1,8,2,2,,,"A3",,0
1776573766.000,"899118","CAL904  ",24.985886,121.105499,2625,2800,198.4,189,200,0.300,48.68,-0.12,-0.88,52.21,47.24,-1024,-992,,324,7,1012.0,3008,,"3320",-35.9,1112,186,1,10,2,3,2,2,"A3",,2
1776573766.000,"7892a3","N/A",24.749777,121.486765,33025,34675,515.7,267,,0.756,51.93,,,53.09,48.14,0,0,,,,1013.6,32992,,"3562",-35.9,63,186,1,9,2,3,2,2,,,2
1776573766.000,"789295","HKE668  ",24.804199,121.562551,35000,36775,536.9,258,452,0.764,51.81,-0.06,-0.35,52.38,47.44,0,0,,,,1013.6,35008,,"3503",-37.2,113,186,1,9,2,3,2,2,"A3",,2
1776573771.000,"899118","CAL904  ",24.988724,121.109060,2550,2725,198.5,189,200,0.300,49.09,0.06,0.53,52.56,47.59,-960,-992,,334,5,1012.0,3008,,"3320",-35.3,1162,186,1,10,2,3,2,2,"A3",,2
1776573771.000,"7892a3","N/A",24.751190,121.488749,33025,34675,515.7,267,448,0.756,51.93,0.03,0.53,53.09,48.14,0,0,,,,1013.6,32992,,"3562",-36.7,75,186,1,9,2,3,2,2,,,2
1776573771.000,"789295","HKE668  ",24.811569,121.572825,35000,36775,536.2,258,452,0.764,51.74,-0.03,-0.18,52.38,47.41,0,0,,254,92,1013.6,35008,,"3503",-34.7,160,186,1,9,2,3,2,2,"A3",,2
1776573776.000,"899118","CAL904  ",24.991709,121.112867,2475,2650,198.5,189,200,0.300,49.09,0.06,0.53,52.56,47.59,-1024,-992,,334,5,1012.0,3008,,"3320",-36.9,1187,186,1,10,2,3,2,2,"A3",,2
1776573776.000,"7892a3","HKE898  ",24.751190,121.488749,33025,34675,515.7,267,448,0.756,51.93,0.03,0.53,53.09,48.14,0,0,,,,1013.6,32992,,"3562",-37.7,79,186,1,9,2,3,2,2,,,2
1776573776.000,"789295","HKE668  ",24.813367,121.575277,35000,36775,536.2,258,452,0.764,51.74,-0.03,-0.18,52.38,47.41,64,0,,254,92,1013.6,35008,,"3503",-37.3,181,186,1,9,2,3,2,2,"A3",,2
1776573781.000,"899118","CAL904  ",24.994583,121.116536,2400,2525,193.6,189,200,0.300,49.40,0.06,0.53,52.56,47.59,-832,-992,,334,5,1012.0,3008,,"3320",-35.5,1221,186,1,10,2,3,2,2,"A3",,2
1776573781.000,"7892a3","HKE898  ",24.751190,121.488749,33025,34675,515.7,267,448,0.756,51.93,0.03,0.53,53.09,48.14,0,0,,,,1013.6,32992,,"3562",-37.7,79,186,1,9,2,3,2,2,,,2
1776573781.000,"789295","HKE668  ",24.827053,121.594348,35000,36775,536.9,258,452,0.760,51.81,0.06,0.00,52.38,47.41,0,-32,,254,94,1013.6,35008,,"3503",-35.6,219,186,1,9,2,3,2,2,"A3",,2
1776573786.000,"899118","CAL904  ",24.997513,121.120300,2325,2450,188.6,181,200,0.284,49.30,0.06,0.53,52.56,47.58,-1088,-1088,,334,5,1012.0,3008,,"3320",-35.7,1243,186,1,10,2,3,2,2,"A3",,2
1776573786.000,"7892a3","HKE898  ",24.751190,121.488749,33025,34675,515.7,267,448,0.756,51.93,0.03,0.53,53.09,48.14,0,0,,,,1013.6,32992,,"3562",-38.1,81,186,1,9,2,3,2,2,,,2
1776573786.000,"789295","HKE668  ",24.827053,121.594348,35000,36775,536.9,258,452,0.760,51.81,0.00,0.00,52.38,47.41,-64,-32,,254,94,1013.6,35008,,"3503",-36.6,256,186,1,9,2,3,2,2,"A3",,2
1776573791.000,"899118","CAL904  ",24.999902,121.123283,2250,2375,187.1,181,200,0.284,48.90,0.06,0.53,52.56,47.58,-960,-1088,,334,5,1012.0,3008,,"3320",-36.4,1268,186,1,10,2,3,2,2,"A3",,2
1776573791.000,"7892a3","HKE898  ",24.784973,121.535899,33025,34675,515.4,267,448,0.756,51.62,0.03,0.53,53.09,48.14,64,0,,,,1013.3,33008,,"3562",-37.9,86,186,1,9,2,3,2,2,,,2
1776573791.000,"789295","HKE668  ",24.838074,121.609650,35000,36775,536.9,258,452,0.764,51.81,-0.03,-0.18,52.38,47.40,-64,-32,,254,93,1013.6,35008,,"3503",-37.5,280,186,1,9,2,3,2,2,"A3",,2
1776573796.000,"8991b5","N/A",24.922765,120.999169,3100,3300,196.8,,,,102.62,,,,,-384,,,,,1012.0,3008,,,-36.1,20,186,1,10,4,3,2,3,,,2
1776573796.000,"899118","CAL904  ",24.999902,121.123283,2250,2375,187.1,181,200,0.284,48.90,0.06,0.53,52.56,47.58,-960,-1088,,334,5,1012.0,3008,,"3320",-37.1,1271,186,1,10,2,3,2,2,"A3",,2
1776573796.000,"7892a3","HKE898  ",24.789206,121.541748,33000,34625,514.6,262,448,0.744,51.55,0.03,0.53,52.56,47.59,128,0,,,,1013.6,32992,,"3562",-37.1,101,186,1,9,2,3,2,2,"A3",,2
1776573796.000,"789295","HKE668  ",24.847641,121.622976,35000,36775,537.6,258,452,0.764,51.72,-0.03,-0.18,52.38,47.40,-64,-32,,254,93,1013.6,35008,,"3503",-37.3,289,186,1,9,2,3,2,2,"A3",,2
1776573801.000,"8991b5","N/A",24.922765,120.999169,3100,3300,196.8,,,,102.62,,,,,-384,,,,,1012.0,3008,,,-36.1,20,186,1,10,4,3,2,3,,,2
1776573801.000,"899118","CAL904  ",24.999902,121.123283,2250,2375,187.1,181,200,0.284,48.90,0.06,0.53,52.56,47.58,-960,-1088,,334,5,1012.0,3008,,"3320",-37.1,1271,186,1,10,2,3,2,2,"A3",,2
1776573801.000,"7892a3","HKE898  ",24.800995,121.558024,33000,34625,515.4,267,444,0.756,51.62,0.06,0.53,52.56,47.59,0,32,,,,1013.6,32992,,"3562",-35.2,126,186,1,9,2,3,2,2,"A3",,2
1776573801.000,"789295","HKE668  ",24.847641,121.622976,35000,36775,537.6,258,452,0.764,51.72,-0.03,-0.18,52.38,47.40,0,-32,,254,93,1013.6,35008,,"3503",-38.0,294,186,1,9,2,3,2,2,"A3",,2
1776573806.000,"8991b5","N/A",24.922577,121.008962,3050,3250,195.9,,,,84.43,,,,,-256,,,,,1012.0,3008,,,-36.2,26,186,1,10,4,3,2,3,,,2
1776573806.000,"899118","CAL904  ",24.999902,121.123283,2250,2375,187.1,181,200,0.284,48.90,0.06,0.53,52.56,47.58,-960,-1088,,334,5,1012.0,3008,,"3320",-37.1,1271,186,1,10,2,3,2,2,"A3",,2
1776573806.000,"7892a3","HKE898  ",24.805481,121.564178,33000,34625,515.4,267,448,0.756,51.62,0.03,0.70,52.56,47.59,-128,32,,,,1013.6,32992,,"3562",-36.9,156,186,1,9,2,3,2,2,"A3",,2
1776573806.000,"789295","HKE668  ",24.847641,121.622976,35000,36775,537.6,258,452,0.764,51.72,-0.03,-0.18,52.38,47.40,0,-32,,254,93,1013.6,35008,,"3503",-38.2,295,186,1,9,2,3,2,2,"A3",,2
1776573811.000,"8991b5","N/A",24.922577,121.008962,3050,3250,195.9,,,,84.43,,,,,-256,,,,,1012.0,3008,,,-36.9,28,186,1,10,4,3,2,3,,,2
1776573811.000,"899118","CAL904  ",24.999902,121.123283,2250,2375,187.1,181,200,0.284,48.90,0.06,0.53,52.56,47.58,-960,-1088,,334,5,1012.0,3008,,"3320",-37.1,1271,186,1,10,2,3,2,2,"A3",,2
1776573811.000,"7892a3","HKE898  ",24.815826,121.578573,33000,34625,515.5,262,442,0.744,51.77,-0.09,-0.18,52.38,47.41,-64,-32,,256,79,1013.6,32992,,"3562",-36.0,204,186,1,9,2,3,2,2,"A3",,2
1776573811.000,"789295","HKE668  ",24.847641,121.622976,35000,36775,537.6,258,452,0.764,51.72,-0.03,-0.18,52.38,47.40,0,-32,,254,93,1013.6,35008,,"3503",-38.2,295,186,1,9,2,3,2,2,"A3",,2
1776573816.000,"8991b5","N/A",24.922577,121.008962,3050,3250,195.9,,,,84.43,,,,,-256,,,,,1012.0,3008,,,-36.9,31,186,1,10,4,3,2,3,,,2
1776573816.000,"899118","CAL904  ",24.999902,121.123283,2250,2375,187.1,181,200,0.284,48.90,0.06,0.53,52.56,47.58,-960,-1088,,334,5,1012.0,3008,,"3320",-37.1,1271,186,1,10,2,3,2,2,"A3",,2
1776573816.000,"7892a3","HKE898  ",24.820450,121.584930,33000,34625,514.8,262,442,0.744,51.71,0.06,0.88,52.38,47.41,0,-32,,256,79,1013.6,32992,,"3562",-36.7,242,186,1,9,2,3,2,2,"A3",,2
1776573816.000,"789295","HKE668  ",24.847641,121.622976,35000,36775,537.6,258,452,0.764,51.72,-0.03,-0.18,52.38,47.40,0,-32,,254,93,1013.6,35008,,"3503",-38.2,295,186,1,9,2,3,2,2,"A3",,2
1776573821.000,"8991b5","N/A",24.924500,121.021322,3025,3225,195.9,,,,84.43,,,,,-256,,,,,1012.0,3008,,,-37.1,35,186,1,10,4,3,2,3,,,2
1776573821.000,"899118","CAL904  ",24.999902,121.123283,2250,2375,187.1,181,200,0.284,48.90,0.06,0.53,52.56,47.58,-960,-1088,,334,5,1012.0,3008,,"3320",-37.1,1271,186,1,10,2,3,2,2,"A3",,2
1776573821.000,"7892a3","HKE898  ",24.830591,121.599012,33000,34625,516.3,262,444,0.744,51.84,0.06,0.88,52.38,47.41,-64,-32,,256,79,1013.6,32992,,"3562",-36.2,287,186,1,9,2,3,2,2,"A3",,2
1776573821.000,"789295","HKE668  ",24.847641,121.622976,35000,36775,537.6,258,452,0.764,51.72,-0.03,-0.18,52.38,47.40,0,-32,,254,93,1013.6,35008,,"3503",-38.2,295,186,1,9,2,3,2,2,"A3",,2
1776573826.000,"8991b5","N/A",24.924500,121.021322,3025,3225,195.9,,,,84.43,,,,,-256,,,,,1012.0,3008,,,-37.1,35,186,1,10,4,3,2,3,,,2
1776573826.000,"899118","CAL904  ",24.999902,121.123283,2250,2375,187.1,181,200,0.284,48.90,0.06,0.53,52.56,47.58,-960,-1088,,334,5,1012.0,3008,,"3320",-37.1,1271,186,1,10,2,3,2,2,"A3",,2
1776573826.000,"7892a3","HKE898  ",24.836783,121.607666,33000,34625,516.3,263,444,0.744,51.84,0.09,0.35,53.26,48.28,-64,-96,,252,78,1013.6,32992,,"3562",-36.9,323,186,1,9,2,3,2,2,"A3",,2
1776573826.000,"789295","HKE668  ",24.847641,121.622976,35000,36775,537.6,258,452,0.764,51.72,-0.03,-0.18,52.38,47.40,0,-32,,254,93,1013.6,35008,,"3503",-38.2,295,186,1,9,2,3,2,2,"A3",,2
1776573831.000,"8991b5","N/A",24.924500,121.021322,3025,3225,195.9,,,,84.43,,,,,-256,,,,,1012.0,3008,,,-37.1,35,186,1,10,4,3,2,3,,,2
1776573831.000,"899118","CAL904  ",24.999902,121.123283,2250,2375,187.1,181,,0.284,48.90,,,52.56,47.58,-960,-1088,,,,1012.0,3008,,"3320",-37.1,1271,186,1,10,2,3,2,2,"A3",,2
1776573831.000,"7892a3","HKE898  ",24.844391,121.618296,32975,34600,516.3,263,444,0.744,51.84,0.09,0.35,53.26,48.28,-64,-96,,252,78,1013.6,32992,,"3562",-37.4,333,186,1,9,2,3,2,2,"A3",,2
1776573831.000,"789295","HKE668  ",24.847641,121.622976,35000,36775,537.6,258,452,0.764,51.72,-0.03,-0.18,52.38,47.40,0,-32,,254,93,1013.6,35008,,"3503",-38.2,295,186,1,9,2,3,2,2,"A3",,2
1776573836.000,"8991b5","N/A",24.924500,121.021322,3025,3225,195.9,,,,84.43,,,,,-256,,,,,1012.0,3008,,,-37.0,36,186,1,10,4,3,2,3,,,2
1776573836.000,"899118","CAL904  ",24.999902,121.123283,2250,2375,187.1,181,,0.284,48.90,,,52.56,47.58,-960,-1088,,,,1012.0,3008,,"3320",-37.1,1271,186,1,10,2,3,2,2,"A3",,2
1776573836.000,"7892a3","HKE898  ",24.844391,121.618296,32975,34600,516.3,263,444,0.744,51.84,0.09,0.35,53.26,48.28,-64,-96,,252,78,1013.6,32992,,"3562",-37.4,333,186,1,9,2,3,2,2,"A3",,2
1776573836.000,"789295","HKE668  ",24.847641,121.622976,35000,36775,537.6,258,452,0.764,51.72,-0.03,-0.18,52.38,47.40,0,-32,,254,93,1013.6,35008,,"3503",-38.2,295,186,1,9,2,3,2,2,"A3",,2
1776573841.000,"8991b5","N/A",24.933609,121.039429,3025,3225,195.9,,,,84.43,,,,,-256,,,,,1012.0,3008,,,-36.9,43,186,1,10,4,3,2,3,,,2
1776573841.000,"899118","CAL904  ",24.999902,121.123283,2250,2375,187.1,181,,0.284,48.90,,,52.56,47.58,-960,-1088,,,,1012.0,3008,,"3320",-37.1,1271,186,1,10,2,3,2,2,"A3",,2
1776573841.000,"7892a3","HKE898  ",24.844391,121.618296,32975,34600,516.3,263,444,0.744,51.84,0.09,0.35,53.26,48.28,-64,-96,,252,78,1013.6,32992,,"3562",-37.4,333,186,1,9,2,3,2,2,"A3",,2
1776573841.000,"789295","HKE668  ",24.847641,121.622976,35000,36775,537.6,258,452,0.764,51.72,-0.03,-0.18,52.38,47.40,0,-32,,254,93,1013.6,35008,,"3503",-38.2,295,186,1,9,2,3,,,"A3",,2
1776573846.000,"8991b5","N/A",24.933609,121.039429,3025,3225,195.9,,,,84.43,,,,,-256,,,,,1012.0,3008,,,-37.1,44,186,1,10,4,3,2,3,,,2
1776573846.000,"899118","CAL904  ",24.999902,121.123283,2250,2375,187.1,,,,48.90,,,,,-960,,,,,1012.0,3008,,,-37.1,1271,186,1,10,2,3,,,"A3",,2
1776573846.000,"7892a3","HKE898  ",24.844391,121.618296,32975,34600,516.3,263,444,0.744,51.84,0.09,0.35,53.26,48.28,-64,-96,,252,78,1013.6,32992,,"3562",-37.4,333,186,1,9,2,3,2,2,"A3",,2
1776573846.000,"789295","HKE668  ",24.847641,121.622976,35000,36775,537.6,258,452,0.764,51.72,-0.03,-0.18,52.38,47.40,0,-32,,254,93,1013.6,35008,,"3503",-38.2,295,186,1,9,2,3,,,"A3",,2
1776573851.000,"8991b5","N/A",24.938127,121.045135,3025,3225,195.9,,,,84.43,,,,,-256,,,,,1012.0,3008,,,-37.4,47,186,1,10,4,3,2,3,,,2
1776573851.000,"7892a3","HKE898  ",24.844391,121.618296,32975,34600,516.3,263,444,0.744,51.84,0.09,0.35,53.26,48.28,-64,-96,,252,78,1013.6,32992,,"3562",-37.4,333,186,1,9,2,3,2,2,"A3",,2
1776573851.000,"789295","HKE668  ",24.847641,121.622976,35000,36775,537.6,,,,51.72,,,,,0,,,,,,,,,-38.2,295,186,,,2,,,,"A3",,2
1776573856.000,"8991b5","N/A",24.938127,121.045135,3025,3225,195.9,,,,84.43,,,,,-256,,,,,,,,,-37.5,51,186,1,10,4,3,2,3,,,2
1776573856.000,"7892a3","HKE898  ",24.844391,121.618296,32975,34600,516.3,263,444,0.744,51.84,0.09,0.35,53.26,48.28,-64,-96,,252,78,1013.6,32992,,"3562",-37.4,333,186,1,9,2,3,2,2,"A3",,2
1776573861.000,"8991b5","N/A",24.945296,121.054100,3025,3200,191.3,,,,48.81,,,,,0,,,,,,,,,-37.2,57,186,1,10,4,3,2,3,,,2
1776573861.000,"7892a3","HKE898  ",24.844391,121.618296,32975,34600,516.3,263,444,0.744,51.84,0.09,0.35,53.26,48.28,-64,-96,,252,78,1013.6,32992,,"3562",-37.4,333,186,1,9,2,3,2,2,"A3",,2
1776573866.000,"8991b5","N/A",24.948368,121.057987,3025,3200,190.7,,,,49.04,,,,,0,,,,,,,,,-36.8,66,186,1,10,4,3,2,3,,,2
1776573866.000,"7892a3","HKE898  ",24.844391,121.618296,32975,34600,516.3,263,444,0.744,51.84,0.09,0.35,53.26,48.28,-64,-96,,252,78,1013.6,32992,,"3562",-37.4,333,186,1,9,2,3,2,2,"A3",,2
1776573871.000,"8991b5","N/A",24.951534,121.061977,3025,3200,190.7,,,,49.04,,,,,0,,,,,,,,,-36.5,73,186,1,10,4,3,2,3,,,2
1776573871.000,"7892a3","HKE898  ",24.844391,121.618296,32975,34600,516.3,263,444,0.744,51.84,0.09,0.35,53.26,48.28,-64,-96,,252,78,1013.6,32992,,"3562",-37.4,333,186,1,9,2,3,2,2,"A3",,2
1776573876.000,"8991b5","N/A",24.955025,121.066382,3025,3200,190.7,,,,49.04,,,,,0,,,,,,,,,-36.4,77,186,1,10,4,3,2,3,,,2
1776573876.000,"7892a3","HKE898  ",24.844391,121.618296,32975,34600,516.3,263,444,0.744,51.84,0.09,0.35,53.26,48.28,-64,-96,,252,78,1013.6,32992,,,-37.4,333,186,1,9,2,3,2,2,"A3",,2
1776573881.000,"8991b5","CAL111  ",24.957825,121.069895,3025,3200,192.0,,,,48.59,,,,,0,,,,,1012.0,3008,,,-35.6,92,186,1,10,4,3,2,3,"A5",,2
1776573881.000,"7892a3","HKE898  ",24.844391,121.618296,32975,34600,516.3,263,444,0.744,51.84,0.09,0.35,53.26,48.28,-64,-96,,252,78,1013.6,32992,,,-37.4,333,186,1,9,2,3,2,2,"A3",,2
1776573886.000,"8991b5","CAL111  ",24.960297,121.072947,3025,3200,192.0,,,,48.59,,,,,0,,,,,1012.0,3008,,,-35.6,94,186,1,10,4,3,2,3,"A5",,2
1776573886.000,"7892a3","HKE898  ",24.844391,121.618296,32975,34600,,,,,,,,,,,,,,,1013.6,32992,,,-37.4,333,186,1,9,,3,,,"A3",,2
1776573891.000,"8991b5","CAL111  ",24.963777,121.077368,3025,3200,192.9,,,,49.21,,,,,0,,,,,1012.0,3008,,,-36.1,99,186,1,10,4,3,2,3,"A5",,2
1776573896.000,"8991b5","CAL111  ",24.966710,121.081100,3025,3200,192.9,,,,49.21,,,,,-64,,,,,1012.0,3008,,,-35.0,112,186,1,10,4,3,2,3,"A5",,2
1776573901.000,"8991b5","CAL111  ",24.969503,121.084675,3025,3200,193.0,,,,49.62,,,,,-64,,,,,1012.0,3008,,,-34.9,132,186,1,10,4,3,2,3,"A5",,2
1776573906.000,"8991b5","CAL111  ",24.972436,121.088407,3025,3225,192.9,,,,49.21,,,,,-128,,,,,1012.0,3008,,,-34.6,152,186,1,10,4,3,2,3,"A5",,2
1776573911.000,"88516b","THA632  ",24.918045,121.004690,3850,4075,197.1,180,194,0.292,88.26,,-7.38,90.88,85.94,-640,-640,,336,8,1012.0,3008,,,-34.5,56,186,1,8,1,2,,,,,0
1776573911.000,"8991b5","CAL111  ",24.973646,121.089909,3000,3200,192.2,,,,49.43,,,,,-320,,,,,1012.0,3008,,,-35.2,164,186,1,10,3,3,2,3,"A5",,2
1776573916.000,"88516b","THA632  ",24.918320,121.008403,3825,4050,195.7,180,194,0.292,85.02,,-7.38,90.88,85.94,-704,-640,,336,8,1012.0,3008,,,-35.4,62,186,1,8,1,2,,,,,0
1776573916.000,"8991b5","CAL111  ",24.976579,121.093692,2975,3175,192.2,,,,49.43,,,,,-320,,,,,1012.0,3008,,,-36.1,171,186,1,10,3,3,2,3,"A5",,2
1776573921.000,"88516b","THA632  ",24.918320,121.008403,3825,4025,195.9,180,194,0.292,73.69,,-7.38,90.88,85.94,-512,-640,,336,8,1012.0,3008,,,-36.4,72,186,1,8,1,2,,,,,0
1776573921.000,"8991b5","CAL111  ",24.980117,121.098201,2875,3075,192.2,,,,49.43,,,,,-320,,,,,1012.0,3008,,,-37.2,176,186,1,10,3,3,2,3,"A5",,2
1776573926.000,"88516b","THA632  ",24.920716,121.017358,3725,3925,195.9,180,194,0.292,73.69,,-9.14,90.88,85.94,-512,-640,,336,8,1012.0,3008,,"6105",-36.8,78,186,1,8,1,2,,,,,0
1776573926.000,"8991b5","CAL111  ",24.980117,121.098201,2875,3075,192.2,,,,49.43,,,,,-320,,,,,1012.0,3008,,,-37.2,176,186,1,10,3,3,2,3,"A5",,2
1776573931.000,"88516b","THA632  ",24.921707,121.020152,3700,3900,196.2,180,194,0.292,69.72,,-9.14,90.88,85.94,-512,-640,,336,8,1012.0,3008,,"6105",-36.3,92,186,1,8,1,2,,,,,0
1776573931.000,"8991b5","CAL111  ",24.984970,121.104329,2700,2900,192.2,,,,49.43,,,,,-320,,,,,1012.0,3008,,,-37.6,178,186,1,10,3,3,2,3,"A5",,2
1776573936.000,"88516b","THA632  ",24.921707,121.020152,3700,3900,196.2,180,194,0.292,69.72,,-9.14,90.88,85.94,-512,-640,,336,8,1012.0,3008,,"6105",-36.3,92,186,1,8,1,2,,,,,0
1776573936.000,"8991b5","CAL111  ",24.989182,121.109619,2550,2750,193.5,,,,48.98,,,,,-1216,,,,,1012.0,3008,,,-37.2,184,186,1,10,4,3,2,3,"A5",,2
1776573941.000,"88516b","THA632  ",24.921707,121.020152,3700,3900,196.2,180,194,0.292,69.72,,-9.14,90.88,85.94,-512,-640,,336,8,1012.0,3008,,"6105",-36.3,92,186,1,8,1,2,,,,,0
1776573941.000,"8991b5","CAL111  ",24.989182,121.109619,2550,2750,193.5,,,,48.98,,,,,-1216,,,,,1012.0,3008,,,-37.2,185,186,1,10,4,3,2,3,"A5",,2
1776573946.000,"88516b","THA632  ",24.921707,121.020152,3550,3750,196.2,180,194,0.292,69.72,,-9.14,90.88,85.94,-512,-640,,336,8,1012.0,3008,,"6105",-36.6,95,186,1,9,1,3,2,2,,,2
1776573946.000,"8991b5","CAL111  ",24.989182,121.109619,2550,2750,193.5,,,,48.98,,,,,-1216,,,,,1012.0,3008,,,-37.2,185,186,1,10,4,3,2,3,"A5",,2
1776573951.000,"88516b","THA632  ",24.921707,121.020152,3525,3725,196.2,180,194,0.292,69.72,,-9.14,90.88,85.94,-512,-640,,336,8,1012.0,3008,,"6105",-37.0,102,186,1,9,1,3,2,2,,,2
1776573951.000,"8991b5","CAL111  ",24.989182,121.109619,2550,2750,193.5,,,,48.98,,,,,-1216,,,,,1012.0,3008,,,-37.2,185,186,1,10,4,3,2,3,"A5",,2
1776573956.000,"88516b","THA632  ",24.921707,121.020152,3525,3725,196.2,180,194,0.292,69.72,,-9.14,90.88,85.94,-512,-640,,336,8,1012.0,3008,,"6105",-37.6,106,186,1,9,1,3,2,2,,,2
1776573956.000,"8991b5","CAL111  ",24.989182,121.109619,2550,2750,193.5,,,,48.98,,,,,-1216,,,,,1012.0,3008,,,-37.3,186,186,1,10,4,3,2,3,"A5",,2
1776573961.000,"88516b","THA632  ",24.921707,121.020152,3525,3725,196.2,180,194,0.292,69.72,,-9.14,90.88,85.94,-512,-640,,336,8,1012.0,3008,,"6105",-37.8,108,186,1,9,1,3,2,2,,,2
1776573961.000,"8991b5","CAL111  ",24.989182,121.109619,2550,2750,193.5,,,,48.98,,,,,-1216,,,,,1012.0,3008,,,-37.3,186,186,1,10,4,3,2,3,"A5",,2
1776573966.000,"88516b","THA632  ",24.921707,121.020152,3525,3725,196.2,180,194,0.292,69.72,,-9.14,90.88,85.94,-512,-640,,336,8,,,,"6105",-37.8,108,186,1,9,1,3,2,2,,,2
1776573966.000,"8991b5","CAL111  ",24.989182,121.109619,2550,2750,193.5,,,,48.98,,,,,-1216,,,,,1012.0,3008,,,-37.3,186,186,1,10,4,3,2,3,"A5",,2
1776573971.000,"88516b","THA632  ",24.921707,121.020152,3525,3725,196.2,,194,,69.72,,-9.14,,,-512,,,,,,,,"6105",-38.3,110,186,1,9,1,3,2,2,,,2
1776573971.000,"8991b5","CAL111  ",24.989182,121.109619,2550,2750,193.5,,,,48.98,,,,,-1216,,,,,1012.0,3008,,,-37.3,186,186,1,10,4,3,,,"A5",,2
1776573976.000,"88516b","THA632  ",24.921707,121.020152,3300,3500,193.0,,194,,49.62,,-9.14,,,-512,,,,,,,,"6105",-38.0,115,186,1,9,1,3,2,2,,,2
1776573976.000,"8991b5","CAL111  ",24.989182,121.109619,2550,2750,193.5,,,,48.98,,,,,-1216,,,,,1012.0,3008,,,-37.3,186,186,1,10,4,3,,,"A5",,2
1776573981.000,"88516b","THA632  ",24.921707,121.020152,3300,3500,193.0,,194,,49.62,,-9.14,,,-512,,,,,,,,"6105",-38.1,119,186,1,9,1,3,2,2,,,2
1776573981.000,"8991b5","CAL111  ",24.989182,121.109619,2550,2750,193.5,,,,48.98,,,,,-1216,,,,,,,,,-37.3,186,186,,,4,,,,"A5",,2
1776573986.000,"88516b","THA632  ",24.954932,121.066019,3225,3425,192.3,,,,49.85,,,,,-512,,,,,,,,"6105",-38.0,124,186,1,9,1,3,2,2,,,2
1776573986.000,"8991b5","CAL111  ",24.989182,121.109619,2550,2750,193.5,,,,48.98,,,,,-1216,,,,,,,,,-37.3,186,186,,,4,,,,"A5",,2
1776573991.000,"88516b","THA632  ",24.954932,121.066019,3225,3400,192.3,,,,49.85,,,,,-512,,,,,,,,,-37.8,130,186,1,9,1,3,2,2,,,2
1776573991.000,"8991b5","CAL111  ",24.989182,121.109619,2550,2750,193.5,,,,48.98,,,,,-1216,,,,,,,,,-37.3,186,186,,,4,,,,"A5",,2
1776573996.000,"88516b","THA632  ",24.959820,121.072342,3150,3325,192.3,,,,49.85,,,,,-512,,,,,,,,,-37.6,137,186,1,9,1,3,2,2,,,2
1776574001.000,"88516b","THA632  ",24.959820,121.072342,3150,3325,192.3,,,,49.85,,,,,-512,,,,,,,,,-38.1,140,186,1,9,1,3,2,2,,,2
1776574006.000,"88516b","THA632  ",24.965927,121.080221,3050,3225,192.2,,,,49.43,,,,,-448,,,,,,,,,-37.3,161,186,1,9,1,3,2,2,,,2
1776574011.000,"88516b","THA632  ",24.965927,121.080221,3050,3225,192.2,,,,49.43,,,,,-448,,,,,1012.0,3008,,,-38.2,173,186,1,9,1,3,2,2,"A5",,2
1776574016.002,"88516b","THA632  ",24.971512,121.087341,3000,3175,191.4,,,,49.24,,,,,-384,,,,,1012.0,3008,,,-37.2,180,186,1,9,1,3,2,2,"A5",,2
1776574021.000,"88516b","THA632  ",24.974391,121.090946,2950,3125,192.1,181,,0.288,49.01,,,51.33,46.36,-704,-704,,,,1012.0,3008,,"6105",-36.9,204,186,1,8,1,3,2,2,"A5",,2
1776574026.000,"88516b","THA632  ",24.978162,121.095713,2875,3050,191.3,181,192,0.288,48.81,,0.53,51.33,46.36,-896,-704,,,,1012.0,3008,,"6105",-36.4,237,186,1,9,1,3,2,2,"A5",,2
1776574031.000,"88516b","THA632  ",24.981033,121.099294,2800,2975,190.7,180,192,0.284,49.04,,0.35,51.68,46.71,-1024,-1024,,323,7,1012.0,3008,,"6105",-36.1,288,186,1,9,1,3,2,2,"A5",,2
1776574036.000,"88516b","THA632  ",24.983963,121.103058,2700,2875,190.7,180,190,0.284,49.04,,0.18,51.68,46.71,-1024,-1024,,313,8,1012.0,3008,,"6105",-36.2,325,186,1,9,1,3,2,2,"A5",,2
1776574041.000,"88516b","THA632  ",24.985794,121.105296,2650,2800,190.7,180,192,0.288,49.04,,0.35,51.68,46.71,-1024,-1024,,327,8,1012.0,3008,,"6105",-36.6,361,186,1,9,1,3,2,2,"A5",,2
1776574046.000,"88516b","THA632  ",24.988683,121.108980,2575,2725,190.7,180,192,0.288,49.04,,0.35,51.68,46.71,-1024,-1024,,327,8,1012.0,3008,,"6105",-37.1,389,186,1,9,1,3,2,2,"A5",,2
1776574051.000,"89902c","N/A",24.936963,120.997614,3625,3800,197.3,,,,81.25,,,,,,-704,,,,,,,,-35.6,4,186,,8,0,2,,,,,0
1776574051.000,"88516b","THA632  ",24.988683,121.108980,2575,2725,190.7,180,192,0.288,49.04,,0.35,51.68,46.71,-1024,-1024,,327,8,1012.0,3008,,"6105",-37.5,391,186,1,9,1,3,2,2,"A5",,2
1776574056.000,"89902c","N/A",24.936963,120.997614,3625,3800,196.2,,,,76.74,,,,,,-704,,,,,,,,-35.4,5,186,,8,0,2,,,,,0
1776574056.000,"88516b","THA632  ",24.995041,121.117096,2375,2525,190.7,180,192,0.288,49.04,,0.35,51.68,46.71,-1024,-1024,,327,8,1012.0,3008,,"6105",-37.8,398,186,1,9,1,3,2,2,"A5",,2
1776574061.000,"89902c","N/A",24.936963,120.997614,3625,3800,195.7,,,,76.11,,,,,,-704,,,,,,,,-35.6,7,186,,8,0,2,,,,,0
1776574061.000,"88516b","THA632  ",24.996131,121.118463,2325,2475,190.7,169,192,0.264,49.04,,0.35,52.56,47.58,-864,-992,,327,8,1012.0,3008,,"6105",-37.4,405,186,1,9,1,3,2,2,"A5",,2
1776574066.000,"89902c","N/A",24.936963,120.997614,3625,3800,195.7,,,,76.11,,,,,,-704,,,,,,,,-35.6,8,186,,8,0,2,,,,,0
1776574066.000,"88516b","THA632  ",24.996131,121.118463,2325,2475,190.7,169,192,0.264,49.04,,0.35,52.56,47.58,-864,-992,,327,8,1012.0,3008,,"6105",-37.7,407,186,1,9,1,3,2,2,"A5",,2
1776574071.000,"89902c","N/A",24.936963,120.997614,3625,3800,195.7,,,,76.11,,,,,,-704,,,,,,,,-36.0,9,186,,8,0,2,,,,,0
1776574071.000,"88516b","THA632  ",24.996131,121.118463,2325,2475,190.7,169,192,0.264,49.04,,0.35,52.56,47.58,-864,-992,,327,8,1012.0,3008,,"6105",-37.7,407,186,1,9,1,3,2,2,"A5",,2
1776574076.000,"89902c","N/A",24.936963,120.997614,3625,3800,195.7,,,,76.11,,,,,,-704,,,,,,,,-36.0,9,186,,8,0,2,,,,,0
1776574076.000,"88516b","THA632  ",24.996131,121.118463,2325,2475,190.7,169,192,0.264,49.04,,0.35,52.56,47.58,-864,-992,,327,8,1012.0,3008,,"6105",-37.7,407,186,1,9,1,3,2,2,"A5",,2
1776574081.000,"89902c","N/A",24.936963,120.997614,3625,3800,193.3,,,,76.54,,,,,,-704,,,,,,,,-36.0,11,186,,8,0,2,,,,,0
1776574081.000,"88516b","THA632  ",24.996131,121.118463,2325,2475,190.7,169,192,0.264,49.04,,0.35,52.56,47.58,-864,-992,,327,8,1012.0,3008,,"6105",-37.7,407,186,1,9,1,3,2,2,"A5",,2
1776574087.000,"89902c","N/A",24.944962,121.034088,3200,3350,193.1,,,,76.83,,,,,,-704,,,,,,,,-35.5,17,186,,8,0,2,,,,,0
1776574087.000,"88516b","THA632  ",24.996131,121.118463,2325,2475,190.7,169,192,0.264,49.04,,0.35,52.56,47.58,-864,-992,,327,8,1012.0,3008,,"6105",-37.7,407,186,1,9,1,3,2,2,"A5",,2
1776574092.000,"89902c","TTW247  ",24.946518,121.041361,3125,3275,193.1,,,,76.83,,,,,,-704,,,,,,,,-35.9,23,186,,8,0,2,,,"A0",,0
1776574092.000,"88516b","THA632  ",24.996131,121.118463,2325,2475,190.7,169,192,0.264,49.04,,0.35,52.56,47.58,-864,-992,,327,8,1012.0,3008,,"6105",-37.7,407,186,1,9,1,3,2,2,"A5",,2
1776574097.000,"89902c","TTW247  ",24.946518,121.041361,3125,3275,193.1,,,,76.83,,,,,,-704,,,,,,,,-36.1,24,186,,8,0,2,,,"A0",,0
1776574097.000,"88516b","THA632  ",24.996131,121.118463,2325,2475,190.7,169,,0.264,49.04,,,52.56,47.58,-864,-992,,,,1012.0,3008,,"6105",-37.7,407,186,1,9,1,3,,,"A5",,2
1776574102.000,"89902c","TTW247  ",24.946518,121.041361,3125,3275,191.4,,190,,76.40,-1.03,-10.55,,,,-576,,,,1012.0,3008,,,-35.5,29,186,,8,0,2,,,"A0",,0
1776574102.000,"88516b","THA632  ",24.996131,121.118463,2325,2475,,169,,0.264,,,,52.56,47.58,-864,-992,,,,1012.0,3008,,,-37.7,407,186,1,9,,3,,,"A5",,2
1776574107.000,"89902c","TTW247  ",24.946518,121.041361,3125,3275,190.1,,190,,70.33,-1.03,-10.55,,,,-320,,,,1012.0,3008,,,-35.0,33,186,,8,0,2,,,"A0",,0
1776574107.000,"88516b","THA632  ",24.996131,121.118463,2325,2475,,169,,0.264,,,,52.56,47.58,-864,-992,,,,,,,,-37.7,407,186,,,,,,,"A5",,2
1776574112.000,"89902c","TTW247  ",24.951187,121.057790,3025,3175,189.1,,190,,66.96,-1.03,-10.55,,,,-256,,,,1012.0,3008,,,-34.8,40,186,,8,0,2,,,"A0",,0
1776574112.000,"88516b","THA632  ",24.996131,121.118463,2325,2475,,169,,0.264,,,,52.56,47.58,-864,-992,,,,,,,,-37.7,407,186,,,,,,,"A5",,2
1776574117.000,"89902c","TTW247  ",24.953888,121.063029,3025,3150,189.5,,190,,58.15,-1.03,-10.55,,,,-64,,,,1012.0,3008,,"6003",-34.5,53,186,,8,0,2,,,"A0",,0
1776574117.000,"88516b","THA632  ",24.996131,121.118463,2325,2475,,,,,,,,,,,,,,,,,,,-37.7,407,186,,,,,,,"A5",,2
1776574122.000,"89902c","TTW247  ",24.955770,121.066071,3025,3150,190.0,178,190,0.284,56.81,-1.03,-10.55,55.90,50.94,-64,0,,,,1012.0,3008,,"6003",-35.1,61,186,,8,0,2,,,"A0",,0
1776574127.000,"89902c","TTW247  ",24.955770,121.066071,3025,3175,190.1,178,190,0.284,54.64,-1.03,-10.55,55.90,50.94,-64,-64,,,,1012.0,3008,,"6003",-35.2,62,186,,8,0,2,,,"A0",,0
1776574132.000,"89902c","TTW247  ",24.955770,121.066071,3025,3175,190.1,178,190,0.284,54.64,-1.03,-10.55,55.90,50.94,-64,-64,,,,1012.0,3008,,"6003",-35.2,62,186,,8,0,2,,,"A0",,0
1776574137.000,"89902c","TTW247  ",24.955770,121.066071,3025,3175,190.1,178,190,0.284,54.64,-1.03,-10.55,55.90,50.94,-64,-64,,,,1012.0,3008,,"6003",-35.2,62,186,,8,0,2,,,"A0",,0
1776574142.000,"89902c","TTW247  ",24.955770,121.066071,3025,3175,190.1,178,190,0.284,54.64,-1.03,-10.55,55.90,50.94,-64,-64,,,,1012.0,3008,,"6003",-35.2,62,186,,8,0,2,,,"A0",,0
1776574147.000,"89902c","TTW247  ",24.968170,121.082967,3025,3175,190.1,178,190,0.284,54.64,-1.03,-10.55,55.90,50.94,-64,-64,,,,1012.0,3008,,"6003",-35.8,64,186,,8,0,2,,,"A0",,0
1776574147.000,"7801dc","N/A",24.952057,121.249695,30000,31375,419.8,,,,227.80,,,,,,0,,,,,,,,-36.1,63,186,,8,0,2,,,,,0
1776574152.000,"89902c","TTW247  ",24.968170,121.082967,3025,3175,190.1,178,190,0.284,54.64,-1.03,-10.55,55.90,50.94,-64,-64,,,,1012.0,3008,,"6003",-36.0,65,186,,8,0,2,,,"A0",,0
1776574152.000,"7801dc","N/A",24.952057,121.249695,30000,31375,419.8,,,,227.80,,,,,,0,,,,,,,,-35.9,66,186,,8,0,2,,,,,0
1776574157.000,"89902c","TTW247  ",24.968170,121.082967,3025,3175,190.1,178,190,0.284,54.64,-1.03,-10.55,55.90,50.94,-64,-64,,,,1012.0,3008,,"6003",-36.0,65,186,,8,0,2,,,"A0",,0
1776574157.000,"7801dc","N/A",24.937912,121.232605,30000,31400,419.8,,,,227.80,,,,,,0,,,,,,,,-35.4,72,186,,8,0,2,,,,,0
1776574162.000,"89902c","TTW247  ",24.968170,121.082967,3025,3175,190.1,178,,0.284,54.64,,,55.90,50.94,-64,-64,,,,,,,"6003",-36.0,65,186,,8,0,2,,,"A0",,0
1776574162.000,"7801dc","N/A",24.932693,121.226247,30000,31400,419.8,,464,,227.80,,0.18,,,,64,,,,,,,,-34.9,77,186,,8,0,2,,,,,0
1776574162.000,"861b47","ANA8513 ",25.035142,121.338294,32000,33400,435.0,294,,0.808,229.76,,,239.24,235.37,0,-32,,,,1013.6,32000,,"3253",-37.3,86,186,1,8,1,2,,,"A5",,0
1776574167.000,"89902c","TTW247  ",24.968170,121.082967,3025,3175,190.1,178,,0.284,54.64,,,55.90,50.94,-64,-64,,,,,,,"6003",-36.0,65,186,,8,0,2,,,"A0",,0
1776574167.000,"7801dc","N/A",24.920903,121.212003,30000,31400,419.8,,464,,227.80,,0.18,,,,0,,,,,,,"6044",-34.1,89,186,,8,0,2,,,,,0
1776574167.000,"861b47","ANA8513 ",25.032395,121.334718,32000,33425,434.2,294,,0.808,229.67,,,239.24,235.37,0,-32,,,,1013.6,32000,,"3253",-37.3,105,186,1,9,1,3,2,2,"A5",,2
1776574172.000,"89902c","TTW247  ",24.968170,121.082967,2750,3175,162.3,178,,0.284,48.75,,,55.90,50.94,-64,-768,,,,,,,"6003",-36.8,69,186,,8,0,2,,,"A0",,0
1776574172.000,"7801dc","N/A",24.915689,121.205680,30000,31400,420.6,,464,,227.89,,0.18,,,,0,,,,,,,"6044",-33.4,103,186,,8,0,2,,,,,0
1776574172.000,"861b47","ANA8513 ",25.022369,121.321767,32000,33425,434.8,294,484,0.808,229.57,-0.03,-0.53,239.24,235.37,0,-32,,,,1013.6,32000,,"3253",-36.7,132,186,1,9,1,3,2,2,"A5",,2
1776574177.000,"89902c","TTW247  ",24.968170,121.082967,2725,3175,162.3,178,,0.284,48.75,0.03,0.35,55.90,50.94,-64,-768,,,,,,,"6003",-36.8,78,186,,8,0,2,,,"A0",,0
1776574177.000,"7801dc","CPA543  ",24.908112,121.196493,30000,31400,419.8,,464,,227.80,,0.18,,,,0,,,,1013.0,30000,,"6044",-32.3,120,186,,8,0,2,,,,,0
1776574177.000,"861b47","ANA8513 ",25.022369,121.321767,32000,33425,434.8,294,484,0.808,229.57,-0.03,-0.53,239.24,235.37,0,-32,,,,1013.2,32000,,"3253",-36.7,144,186,1,9,1,3,2,2,"A5",,2
1776574182.000,"89902c","TTW247  ",24.968170,121.082967,2725,3175,162.3,,,,48.75,0.03,0.35,,,,-768,,,,,,,"6003",-36.7,84,186,,8,0,2,,,"A0",,0
1776574182.000,"7801dc","CPA543  ",24.901291,121.188253,30000,31400,420.5,,466,,227.70,,0.18,,,,0,,,,1013.0,30000,,"6044",-31.5,144,186,,8,0,2,,,"A0",,0
1776574182.000,"84c068","JJP17   ",24.950230,121.229208,28025,29400,388.7,,,,229.59,,,,,,0,,,,,,,"6026",-35.1,38,371,,7,0,2,,,"A0",,0
1776574182.000,"861b47","ANA8513 ",25.010609,121.306578,32000,33425,434.8,294,486,0.808,229.57,0.00,-0.35,239.24,235.37,0,-32,,,,1013.2,32000,,"3253",-36.9,159,186,1,9,1,3,2,2,"A5",,2
1776574187.000,"89902c","TTW247  ",24.968170,121.082967,2575,3175,162.3,,,,48.75,0.03,0.35,,,,-768,,,,1012.0,3008,,"6003",-36.6,90,186,,8,0,2,,,"A0",,0
1776574187.000,"7801dc","CPA543  ",24.895252,121.180961,30000,31400,420.5,,464,,227.70,,0.18,,,,64,,,,1013.0,30000,,"6044",-30.4,169,186,,8,0,2,,,"A0",,0
1776574187.000,"84c068","JJP17   ",24.944411,121.221694,28025,29375,388.7,279,430,0.712,229.59,-0.03,-0.18,237.48,232.52,96,0,,258,46,1015.0,28000,,"6026",-33.8,63,371,,7,0,2,,,"A0",,0
1776574187.000,"861b47","ANA8513 ",25.010609,121.306578,32000,33400,434.8,294,486,0.808,229.57,0.00,-0.35,239.24,235.37,0,-32,,,,1013.2,32000,,"3253",-37.5,169,186,1,9,1,3,2,2,"A5",,2
1776574192.000,"89902c","TTW247  ",24.968170,121.082967,2575,2725,162.3,,,,48.75,0.03,0.35,,,,-768,,,,1012.0,3008,,"6003",-36.6,93,186,,8,0,2,,,"A0",,0
1776574192.000,"7801dc","CPA543  ",24.888968,121.173395,30000,31400,420.5,291,466,0.768,227.70,,0.35,236.43,231.48,-64,0,,262,54,1013.0,30000,,"6044",-29.7,198,186,,8,0,2,,,"A0",,0
1776574192.000,"84c068","JJP17   ",24.938324,121.213837,28025,29375,388.7,279,430,0.712,229.59,0.00,0.00,237.48,232.52,96,0,,258,46,1015.0,28000,,"6026",-33.1,94,371,,7,0,2,,,"A0",,0
1776574192.000,"861b47","ANA8513 ",25.010609,121.306578,32000,33400,434.8,294,486,0.808,229.57,0.00,-0.35,239.24,235.37,0,-32,,,,1013.2,32000,,"3253",-37.2,181,186,1,9,1,3,2,2,"A5",,2
1776574197.000,"89902c","TTW247  ",24.994125,121.115875,2350,2500,162.3,,,,48.75,0.03,0.35,,,,-768,,,,1012.0,3008,,"6003",-36.8,97,186,,8,0,2,,,"A0",,0
1776574197.000,"7801dc","CPA543  ",24.881332,121.164195,30000,31400,421.2,292,466,0.772,227.79,,0.18,236.43,231.48,0,0,,262,53,1013.0,30000,,"6044",-29.1,236,186,,8,0,2,,,"A0",,0
1776574197.000,"84c068","JJP17   ",24.932465,121.206309,28025,29400,388.7,279,430,0.712,229.59,0.00,0.18,237.48,232.52,96,0,,258,46,1015.0,28000,,"6026",-32.6,124,371,,7,0,2,,,"A0",,0
1776574197.000,"861b47","ANA8513 ",24.990967,121.281281,32000,33425,434.8,294,486,0.808,229.57,0.00,-0.35,239.24,235.37,0,-32,,,,1013.6,32000,,"3253",-36.8,192,186,1,8,1,3,2,2,"A5",,2
1776574202.000,"89902c","TTW247  ",24.994125,121.115875,2350,2500,162.3,,,,48.75,0.03,0.35,,,,-768,,,,1012.0,3008,,"6003",-36.4,102,186,,8,0,2,,,"A0",,0
1776574202.000,"7801dc","CPA543  ",24.876352,121.158159,30000,31400,421.2,292,466,0.772,227.79,,0.18,236.43,231.49,-96,0,,262,54,1013.0,30000,,"6044",-29.7,271,186,,8,0,2,,,"A0",,0
1776574202.000,"84c068","JJP17   ",24.926396,121.198477,28025,29400,388.7,279,430,0.712,229.59,-0.09,-0.18,237.30,232.35,-288,0,,257,46,1015.0,28000,,"6026",-30.8,156,371,,7,0,2,,,"A0",,0
1776574202.000,"861b47","ANA8513 ",24.984558,121.273041,32000,33425,434.8,294,486,0.808,229.57,0.00,-0.35,239.24,235.37,0,-32,,,,1013.6,32000,,"3253",-37.2,207,186,1,8,1,3,2,2,"A5",,2
1776574207.000,"89902c","TTW247  ",24.994125,121.115875,2350,2500,162.3,,,,48.75,0.03,0.35,,,,-768,,,,1012.0,3008,,"6003",-36.4,102,186,,8,0,2,,,"A0",,0
1776574207.000,"7801dc","CPA543  ",24.868240,121.148376,30000,31400,421.2,291,466,0.768,227.79,,0.35,236.43,231.49,32,0,,262,53,1013.0,30000,,"6044",-30.2,297,186,,8,0,2,,,"A0",,0
1776574207.000,"84c068","JJP17   ",24.921275,121.191896,28025,29400,388.7,278,428,0.708,229.59,0.06,0.18,237.48,232.53,-32,0,,258,46,1015.0,28000,,"6026",-31.2,197,371,,7,0,2,,,"A0",,0
1776574207.000,"861b47","ANA8513 ",24.978162,121.264810,32000,33425,434.8,294,486,0.808,229.57,0.00,0.00,239.24,235.37,0,-32,,,,1012.8,32000,,"3253",-36.6,223,186,1,8,1,3,2,2,"A5",,2
1776574212.001,"89902c","TTW247  ",24.994125,121.115875,2350,2500,162.3,,,,48.75,0.03,0.35,,,,-768,,,,1012.0,3008,,"6003",-36.4,102,186,,8,0,2,,,"A0",,0
1776574212.001,"7801dc","CPA543  ",24.862200,121.141058,30000,31400,421.2,291,466,0.772,227.79,,0.35,236.60,231.67,-32,64,,264,54,1013.0,30000,,"6044",-31.7,323,186,,8,0,2,,,"A0",,0
1776574212.001,"84c068","JJP17   ",24.915409,121.184381,28025,29400,388.7,279,430,0.708,229.59,0.00,0.00,237.48,232.53,-32,0,,258,46,1015.0,28000,,"6026",-30.6,232,371,,7,0,2,,,"A0",,0
1776574212.001,"861b47","ANA8513 ",24.969410,121.253512,32000,33425,435.6,294,486,0.808,229.66,0.00,0.00,239.24,235.37,0,-32,,,,1013.6,32000,,"3253",-35.9,244,186,1,8,1,3,2,2,"A5",,2
1776574217.000,"89902c","TTW247  ",24.994125,121.115875,2350,2500,162.3,,,,48.75,0.03,0.35,,,,-768,,,,1012.0,3008,,"6003",-36.4,102,186,,8,0,2,,,"A0",,0
1776574217.000,"7801dc","CPA543  ",24.856155,121.133779,30000,31400,421.2,291,466,0.772,227.79,,0.35,236.60,231.67,-32,0,,264,54,1013.0,30000,,"6044",-33.0,348,186,,8,0,2,,,"A0",,0
1776574217.000,"84c068","JJP17   ",24.909590,121.176867,28025,29400,388.7,279,430,0.712,229.59,0.00,0.00,237.48,232.53,0,-64,,258,46,1015.0,28000,,"6026",-30.5,264,371,,7,0,2,,,"A0",,0
1776574217.000,"861b47","ANA8513 ",24.962906,121.245066,32000,33425,435.6,294,486,0.808,229.66,0.00,-0.70,239.41,234.44,0,0,,269,63,1013.6,32000,,"3253",-34.8,297,186,1,8,1,3,1,2,"A5",,2
1776574222.000,"89902c","TTW247  ",24.994125,121.115875,2350,2500,162.3,,,,48.75,0.03,0.35,,,,-768,,,,1012.0,3008,,"6003",-36.4,102,186,,8,0,2,,,"A0",,0
1776574222.000,"7801dc","CPA543  ",24.850655,121.127118,30000,31400,421.2,291,466,0.772,227.79,,0.18,236.60,231.67,-32,0,,264,54,1013.0,30000,,"6044",-34.1,362,186,,8,0,2,,,"A0",,0
1776574222.000,"84c068","JJP17   ",24.902794,121.168109,28000,29375,388.7,279,430,0.712,229.59,0.00,0.18,237.48,232.53,0,-64,,258,46,1015.0,28000,,"6026",-31.3,297,371,,7,0,2,,,"A0",,0
1776574222.000,"861b47","ANA8513 ",24.956635,121.236979,32000,33425,434.8,295,486,0.808,229.57,-0.03,-0.35,239.24,234.27,0,0,,268,64,1013.6,32000,,"3253",-33.9,359,186,1,8,1,3,1,2,"A5",,2
1776574227.000,"89902c","TTW247  ",24.994125,121.115875,2350,2500,162.3,,,,48.75,0.03,0.35,,,,-768,,,,1012.0,3008,,"6003",-36.4,102,186,,8,0,2,,,"A0",,0
1776574227.000,"7801dc","CPA543  ",24.844620,121.119843,30000,31400,421.2,291,466,0.772,227.79,,0.18,236.60,231.67,-32,0,,264,54,1013.0,30000,,"6044",-34.5,372,186,,8,0,2,,,"A0",,0
1776574227.000,"84c068","JJP17   ",24.897906,121.161787,28000,29350,388.7,279,430,0.712,229.59,-0.03,0.18,237.48,232.54,64,0,,258,46,1015.0,28000,,"6026",-31.2,336,371,,7,0,2,,,"A0",,0
1776574227.000,"861b47","ANA8513 ",24.950089,121.228536,32025,33450,435.6,295,488,0.812,229.66,0.03,0.00,239.24,234.27,0,0,,267,65,1013.6,32000,,"3253",-33.0,445,186,1,8,1,3,1,2,"A5",,2
1776574232.000,"89902c","TTW247  ",24.994125,121.115875,2350,2500,,,,,,0.03,0.35,,,,,,,,1012.0,3008,,"6003",-36.4,102,186,,8,,2,,,"A0",,0
1776574232.000,"7801dc","CPA543  ",24.844620,121.119843,30000,31400,421.2,291,466,0.772,227.79,,0.18,236.60,231.67,-32,0,,264,54,1013.0,30000,,"6044",-34.6,375,186,,8,0,2,,,"A0",,0
1776574232.000,"84c068","JJP17   ",24.891807,121.153962,28000,29350,388.7,279,430,0.712,229.59,0.00,0.18,237.48,232.54,64,0,,258,46,1015.0,28000,,"6026",-31.5,370,371,,7,0,2,,,"A0",,0
1776574232.000,"861b47","ANA8513 ",24.943015,121.219413,32000,33425,434.8,296,488,0.812,229.57,0.00,-0.53,239.24,234.28,0,0,,267,65,1012.8,32000,,"3253",-32.4,532,186,1,8,1,3,1,2,"A5",,2
1776574237.000,"89902c","TTW247  ",24.994125,121.115875,2350,2500,,,,,,,,,,,,,,,1012.0,3008,,,-36.4,102,186,,8,,2,,,"A0",,0
1776574237.000,"7801dc","CPA543  ",24.844620,121.119843,30000,31400,421.2,291,466,0.772,227.79,,0.18,236.60,231.67,-32,0,,264,54,1013.0,30000,,"6044",-34.6,375,186,,8,0,2,,,"A0",,0
1776574237.000,"84c068","JJP17   ",24.885988,121.146448,28000,29350,388.7,279,430,0.712,229.59,0.00,0.18,237.48,232.54,64,0,,258,46,1015.0,28000,,"6026",-33.2,395,371,,7,0,2,,,"A0",,0
1776574237.000,"861b47","ANA8513 ",24.936498,121.211018,32000,33425,434.8,296,488,0.812,229.57,0.00,-0.35,239.24,234.28,0,0,,267,65,1013.6,32000,,"3253",-31.3,622,186,1,8,1,3,1,2,"A5",,2
1776574242.000,"89902c","TTW247  ",24.994125,121.115875,2350,2500,,,,,,,,,,,,,,,1012.0,3008,,,-36.4,102,186,,8,,2,,,"A0",,0
1776574242.000,"7801dc","CPA543  ",24.844620,121.119843,30000,31400,421.2,291,466,0.772,227.79,,0.18,236.60,231.67,-32,0,,264,54,1013.0,30000,,"6044",-34.6,375,186,,8,0,2,,,"A0",,0
1776574242.000,"84c068","JJP17   ",24.881100,121.140125,28000,29350,388.7,279,430,0.712,229.59,-0.09,-0.70,237.48,232.54,64,0,,258,46,1015.0,28000,,"6026",-35.5,437,371,,7,0,2,,,"A0",,0
1776574242.000,"861b47","ANA8513 ",24.929934,121.202571,32000,33425,434.8,296,488,0.812,229.57,-0.03,-0.35,239.24,234.28,0,-32,,267,65,1012.8,32000,,"3253",-31.5,706,186,1,8,1,3,1,2,"A5",,2
1776574247.000,"89902c","TTW247  ",24.994125,121.115875,2350,2500,,,,,,,,,,,,,,,,,,,-36.4,102,186,,8,,2,,,"A0",,0
1776574247.000,"7801dc","CPA543  ",24.844620,121.119843,30000,31400,421.2,291,466,0.772,227.79,,0.18,236.60,231.67,-32,0,,264,54,1013.0,30000,,"6044",-34.6,375,186,,8,0,2,,,"A0",,0
1776574247.000,"84c068","JJP17   ",24.873792,121.130901,28000,29375,389.6,279,430,0.712,228.33,-0.25,-4.75,236.60,231.67,-160,0,,255,46,1015.0,28000,,"6026",-34.9,474,371,,7,0,2,,,"A0",,0
1776574247.000,"861b47","ANA8513 ",24.923789,121.194694,32000,33425,434.8,296,488,0.812,229.57,0.00,-0.18,239.24,234.29,0,0,,267,65,1012.8,32000,,"3253",-30.7,790,186,1,8,1,3,1,2,"A5",,2
1776574252.000,"89902c","TTW247  ",24.994125,121.115875,2350,2500,,,,,,,,,,,,,,,,,,,-36.4,102,186,,8,,2,,,"A0",,0
1776574252.000,"7801dc","CPA543  ",24.844620,121.119843,30000,31400,421.2,291,466,0.772,227.79,,0.18,236.60,231.67,-32,0,,264,54,1013.0,30000,,"6044",-34.6,375,186,,8,0,2,,,"A0",,0
1776574252.000,"84c068","JJP17   ",24.872589,121.129405,28000,29375,389.5,279,430,0.712,228.12,-0.25,-4.75,236.60,231.67,-160,0,,255,46,1015.0,28000,,"6026",-35.8,482,371,,7,0,2,,,"A0",,0
1776574252.000,"861b47","ANA8513 ",24.916855,121.185760,32000,33425,434.8,296,488,0.812,229.57,0.00,-0.18,239.24,234.29,0,32,,268,65,1013.6,32000,,"3253",-30.6,881,186,1,8,1,3,1,2,"A5",,2
1776574257.000,"7801dc","CPA543  ",24.844620,121.119843,30000,31400,421.2,291,466,0.772,227.79,,0.18,236.60,231.67,-32,0,,264,54,1013.0,30000,,"6044",-34.6,375,186,,8,0,2,,,"A0",,0
1776574257.000,"84c068","JJP17   ",24.866959,121.122691,28000,29375,389.8,279,430,0.712,226.56,-0.25,-4.75,236.60,231.67,-160,0,,255,46,1015.0,28000,,"6026",-36.2,487,371,,7,0,2,,,"A0",,0
1776574257.000,"861b47","ANA8513 ",24.910492,121.177470,32000,33425,434.8,295,488,0.812,229.57,0.03,-0.18,239.24,234.29,0,0,,268,65,1012.8,32000,,"3253",-30.1,971,186,1,8,1,3,1,2,"A5",,2
1776574262.000,"7801dc","CPA543  ",24.844620,121.119843,30000,31400,421.2,291,466,0.772,227.79,,0.18,236.60,231.67,-32,0,,264,54,1013.0,30000,,"6044",-34.6,375,186,,8,0,2,,,"A0",,0
1776574262.000,"84c068","JJP17   ",24.866959,121.122691,28000,29375,389.8,279,430,0.712,226.56,-0.25,-4.75,236.60,231.67,-160,0,,255,46,1015.0,28000,,"6026",-36.4,489,371,,7,0,2,,,"A0",,0
1776574262.000,"861b47","ANA8513 ",24.903818,121.168887,32000,33425,435.6,296,488,0.812,229.66,0.00,-0.35,239.24,234.29,0,0,,267,64,1013.6,32000,,"3253",-29.1,1043,186,1,8,1,3,1,2,"A5",,2
1776574267.000,"7801dc","CPA543  ",24.844620,121.119843,30000,31400,421.2,291,466,0.772,227.79,,0.18,236.60,231.67,-32,0,,264,54,1013.0,30000,,"6044",-34.6,375,186,,8,0,2,,,"A0",,0
1776574267.000,"84c068","JJP17   ",24.866959,121.122691,28000,29375,391.9,279,430,0.712,223.55,-0.25,-4.75,236.60,231.67,-160,0,,255,46,1015.0,28000,,"6026",-36.6,497,371,,7,0,2,,,"A0",,0
1776574267.000,"861b47","ANA8513 ",24.897400,121.160634,32000,33425,434.8,296,488,0.812,229.57,0.00,-0.70,239.06,234.12,0,0,,266,64,1012.8,32000,,"3253",-29.7,1125,186,1,8,1,3,1,2,"A5",,2
1776574272.000,"84c068","JJP17   ",24.847536,121.101310,28000,29375,391.9,279,430,0.712,223.55,-0.25,-4.75,236.60,231.67,-160,0,,255,46,1015.0,28000,,"6026",-36.5,498,371,,7,0,2,,,"A0",,0
1776574272.000,"7801dc","CPA543  ",24.844620,121.119843,30000,31400,421.2,,466,,227.79,,0.18,,,,0,,,,1013.0,30000,,"6044",-34.6,375,186,,8,0,2,,,"A0",,0
1776574272.000,"861b47","ANA8513 ",24.890876,121.152200,32000,33425,434.8,297,488,0.816,229.57,-0.03,-0.35,239.24,234.30,0,32,,268,65,1012.8,32000,,"3253",-30.9,1203,186,1,8,1,3,1,2,"A5",,2
1776574277.000,"899124","EVA6002 ",24.970201,121.080737,3025,3200,184.5,170,182,0.272,73.63,,-11.95,74.71,69.74,-256,-256,,330,13,1012.0,3008,,,-35.1,52,186,1,10,2,3,2,2,"A5",,2
1776574277.000,"84c068","JJP17   ",24.847536,121.101310,28000,29375,391.9,279,430,0.712,223.55,-0.25,-4.75,236.60,231.67,-160,0,,255,46,1015.0,28000,,"6026",-36.8,501,371,,7,0,2,,,"A0",,0
1776574277.000,"7801dc","CPA543  ",24.844620,121.119843,30000,31400,421.2,,466,,227.79,,0.18,,,,0,,,,,,,"6044",-34.6,375,186,,8,0,2,,,"A0",,0
1776574277.000,"861b47","ANA8513 ",24.884080,121.143442,32000,33425,434.8,296,488,0.812,229.57,0.03,-0.18,239.24,234.30,0,-32,,268,65,1013.6,32000,,"3253",-32.4,1285,186,1,8,1,3,1,2,"A5",,2
1776574282.000,"899124","EVA6002 ",24.971365,121.084053,3025,3200,178.6,170,180,0.272,65.87,,-13.89,74.71,69.74,-256,-256,,330,13,1012.0,3008,,"0706",-36.4,82,186,1,10,2,3,2,2,"A5",,2
1776574282.000,"84c068","JJP17   ",24.847536,121.101310,28000,29375,391.9,279,430,0.712,223.55,-0.25,-4.75,236.60,231.67,-160,0,,255,46,1015.0,28000,,"6026",-36.8,501,371,,7,0,2,,,"A0",,0
1776574282.000,"7801dc","CPA543  ",24.844620,121.119843,30000,31400,,,,,,,,,,,,,,,,,,"6044",-34.6,375,186,,8,,2,,,"A0",,0
1776574282.000,"861b47","ANA8513 ",24.877795,121.135409,32000,33425,434.8,297,488,0.816,229.57,0.00,-0.18,239.24,234.30,0,32,,268,65,1012.8,32000,,"3253",-33.8,1351,186,1,8,1,3,1,2,"A5",,2
1776574287.000,"899124","EVA6002 ",24.973786,121.088977,3000,3175,176.0,170,178,0.272,58.48,,-14.24,74.71,69.74,-320,-256,,330,13,1012.0,3008,,"0706",-36.3,108,186,1,10,2,3,2,2,"A5",,2
1776574287.000,"84c068","JJP17   ",24.847536,121.101310,28000,29375,391.9,279,430,0.712,223.55,-0.25,-4.75,236.60,231.67,-160,0,,255,46,1015.0,28000,,"6026",-36.8,501,371,,7,0,2,,,"A0",,0
1776574287.000,"861b47","ANA8513 ",24.871371,121.127118,32000,33425,434.8,296,488,0.812,229.57,0.00,-0.18,239.24,234.30,0,0,,268,65,1013.6,32000,,"3253",-35.4,1413,186,1,8,1,3,1,2,"A5",,2
1776574292.000,"899124","EVA6002 ",24.974213,121.089681,3000,3175,175.3,166,178,0.264,57.58,,-14.24,58.71,53.75,-384,-320,,330,13,1012.0,3008,,"0706",-37.1,118,186,1,10,2,3,2,2,"A5",,2
1776574292.000,"84c068","JJP17   ",24.847536,121.101310,28000,29375,391.9,279,430,0.712,223.55,-0.25,-4.75,236.60,231.67,-160,0,,255,46,1015.0,28000,,"6026",-36.8,501,371,,7,0,2,,,"A0",,0
1776574292.000,"861b47","ANA8513 ",24.864574,121.118360,32000,33425,435.6,296,488,0.812,229.66,0.00,-0.18,239.24,234.31,0,0,,268,64,1013.6,32000,,"3253",-35.6,1460,186,1,8,1,3,1,2,"A5",,2
1776574297.000,"899124","EVA6002 ",24.974213,121.089681,3000,3175,175.3,166,178,0.264,57.58,,-14.24,58.71,53.75,-384,-320,,330,13,1012.0,3008,,"0706",-37.1,118,186,1,10,2,3,2,2,"A5",,2
1776574297.000,"84c068","JJP17   ",24.847536,121.101310,28000,29375,391.9,279,430,0.712,223.55,-0.25,-4.75,236.60,231.67,-160,0,,255,46,1015.0,28000,,"6026",-36.8,501,371,,7,0,2,,,"A0",,0
1776574297.000,"861b47","ANA8513 ",24.863388,121.116842,32000,33425,435.6,296,488,0.812,229.66,0.00,-0.18,239.24,234.31,0,0,,268,64,1013.6,32000,,"3253",-36.7,1485,186,1,8,1,3,1,2,"A5",,2
1776574302.000,"899124","EVA6002 ",24.974213,121.089681,3000,3175,175.3,166,178,0.264,57.58,,-14.24,58.71,53.75,-384,-320,,330,13,1012.0,3008,,"0706",-37.1,118,186,1,10,2,3,2,2,"A5",,2
1776574302.000,"84c068","JJP17   ",24.847536,121.101310,28000,29375,391.9,279,430,0.712,223.55,-0.25,-4.75,236.60,231.67,-160,0,,255,46,1015.0,28000,,"6026",-36.8,501,371,,7,0,2,,,"A0",,0
1776574302.000,"861b47","ANA8513 ",24.855171,121.106233,32000,33425,435.6,296,488,0.812,229.66,0.00,-0.18,239.24,234.31,0,0,,268,64,1013.6,32000,,"3253",-37.5,1490,186,1,8,1,3,1,2,"A5",,2
1776574307.001,"899124","EVA6002 ",24.974213,121.089681,3000,3175,175.3,166,178,0.264,57.58,,-14.24,58.71,53.75,-384,-320,,330,13,1012.0,3008,,"0706",-37.1,118,186,1,10,2,3,2,2,"A5",,2
1776574307.001,"84c068","JJP17   ",24.847536,121.101310,28000,29375,391.9,,,,223.55,,,,,,0,,,,1015.0,28000,,"6026",-36.8,501,371,,7,0,2,,,"A0",,0
1776574307.001,"861b47","ANA8513 ",24.855171,121.106233,32000,33425,435.6,296,488,0.812,229.66,0.00,-0.18,239.24,234.31,0,0,,268,64,1013.6,32000,,"3253",-37.9,1493,186,1,8,1,3,1,2,"A5",,2
1776574312.000,"899124","EVA6002 ",24.974213,121.089681,3000,3175,175.3,166,178,0.264,57.58,,-14.24,58.71,53.75,-384,-320,,330,13,1012.0,3008,,"0706",-37.1,118,186,1,10,2,3,2,2,"A5",,2
1776574312.000,"84c068","JJP17   ",24.847536,121.101310,28000,29375,391.9,,,,223.55,,,,,,0,,,,1015.0,28000,,"6026",-36.8,501,371,,7,0,2,,,"A0",,0
1776574312.000,"861b47","ANA8513 ",24.855171,121.106233,32000,33425,435.6,296,488,0.812,229.66,0.00,-0.18,239.24,234.31,0,0,,268,64,1013.6,32000,,"3253",-38.2,1495,186,1,8,1,3,1,2,"A5",,2
1776574317.000,"899124","EVA6002 ",24.974213,121.089681,3000,3175,175.3,166,178,0.264,57.58,,-14.24,58.71,53.75,-384,-320,,330,13,1012.0,3008,,"0706",-37.1,118,186,1,10,2,3,2,2,"A5",,2
1776574317.000,"84c068","JJP17   ",24.847536,121.101310,28000,29375,391.9,,,,223.55,,,,,,0,,,,,,,"6026",-36.8,501,371,,7,0,2,,,"A0",,0
1776574317.000,"861b47","ANA8513 ",24.855171,121.106233,32000,33425,435.6,296,488,0.812,229.66,0.00,-0.18,239.24,234.31,0,0,,268,64,1013.6,32000,,"3253",-38.2,1495,186,1,8,1,3,1,2,"A5",,2
1776574322.000,"899124","EVA6002 ",24.974213,121.089681,3000,3175,175.3,166,178,0.264,57.58,,-14.24,58.71,53.75,-384,-320,,330,13,1012.0,3008,,"0706",-37.1,118,186,1,10,2,3,2,2,"A5",,2
1776574322.000,"84c068","JJP17   ",24.847536,121.101310,28000,29375,391.9,,,,223.55,,,,,,0,,,,,,,"6026",-36.8,501,371,,7,0,2,,,"A0",,0
1776574322.000,"861b47","ANA8513 ",24.855171,121.106233,32000,33425,435.6,296,488,0.812,229.66,0.00,-0.18,239.24,234.31,0,0,,268,64,1013.6,32000,,"3253",-38.2,1495,186,1,8,1,3,1,2,"A5",,2
1776574327.000,"899124","EVA6002 ",24.974213,121.089681,3000,3175,175.3,166,178,0.264,57.58,,-14.24,58.71,53.75,-384,-320,,330,13,1012.0,3008,,"0706",-37.1,118,186,1,10,2,3,2,2,"A5",,2
1776574327.000,"84c068","JJP17   ",24.847536,121.101310,28000,29375,391.9,,,,223.55,,,,,,0,,,,,,,"6026",-36.8,501,371,,7,0,2,,,"A0",,0
1776574327.000,"861b47","ANA8513 ",24.855171,121.106233,32000,33425,435.6,296,488,0.812,229.66,0.00,-0.18,239.24,234.31,0,0,,268,64,1013.6,32000,,"3253",-38.2,1495,186,1,8,1,3,1,2,"A5",,2
1776574332.000,"899124","EVA6002 ",24.974213,121.089681,3000,3175,175.3,166,178,0.264,57.58,,-14.24,58.71,53.75,-384,-320,,330,13,1012.0,3008,,"0706",-37.1,118,186,1,10,2,3,2,2,"A5",,2
1776574332.000,"861b47","ANA8513 ",24.855171,121.106233,32000,33425,435.6,296,488,0.812,229.66,0.00,-0.18,239.24,234.31,0,0,,268,64,1013.6,32000,,"3253",-38.2,1495,186,1,8,1,3,1,2,"A5",,2
1776574337.000,"899124","EVA6002 ",24.974213,121.089681,3000,3175,175.3,166,178,0.264,57.58,,-14.24,58.71,53.75,-384,-320,,,,1012.0,3008,,"0706",-37.1,118,186,1,10,2,3,2,2,"A5",,2
1776574337.000,"861b47","ANA8513 ",24.855171,121.106233,32000,33425,435.6,296,488,0.812,229.66,0.00,-0.18,239.24,234.31,0,0,,268,64,1013.6,32000,,"3253",-38.2,1495,186,1,8,1,3,1,2,"A5",,2
1776574342.000,"899124","EVA6002 ",24.974213,121.089681,3000,3175,175.3,166,178,0.264,57.58,,-14.24,58.71,53.75,-384,-320,,,,1012.0,3008,,"0706",-37.1,118,186,1,10,2,3,2,2,"A5",,2
1776574342.000,"861b47","ANA8513 ",24.855171,121.106233,32000,33425,435.6,296,488,0.812,229.66,0.00,-0.18,239.24,234.31,0,0,,268,64,1013.6,32000,,"3253",-38.2,1495,186,1,8,1,3,1,2,"A5",,2
1776574347.000,"8991db","N/A",24.944458,120.993002,3725,3925,192.5,,,,80.73,,,,,-512,,,,,1012.0,3008,,,-36.5,11,186,1,8,1,2,,,,,0
1776574347.000,"899124","EVA6002 ",24.974213,121.089681,3000,3175,175.3,166,,0.264,57.58,,,58.71,53.75,-384,-320,,,,,,,,-37.1,118,186,1,10,2,3,2,2,"A5",,2
1776574347.000,"861b47","ANA8513 ",24.855171,121.106233,32000,33425,435.6,296,488,0.812,229.66,0.00,-0.18,239.24,234.31,0,0,,268,64,1013.6,32000,,"3253",-38.2,1495,186,1,8,1,3,1,2,"A5",,2
1776574352.000,"8991db","N/A",24.945511,121.000061,3675,3875,192.7,,,,80.44,,,,,-512,,,,,1012.0,3008,,,-36.5,15,186,1,8,1,2,,,,,0
1776574352.000,"861b47","ANA8513 ",24.855171,121.106233,32000,33425,435.6,,488,,229.66,0.00,-0.18,,,0,,,268,64,,,,"3253",-38.2,1495,186,,,1,,,,"A5",,2
1776574357.000,"8991db","N/A",24.945511,121.000061,3675,3875,192.7,,,,80.44,,,,,-512,,,,,1012.0,3008,,,-36.5,15,186,1,8,1,2,,,,,0
1776574357.000,"861b47","ANA8513 ",24.855171,121.106233,32000,33425,,,,,,,,,,,,,,,,,,"3253",-38.2,1495,186,,,,,,,"A5",,2
1776574362.000,"8991db","N/A",24.946646,121.007564,3600,3800,192.7,,,,80.44,,,,,-512,,,,,1012.0,3008,,,-37.3,19,186,1,8,1,2,,,,,0
1776574367.000,"8991db","N/A",24.946646,121.007564,3600,3800,192.7,,,,80.44,,,,,-512,,,,,1012.0,3008,,,-37.4,21,186,1,9,1,3,1,2,,,2
1776574372.000,"8991db","N/A",24.946646,121.007564,3600,3800,192.7,,,,80.44,,,,,-512,,,,,1012.0,3008,,,-37.4,21,186,1,9,1,3,1,2,,,2
1776574377.000,"8991db","N/A",24.946646,121.007564,3600,3800,192.7,,,,80.44,,,,,-512,,,,,1012.0,3008,,,-37.4,21,186,1,9,1,3,1,2,,,2
1776574382.000,"8991db","N/A",24.946646,121.007564,3600,3800,192.7,,,,80.44,,,,,-512,,,,,1012.0,3008,,,-37.4,21,186,1,9,1,3,1,2,,,2
1776574387.000,"8991db","N/A",24.950696,121.033993,3375,3550,194.5,,,,80.83,,,,,-512,,,,,1012.0,3008,,,-36.1,27,186,1,9,1,3,1,2,,,2
1776574392.000,"8991db","N/A",24.951004,121.036123,3350,3525,192.5,,,,80.73,,,,,-512,,,,,1012.0,3008,,,-36.7,36,186,1,9,1,3,1,2,,,2
1776574397.000,"8991db","SJX234  ",24.951004,121.036123,3350,3525,189.4,,,,80.89,,,,,-512,,,,,1012.0,3008,,"3335",-36.8,44,186,1,9,1,3,1,2,"A3",,2
1776574402.000,"8991db","SJX234  ",24.952927,121.048991,3250,3425,189.4,,,,80.89,,,,,-512,,,,,1012.0,3008,,"3335",-37.0,53,186,1,9,1,3,1,2,"A3",,2
1776574407.000,"8991db","SJX234  ",24.953443,121.052701,3200,3375,181.3,,,,80.80,,,,,-512,,,,,1012.0,3008,,"3335",-35.6,66,186,1,9,1,3,1,2,"A3",,2
1776574412.000,"8991db","SJX234  ",24.954254,121.057536,3150,3325,178.5,164,176,0.264,80.33,-1.47,-13.01,79.98,75.02,-576,-576,,,,1012.0,3008,,"3335",-36.4,92,186,1,9,1,3,1,2,"A3",,2
1776574417.000,"8991db","SJX234  ",24.955490,121.062012,3100,3275,174.3,161,172,0.256,73.33,-1.50,-13.71,73.30,68.34,-576,-544,,331,17,1012.0,3008,,"3335",-35.7,153,186,1,9,1,3,1,2,"A3",,2
1776574422.000,"8991db","SJX234  ",24.956794,121.065294,3075,3250,168.2,158,172,0.252,64.65,-1.50,-13.71,67.85,62.89,-320,-480,,331,17,1012.0,3008,,"3335",-35.9,188,186,1,9,1,3,1,2,"A3",,2
1776574427.000,"8991db","SJX234  ",24.958969,121.069489,3050,3225,164.6,158,164,0.252,58.92,-0.53,-8.26,67.85,62.89,-128,-480,,331,17,1012.0,3008,,"3335",-35.2,232,186,1,9,1,3,1,2,"A3",,2
1776574432.000,"8991db","SJX234  ",24.961212,121.073049,3050,3200,162.3,152,164,0.244,55.04,-0.53,-8.26,58.18,53.22,-64,-128,,331,17,1012.0,3008,,"3335",-35.3,273,186,1,9,1,3,1,2,"A3",,2
1776574437.000,"8991db","SJX234  ",24.963405,121.076280,3050,3200,160.8,152,162,0.244,53.34,0.88,-3.52,55.72,50.76,-64,-32,,325,8,1012.0,3008,,"3335",-34.7,346,186,1,9,1,3,1,2,"A3",,2
1776574442.000,"8991db","SJX234  ",24.965744,121.079458,3050,3200,160.7,153,164,0.244,51.06,-0.22,-1.23,53.61,48.65,-64,-64,,347,9,1012.0,3008,,"3335",-34.1,423,186,1,9,1,3,1,2,"A3",,2
1776574447.000,"8991db","SJX234  ",24.968153,121.082706,3025,3175,161.3,154,164,0.244,50.79,-0.50,-0.18,53.44,48.47,-64,-32,,342,7,1012.0,3008,,"3335",-35.9,494,186,1,9,1,3,1,2,"A3",,2
1776574452.000,"8991db","SJX234  ",24.970596,121.085917,3025,3175,162.0,154,164,0.248,50.51,-0.47,0.00,53.44,48.47,-256,-256,,339,6,1012.0,3008,,"3335",-34.4,551,186,1,9,1,3,1,2,"A3",,2
1776574457.000,"8991db","SJX234  ",24.972977,121.089071,3000,3150,160.4,152,162,0.244,50.06,0.00,-1.58,52.91,47.95,-384,-288,,335,8,1012.0,3008,,"3335",-34.2,638,186,1,9,1,3,1,2,"A3",,2
1776574462.000,"8991db","SJX234  ",24.975403,121.092173,2950,3100,161.0,154,164,0.244,49.28,-0.09,-0.70,52.38,47.42,-704,-640,,350,7,1012.0,3008,,"3335",-34.4,690,186,1,9,1,3,1,2,"A3",,2
1776574467.000,"8991db","SJX234  ",24.977789,121.095195,2900,3050,158.8,149,162,0.236,49.09,0.84,0.88,51.86,46.89,-512,-480,,345,7,1012.0,3008,,"3335",-34.8,753,186,1,9,1,3,1,2,"A3",,2
1776574472.000,"8991db","SJX234  ",24.979977,121.097994,2850,3000,153.2,147,156,0.232,49.24,0.09,-0.18,51.86,46.89,-768,-640,,331,6,1012.0,3008,,"3335",-34.6,791,186,1,9,1,3,1,2,"A3",,2
1776574477.000,"8991db","SJX234  ",24.981793,121.100274,2800,2950,152.4,147,156,0.232,48.99,0.19,-0.53,51.86,46.89,-896,-896,,342,7,1012.0,3008,,"3335",-35.8,821,186,1,9,1,3,1,2,"A3",,2
1776574482.000,"8991db","SJX234  ",24.984633,121.103901,2700,2850,151.0,145,156,0.232,49.03,0.19,-0.53,52.38,47.41,-832,-800,,342,7,1012.0,3008,,"3335",-35.0,845,186,1,9,1,3,1,2,"A3",,2
1776574487.000,"8991db","SJX234  ",24.986914,121.106752,2650,2800,151.0,145,156,0.232,49.03,0.19,-0.53,52.03,47.06,-832,-832,,342,7,1012.0,3008,,"3335",-35.8,876,186,1,8,1,3,1,2,"A3",,2
1776574492.000,"8991db","SJX234  ",24.988678,121.109009,2600,2750,150.2,144,156,0.228,48.78,0.19,-0.53,51.86,46.88,-768,-800,,342,7,1012.0,3008,,"3335",-35.7,896,186,1,8,1,3,1,2,"A3",,2
1776574498.000,"8991db","SJX234  ",24.991791,121.112976,2500,2650,145.3,144,156,0.228,49.18,0.19,-0.53,51.86,46.88,-832,-800,,342,7,1012.0,3008,,"3335",-36.3,919,186,1,9,1,3,1,2,"A3",,2
1776574503.000,"8991db","SJX234  ",24.993943,121.115665,2425,2575,142.4,136,156,0.216,48.70,0.19,-0.53,52.56,47.58,-768,-800,,342,7,1012.0,3008,,"3335",-34.5,938,186,1,9,1,3,1,2,"A3",,2
1776574508.000,"899071","EVA109  ",24.953522,121.032410,3000,3175,186.3,,,,108.14,,,,,-384,,,,,1012.0,2016,,,-36.7,27,186,1,8,1,2,,,"A3",,0
1776574508.000,"8991db","SJX234  ",24.996094,121.118418,2375,2500,141.1,136,156,0.216,49.31,0.19,-0.53,52.56,47.58,-704,-800,,342,7,1012.0,3008,,"3335",-35.2,974,186,1,9,1,3,1,2,"A3",,2
1776574513.000,"899071","EVA109  ",24.953522,121.032410,3000,3175,183.7,,,,95.00,,,,,-320,,,,,1012.0,2016,,,-37.2,30,186,1,8,1,2,,,"A3",,0
1776574513.000,"8991db","SJX234  ",24.998245,121.121114,2300,2425,140.4,135,156,0.212,49.04,0.19,-0.53,53.26,48.29,-704,-736,,,,1012.0,3008,,"3335",-36.1,994,186,1,9,1,3,1,2,"A3",,2
1776574518.000,"899071","EVA109  ",24.953303,121.042337,2950,3125,181.8,,,,84.63,,,,,-192,,,,,1012.0,2016,,,-35.8,48,186,1,9,1,3,1,2,"A3",,2
1776574518.000,"8991db","SJX234  ",25.000488,121.123962,2250,2375,140.4,135,156,0.212,49.04,0.19,-0.53,53.26,48.29,-704,-736,,,,1012.0,3008,,"3335",-36.4,1018,186,1,9,1,3,1,2,"A3",,2
1776574523.000,"899071","EVA109  ",24.954048,121.046793,2925,3100,181.3,,,,80.80,,,,,-256,,,,,1012.0,2016,,,-36.7,55,186,1,9,1,3,1,2,"A3",,2
1776574523.000,"8991db","SJX234  ",25.001810,121.125615,2200,2325,140.4,135,156,0.212,49.04,0.19,-0.53,53.26,48.29,-832,-736,,,,1012.0,3008,,"3335",-37.2,1024,186,1,9,1,3,1,2,"A3",,2
1776574528.000,"899071","EVA109  ",24.955032,121.052094,2900,3075,178.9,,,,78.06,,,,,-320,,,,,1012.0,2016,,,-35.3,73,186,1,9,1,3,1,2,"A3",,2
1776574528.000,"8991db","SJX234  ",25.003555,121.127879,2150,2275,140.4,135,156,0.212,49.04,0.19,-0.53,53.26,48.29,-832,-736,,,,1012.0,3008,,"3335",-37.7,1026,186,1,9,1,3,1,2,"A3",,2
1776574533.000,"899071","EVA109  ",24.955770,121.055603,2875,3050,177.1,,,,77.61,,,,,-320,,,,,1012.0,2016,,"3221",-35.4,101,186,1,9,1,3,1,2,"A3",,2
1776574533.000,"8991db","SJX234  ",25.003555,121.127879,2150,2275,140.4,135,156,0.212,49.04,0.19,-0.53,53.26,48.29,-832,-736,,,,1012.0,3008,,"3335",-37.7,1026,186,1,9,1,3,1,2,"A3",,2
1776574538.000,"899071","EVA109  ",24.956772,121.060740,2850,3025,173.2,,,,77.33,,,,,-320,,,,,1012.0,2016,,"3221",-35.0,129,186,1,9,1,3,1,2,"A3",,2
1776574538.000,"8991db","SJX234  ",25.003555,121.127879,2150,2275,140.4,135,,0.212,49.04,,,53.26,48.29,-832,-736,,,,1012.0,3008,,"3335",-37.7,1026,186,1,9,1,3,1,2,"A3",,2
1776574543.000,"899071","EVA109  ",24.957632,121.064827,2825,3000,171.3,161,,0.256,77.18,,,79.63,74.67,-320,-352,,,,1012.0,2016,,"3221",-34.5,158,186,1,9,1,3,1,2,"A3",,2
1776574543.000,"8991db","SJX234  ",25.003555,121.127879,2150,2275,140.4,135,,0.212,49.04,,,53.26,48.29,-832,-736,,,,1012.0,3008,,"3335",-37.7,1026,186,1,9,1,3,1,2,"A3",,2
1776574548.000,"899071","EVA109  ",24.958466,121.068776,2800,2975,170.1,161,,0.256,77.43,,,79.63,74.67,-320,-352,,,,1012.0,2016,,"3221",-33.8,188,186,1,9,1,3,1,2,"A3",,2
1776574548.000,"8991db","SJX234  ",25.003555,121.127879,2150,2275,140.4,135,,0.212,49.04,,,53.26,48.29,-832,-736,,,,1012.0,3008,,"3335",-37.7,1026,186,1,9,1,3,1,2,"A3",,2
1776574553.000,"899071","EVA109  ",24.959401,121.073482,2775,2950,169.1,157,166,0.248,77.36,0.03,0.53,79.45,74.49,-320,-288,,326,9,1012.0,2016,,"3221",-33.7,224,186,1,9,1,3,1,2,"A3",,2
1776574553.000,"8991db","SJX234  ",25.003555,121.127879,2150,2275,140.4,135,,0.212,49.04,,,53.26,48.29,-832,-736,,,,1012.0,3008,,"3335",-37.7,1026,186,1,9,1,3,1,2,"A3",,2
1776574558.000,"899071","EVA109  ",24.960239,121.077628,2725,2900,167.9,156,166,0.248,77.62,0.16,0.18,79.80,74.84,-320,-352,,329,7,1012.0,2016,,"3221",-33.3,260,186,1,9,1,3,1,2,"A3",,2
1776574558.000,"8991db","SJX234  ",25.003555,121.127879,2150,2275,140.4,135,,0.212,49.04,,,53.26,48.29,-832,-736,,,,1012.0,3008,,"3335",-37.7,1026,186,1,9,1,3,1,2,"A3",,2
1776574563.000,"4d0103","CLX9006 ",24.943899,120.988079,4125,4350,195.9,179,,0.292,135.62,,,139.92,136.06,-896,-1056,,,,1012.0,3008,,"1321",-36.2,44,186,1,9,2,3,2,2,"A5",,2
1776574563.000,"899071","EVA109  ",24.960938,121.081048,2725,2900,166.9,156,166,0.248,77.55,-0.03,-0.18,79.80,74.84,-256,-320,,339,8,1012.0,2016,,"3221",-33.1,292,186,1,9,1,3,1,2,"A3",,2
1776574563.000,"8991db","SJX234  ",25.003555,121.127879,2150,2275,140.4,135,,0.212,49.04,,,53.26,48.29,-832,-736,,,,1012.0,3008,,"3335",-37.7,1026,186,1,9,1,3,1,2,"A3",,2
1776574563.000,"872885","N/A",25.049620,121.357779,30000,31425,422.9,296,470,0.780,229.80,0.00,0.18,238.36,234.49,0,0,,,,1012.8,30016,,,-38.0,61,186,1,8,1,2,,,,,0
1776574568.000,"4d0103","CLX9006 ",24.943899,120.988079,4125,4350,194.5,179,,0.292,135.63,,,139.92,136.06,-896,-1056,,,,1012.0,3008,,"1321",-36.4,45,186,1,9,2,3,2,2,"A5",,2
1776574568.000,"899071","EVA109  ",24.961807,121.085307,2700,2875,165.0,156,164,0.248,77.40,-0.03,0.00,79.63,74.67,-320,-256,,339,8,1012.0,2016,,"3221",-33.5,327,186,1,9,1,3,1,2,"A3",,2
1776574568.000,"8991db","SJX234  ",25.003555,121.127879,2150,2275,140.4,135,,0.212,49.04,,,53.26,48.29,-832,-736,,,,1012.0,3008,,"3335",-37.7,1026,186,1,9,1,3,1,2,"A3",,2
1776574568.000,"872885","N/A",25.049620,121.357779,30000,31425,422.9,296,470,0.780,229.80,0.00,0.18,238.36,234.49,64,0,,,,1012.8,30016,,,-37.6,71,186,1,9,1,3,,,,,0
1776574573.000,"4d0103","CLX9006 ",24.936859,120.995636,3975,4200,194.5,179,,0.292,135.63,,,139.92,136.06,-896,-1056,,,,1012.0,3008,,"1321",-36.3,57,186,1,9,2,3,2,2,"A5",,2
1776574573.000,"899071","EVA109  ",24.962706,121.089909,2675,2850,165.0,154,164,0.244,77.40,0.03,0.00,79.63,74.67,-320,-320,,339,8,1012.0,2016,,"3221",-33.5,367,186,1,9,1,3,1,2,"A3",,2
1776574573.000,"8991db","SJX234  ",25.003555,121.127879,2150,2275,140.4,,,,49.04,,,,,-832,,,,,1012.0,3008,,"3335",-37.7,1026,186,1,9,1,3,,,"A3",,2
1776574573.000,"872885","N/A",25.049620,121.357779,30000,31425,422.9,296,470,0.780,229.80,0.00,0.18,238.36,234.49,64,0,,,,1012.8,30016,,,-37.1,90,186,1,9,1,3,,,,,0
1776574578.000,"4d0103","CLX9006 ",24.936859,120.995636,3975,4200,194.5,179,,0.292,135.63,,,139.92,136.06,-896,-1056,,,,1012.0,3008,,"1321",-36.2,58,186,1,9,2,3,2,2,"A5",,2
1776574578.000,"899071","EVA109  ",24.963638,121.094003,2625,2800,165.7,153,162,0.244,76.38,-0.56,-2.99,79.63,74.67,-320,-320,,325,8,1012.0,2016,,"3221",-33.9,411,186,1,9,1,3,1,2,"A3",,2
1776574578.000,"8991db","SJX234  ",25.003555,121.127879,2150,2275,140.4,,,,49.04,,,,,-832,,,,,,,,,-37.7,1026,186,,,1,,,,"A3",,2
1776574578.000,"872885","N/A",25.030746,121.333262,30025,31450,422.9,296,470,0.780,229.80,0.00,0.18,238.36,234.49,0,0,,,,1012.8,30016,,,-37.6,102,186,1,8,1,2,,,,,0
1776574583.000,"4d0103","CLX9006 ",24.931229,121.002757,3850,4075,194.5,179,,0.292,135.63,,,139.92,136.06,-896,-1056,,,,1012.0,3008,,"1321",-36.4,61,186,1,9,2,3,2,2,"A5",,2
1776574583.000,"899071","EVA109  ",24.964848,121.097735,2600,2775,164.6,154,162,0.244,69.36,-1.44,-13.18,73.65,68.69,-320,-352,,332,19,1012.0,2016,,"3221",-33.4,447,186,1,9,1,3,1,2,"A3",,2
1776574583.000,"8991db","SJX234  ",25.003555,121.127879,2150,2275,,,,,,,,,,,,,,,,,,,-37.7,1026,186,,,,,,,"A3",,2
1776574583.000,"872885","N/A",25.030746,121.333262,30025,31450,422.9,297,470,0.784,229.80,0.00,0.18,238.71,233.72,0,0,,,,1012.8,30016,,,-37.6,112,186,1,8,1,2,,,,,0
1776574588.000,"4d0103","CLX9006 ",24.929260,121.007029,3800,4025,194.5,179,,0.292,135.63,,,139.92,136.06,-896,-1056,,,,1012.0,3008,,"1321",-36.3,62,186,1,9,2,3,2,2,"A5",,2
1776574588.000,"899071","EVA109  ",24.966614,121.101532,2575,2725,164.2,154,162,0.244,62.03,-1.41,-11.78,65.57,60.60,-320,-320,,324,17,1012.0,2016,,"3221",-33.1,490,186,1,9,1,3,1,2,"A3",,2
1776574588.000,"872885","N/A",25.030746,121.333262,30025,31450,422.9,297,470,0.784,229.80,0.00,0.18,238.71,233.72,0,0,,,,1012.8,30016,,,-37.7,121,186,1,9,1,3,,,,,0
1776574593.000,"4d0103","CLX9006 ",24.929260,121.007029,3800,4025,194.5,179,,0.292,135.63,,,139.92,136.06,-896,-1056,,,,1012.0,3008,,"1321",-36.3,62,186,1,9,2,3,2,2,"A5",,2
1776574593.000,"899071","EVA109  ",24.968582,121.104991,2550,2700,163.7,154,162,0.244,57.48,-0.88,-7.73,60.64,55.68,-256,-320,,323,15,1012.0,2016,,"3221",-33.9,530,186,1,9,1,3,1,2,"A3",,2
1776574593.000,"872885","N/A",25.010513,121.306966,30025,31450,422.9,297,470,0.784,229.80,0.00,0.18,238.71,233.72,0,0,,,,1012.8,30016,,,-37.5,131,186,1,8,1,2,,,,,0
1776574598.000,"4d0103","CLX9006 ",24.928070,121.017710,3700,3900,187.1,173,,0.280,88.47,,,91.41,86.46,-256,-256,,,,1012.0,3008,,"1321",-34.7,79,186,1,9,2,3,1,2,"A5",,2
1776574598.000,"899071","EVA109  ",24.970871,121.108500,2550,2700,162.6,154,162,0.244,54.26,-0.59,-5.27,56.95,51.99,-320,-256,,319,13,1012.0,2016,,"3221",-34.1,571,186,1,9,1,3,1,2,"A3",,2
1776574598.000,"872885","N/A",25.010513,121.306966,30025,31450,422.9,297,470,0.784,229.80,0.00,0.00,238.71,233.72,0,0,,,,1012.8,30016,,"3721",-37.6,133,186,1,8,1,2,,,,,0
1776574603.000,"4d0103","CLX9006 ",24.928211,121.019794,3700,3900,187.1,173,,0.280,88.47,,,91.41,86.46,-256,-256,,,,1012.0,3008,,"1321",-35.7,82,186,1,9,2,3,1,2,"A5",,2
1776574603.000,"899071","EVA109  ",24.972839,121.111348,2525,2675,163.4,153,162,0.240,52.71,-0.50,-2.99,55.37,50.40,-320,-320,,320,10,1012.0,2016,,"3221",-32.6,602,186,1,9,1,3,1,2,"A3",,2
1776574603.000,"872885","N/A",25.010513,121.306966,30025,31450,422.9,297,470,0.784,229.80,0.00,0.00,238.71,233.72,0,0,,,,1012.8,30016,,"3721",-37.9,138,186,1,8,1,2,,,,,0
1776574608.000,"4d0103","CLX9006 ",24.928211,121.019794,3700,3900,187.1,173,,0.280,88.47,,,91.41,86.46,-256,-256,,,,1012.0,3008,,"1321",-35.7,82,186,1,9,2,3,1,2,"A5",,2
1776574608.000,"899071","EVA109  ",24.975182,121.114577,2500,2650,162.9,155,164,0.244,51.23,-0.28,-2.11,53.96,49.00,-256,-288,,327,8,1012.0,2016,,"3221",-33.5,644,186,1,9,1,3,1,2,"A3",,2
1776574608.000,"872885","APJ31   ",24.989685,121.280060,30025,31450,422.9,297,470,0.784,229.80,0.00,0.00,238.71,233.72,0,0,,,,1012.8,30016,,"3721",-37.5,142,186,1,8,1,2,,,,,0
1776574613.000,"4d0103","CLX9006 ",24.928211,121.019794,3700,3900,187.1,173,,0.280,88.47,,,91.41,86.46,-256,-256,,,,1012.0,3008,,"1321",-35.7,82,186,1,9,2,3,1,2,"A5",,2
1776574613.000,"899071","EVA109  ",24.978069,121.118360,2475,2625,162.0,155,162,0.244,50.51,-0.03,-1.41,53.96,49.00,-256,-288,,327,8,1012.0,2016,,"3221",-35.3,682,186,1,9,1,3,1,2,"A3",,2
1776574613.000,"872885","APJ31   ",24.989685,121.280060,30025,31450,422.9,297,470,0.784,229.80,0.00,0.00,238.71,233.72,0,0,,,,1012.8,30016,,"3721",-37.5,145,186,1,8,1,2,,,,,0
1776574618.000,"4d0103","CLX9006 ",24.932215,121.034926,3575,3775,187.1,173,,0.280,88.47,,,91.41,86.46,-256,-256,,,,1012.0,3008,,"1321",-35.7,83,186,1,9,2,3,1,2,"A5",,2
1776574618.000,"899071","EVA109  ",24.980347,121.121318,2450,2600,162.5,153,162,0.240,49.74,-0.03,-1.41,52.73,47.76,-448,-320,,327,8,1012.0,3008,,"3221",-34.6,723,186,1,9,1,3,1,2,"A3",,2
1776574618.000,"872885","APJ31   ",24.979019,121.266327,30025,31450,422.9,297,470,0.784,229.80,0.00,0.00,238.71,233.72,0,0,,,,1012.8,30016,,"3721",-37.7,150,186,1,8,1,2,,,,,0
1776574623.000,"4d0103","CLX9006 ",24.934570,121.039683,3550,3725,186.9,173,,0.280,59.46,,,91.41,86.46,-640,-256,,,,1012.0,3008,,"1321",-36.8,97,186,1,9,2,3,2,2,"A5",,2
1776574623.000,"899071","EVA109  ",24.982817,121.124423,2375,2525,164.4,154,162,0.244,48.95,0.03,-1.05,52.38,47.41,-768,-576,,307,6,1012.0,3008,,"3221",-33.7,767,186,1,9,1,3,1,2,"A3",,2
1776574623.000,"872885","APJ31   ",24.979019,121.266327,30025,31450,422.8,297,470,0.784,229.60,0.00,0.00,238.71,233.72,-64,0,,,,1012.8,30016,,"3721",-37.4,161,186,1,9,1,3,,,,,0
1776574628.000,"4d0103","CLX9006 ",24.934570,121.039683,3550,3725,185.2,173,,0.280,52.02,,,91.41,86.46,-512,-256,,,,1012.0,3008,,"1321",-37.2,100,186,1,9,2,3,2,2,"A5",,2
1776574628.000,"899071","EVA109  ",24.985331,121.127584,2325,2475,164.4,155,162,0.244,48.95,0.19,0.35,52.38,47.41,-832,-800,,289,5,1012.0,3008,,"3221",-33.8,814,186,1,9,1,3,1,2,"A3",,2
1776574628.000,"872885","APJ31   ",24.962860,121.245524,30000,31450,422.8,297,470,0.784,229.60,0.00,0.00,238.71,233.72,0,0,,,,1012.8,30016,,"3721",-36.8,171,186,1,8,1,2,,,,,0
1776574633.000,"4d0103","CLX9006 ",24.934570,121.039683,3550,3725,185.2,173,,0.280,52.02,,,91.41,86.46,-512,-256,,,,1012.0,3008,,"1321",-37.2,105,186,1,9,2,3,2,2,"A5",,2
1776574633.000,"899071","EVA109  ",24.987762,121.130625,2250,2400,164.4,155,164,0.244,48.95,0.12,-0.18,52.38,47.41,-832,-800,,289,5,1012.0,3008,,"3221",-36.7,834,186,1,9,1,3,1,2,"A3",,2
1776574633.000,"872885","APJ31   ",24.958051,121.239261,30025,31450,423.4,296,470,0.780,229.50,0.00,0.00,238.71,233.74,0,0,,,,1012.8,30016,,"3721",-35.9,202,186,1,9,1,3,1,2,,,2
1776574638.000,"4d0103","CLX9006 ",24.934570,121.039683,3550,3725,185.2,173,,0.280,52.02,,,91.41,86.46,-512,-256,,,,1012.0,3008,,"1321",-37.2,105,186,1,9,2,3,2,2,"A5",,2
1776574638.000,"899071","EVA109  ",24.987762,121.130625,2250,2400,164.4,155,164,0.244,48.95,0.12,-0.18,52.38,47.41,-832,-800,,289,5,1012.0,3008,,"3221",-36.7,834,186,1,9,1,3,1,2,"A3",,2
1776574638.000,"872885","APJ31   ",24.950272,121.229299,30000,31450,423.4,296,470,0.780,229.50,0.00,0.35,238.89,233.92,0,0,,268,58,1012.8,30016,,"3721",-35.6,241,186,1,9,1,3,1,2,,,2
1776574643.000,"4d0103","CLX9006 ",24.934570,121.039683,3550,3725,185.2,173,,0.280,52.02,,,91.41,86.46,-512,-256,,,,1012.0,3008,,"1321",-37.2,105,186,1,9,2,3,2,2,"A5",,2
1776574643.000,"899071","EVA109  ",24.987762,121.130625,2250,2400,164.4,155,164,0.244,48.95,0.12,-0.18,52.38,47.41,-832,-800,,289,5,1012.0,3008,,"3221",-36.7,834,186,1,9,1,3,1,2,"A3",,2
1776574643.000,"872885","APJ31   ",24.942922,121.219828,30000,31450,422.8,296,470,0.780,229.60,0.03,0.53,238.89,233.93,0,0,,267,58,1012.8,30016,,"3721",-31.9,327,186,1,9,1,3,1,2,,,2
1776574648.000,"4d0103","CLX9006 ",24.934570,121.039683,3550,3725,185.2,173,,0.280,52.02,,,91.41,86.46,-512,-256,,,,1012.0,3008,,"1321",-37.3,106,186,1,9,2,3,2,2,"A5",,2
1776574648.000,"899071","EVA109  ",24.987762,121.130625,2250,2400,164.4,155,164,0.244,48.95,0.12,-0.18,52.38,47.41,-832,-800,,289,5,1012.0,3008,,"3221",-36.7,834,186,1,9,1,3,1,2,"A3",,2
1776574648.000,"872885","APJ31   ",24.936544,121.211588,30000,31450,422.8,296,470,0.780,229.60,0.00,0.18,239.06,234.10,0,-32,,268,59,1012.8,30016,,"3721",-32.6,399,186,1,9,1,3,1,2,"A3",,2
1776574648.000,"8990f1","N/A",25.042740,121.342417,3725,3900,178.9,,,,354.23,,,,,-576,,,,,1012.0,2592,,"4477",-37.1,42,186,1,10,2,3,2,2,,,2
1776574653.000,"4d0103","CLX9006 ",24.934570,121.039683,3550,3725,183.0,173,,0.280,49.43,,,91.41,86.46,-512,-256,,,,1012.0,3008,,"1321",-37.6,109,186,1,9,2,3,2,2,"A5",,2
1776574653.000,"899071","EVA109  ",24.987762,121.130625,2250,2400,164.4,155,164,0.244,48.95,0.12,-0.18,52.38,47.41,-832,-800,,289,5,1012.0,3008,,"3221",-36.7,834,186,1,9,1,3,1,2,"A3",,2
1776574653.000,"872885","APJ31   ",24.930450,121.203766,30000,31450,422.8,296,470,0.780,229.60,0.00,0.00,239.06,234.11,0,-32,,268,59,1012.8,30016,,"3721",-31.3,491,186,1,9,1,3,1,2,"A3",,2
1776574653.000,"8990f1","N/A",25.042740,121.342417,3725,3900,178.9,,,,354.23,,,,,-576,,,,,1012.0,2592,,"4477",-37.5,46,186,1,10,2,3,2,2,,,2
1776574658.000,"4d0103","CLX9006 ",24.934570,121.039683,,3725,183.0,173,,0.280,49.43,,,91.41,86.46,-512,-256,,,,1012.0,3008,,"1321",-37.9,112,186,1,9,2,3,2,2,"A5",,2
1776574658.000,"899071","EVA109  ",24.987762,121.130625,2250,2400,164.4,155,164,0.244,48.95,0.12,-0.18,52.38,47.41,-832,-800,,289,5,1012.0,3008,,"3221",-36.7,834,186,1,9,1,3,1,2,"A3",,2
1776574658.000,"872885","APJ31   ",24.923835,121.195212,30000,31450,422.8,296,470,0.780,229.60,0.06,0.18,239.06,234.11,0,-32,,269,59,1012.8,30016,,"3721",-30.8,558,186,1,9,1,3,1,2,"A3",,2
1776574658.000,"8990f1","N/A",25.042740,121.342417,3725,3900,178.9,,,,354.23,,,,,-576,,,,,1012.0,2592,,"4477",-37.5,46,186,1,10,2,3,2,2,,,2
1776574663.000,"4d0103","CLX9006 ",24.956314,121.067861,3200,3375,176.2,166,,0.268,50.53,,,55.02,50.06,-576,-576,,,,1012.0,3008,,"1321",-36.6,150,186,1,9,2,3,2,2,"A5",,2
1776574663.000,"899071","EVA109  ",24.987762,121.130625,2250,2400,164.4,155,164,0.244,48.95,0.12,-0.18,52.38,47.41,-832,-800,,289,5,1012.0,3008,,"3221",-36.7,834,186,1,9,1,3,1,2,"A3",,2
1776574663.000,"872885","APJ31   ",24.918777,121.188660,30000,31450,422.8,296,470,0.780,229.60,0.03,0.18,239.06,234.11,0,0,,269,59,1012.8,30016,,"3721",-29.9,653,186,1,9,1,3,1,2,"A3",,2
1776574663.000,"8990f1","N/A",25.042740,121.342417,3725,3900,178.9,,,,354.23,,,,,-576,,,,,1012.0,2592,,"4477",-37.5,46,186,1,10,2,3,2,2,,,2
1776574668.001,"4d0103","CLX9006 ",24.957504,121.069438,3175,3350,174.5,166,176,0.268,49.65,-0.31,-2.99,55.02,50.06,-640,-576,,,,1012.0,3008,,"1321",-37.0,181,186,1,9,2,3,2,2,"A5",,2
1776574668.001,"899071","EVA109  ",24.987762,121.130625,2250,2400,164.4,155,164,0.244,48.95,0.12,-0.18,52.38,47.41,-832,-800,,289,5,1012.0,3008,,"3221",-36.7,834,186,1,9,1,3,1,2,"A3",,2
1776574668.001,"872885","APJ31   ",24.911266,121.178992,30000,31450,422.8,296,470,0.780,229.60,0.00,0.00,239.24,234.29,0,0,,270,60,1012.8,30016,,"3721",-29.5,718,186,1,9,1,3,1,2,"A3",,2
1776574668.001,"8990f1","N/A",25.042740,121.342417,3725,3900,178.9,,,,354.23,,,,,-576,,,,,1012.0,2592,,"4477",-37.5,46,186,1,10,2,3,2,2,,,2
1776574673.000,"4d0103","CLX9006 ",24.961761,121.074778,3100,3275,172.8,166,176,0.268,48.28,-0.31,-2.99,55.02,50.06,-512,-576,,,,1012.0,3008,,"1321",-37.0,194,186,1,9,2,3,2,2,"A5",,2
1776574673.000,"899071","EVA109  ",24.987762,121.130625,2250,2400,164.4,155,164,0.244,48.95,0.12,-0.18,52.38,47.41,-832,-800,,289,5,1012.0,3008,,"3221",-36.7,834,186,1,9,1,3,1,2,"A3",,2
1776574673.000,"872885","APJ31   ",24.905028,121.170959,30000,31450,422.8,295,470,0.780,229.60,0.00,0.00,239.06,234.12,0,0,,269,59,1012.8,30016,,"3721",-30.0,800,186,1,9,1,3,1,2,"A3",,2
1776574673.000,"8990f1","N/A",25.042740,121.342417,3725,3900,178.9,,,,354.23,,,,,-576,,,,,1012.0,2592,,"4477",-37.5,46,186,1,10,2,3,2,2,,,2
1776574678.000,"4d0103","CLX9006 ",24.962265,121.075439,3100,3275,172.8,166,174,0.268,48.28,0.25,2.29,55.02,50.06,-448,-576,,,,1012.0,3008,,"1321",-36.9,217,186,1,9,2,3,2,2,"A5",,2
1776574678.000,"899071","EVA109  ",24.987762,121.130625,2250,2400,164.4,155,164,0.244,48.95,0.12,-0.18,52.38,47.41,-832,-800,,289,5,1012.0,3008,,"3221",-36.7,834,186,1,9,1,3,1,2,"A3",,2
1776574678.000,"872885","APJ31   ",24.899070,121.163290,30000,31450,422.8,296,470,0.780,229.60,0.00,0.00,239.06,234.12,0,32,,269,59,1012.8,30016,,"3721",-29.7,868,186,1,9,1,3,1,2,"A3",,2
1776574678.000,"8990f1","N/A",25.042740,121.342417,3725,3900,178.9,,,,354.23,,,,,-576,,,,,1012.0,2592,,"4477",-37.5,46,186,1,10,2,3,2,2,,,2
1776574683.000,"4d0103","CLX9006 ",24.967392,121.081797,3025,3200,173.7,164,174,0.260,48.97,0.25,2.29,52.91,47.95,-384,-416,,,,1012.0,3008,,"1321",-36.7,250,186,1,9,2,3,2,2,"A5",,2
1776574683.000,"899071","EVA109  ",24.987762,121.130625,2250,2400,164.4,155,164,0.244,48.95,0.12,-0.18,52.38,47.41,-832,-800,,289,5,1012.0,3008,,"3221",-36.7,834,186,1,9,1,3,1,2,"A3",,2
1776574683.000,"872885","APJ31   ",24.892593,121.154938,30000,31450,422.8,296,470,0.780,229.60,0.00,0.00,239.06,234.12,0,32,,269,59,1012.8,30016,,"3721",-29.9,949,186,1,9,1,3,1,2,"A3",,2
1776574683.000,"8990f1","N/A",25.042740,121.342417,3725,3900,178.9,,,,354.23,,,,,-576,,,,,1012.0,2592,,"4477",-37.5,46,186,1,10,2,3,2,2,,,2
1776574688.000,"4d0103","CLX9006 ",24.970093,121.085307,3025,3200,173.9,164,174,0.264,49.90,0.25,2.29,54.14,49.18,-64,32,,,,1012.0,3008,,"1321",-37.1,276,186,1,9,2,3,2,2,"A5",,2
1776574688.000,"899071","EVA109  ",24.987762,121.130625,2250,2400,164.4,,164,,48.95,0.12,-0.18,,,-832,,,,,1012.0,3008,,"3221",-36.7,834,186,1,9,1,3,1,2,"A3",,2
1776574688.000,"872885","APJ31   ",24.886454,121.147069,30000,31450,423.3,296,468,0.780,229.31,-0.16,-4.04,238.89,233.95,0,0,,270,59,1012.8,30016,,"3721",-30.8,1013,186,1,9,1,3,1,2,"A3",,2
1776574688.000,"8990f1","N/A",25.042740,121.342417,3725,3900,178.9,,,,354.23,,,,,-576,,,,,1012.0,2592,,"4477",-37.5,46,186,1,10,2,3,2,2,,,2
1776574693.000,"4d0103","CLX9006 ",24.972656,121.088562,3025,3200,172.4,164,174,0.264,49.47,0.25,2.29,54.14,49.18,-64,32,,,,1012.0,3008,,"1321",-35.7,328,186,1,9,2,3,2,2,"A5",,2
1776574693.000,"872885","APJ31   ",24.880076,121.139192,30000,31450,424.3,295,468,0.780,228.34,-0.22,-4.92,237.83,232.90,0,-32,,269,55,1012.8,30016,,"3721",-32.3,1092,186,1,9,1,3,1,2,"A3",,2
1776574693.000,"8990f1","N/A",25.042740,121.342417,3725,3900,178.9,,,,354.23,,,,,-576,,,,,1012.0,2592,,"4477",-37.5,46,186,1,10,2,3,2,2,,,2
1776574698.000,"4d0103","CLX9006 ",24.974670,121.091156,3000,3175,172.4,164,174,0.264,49.47,0.25,2.29,54.14,49.18,-512,32,,,,1012.0,3008,,"1321",-36.8,369,186,1,9,2,3,2,2,"A5",,2
1776574698.000,"872885","APJ31   ",24.873140,121.130901,30000,31450,425.4,295,468,0.780,227.57,-0.28,-5.10,236.78,231.84,-64,-32,,268,54,1012.8,30016,,"3721",-32.9,1164,186,1,9,1,3,1,2,"A3",,2
1776574698.000,"8990f1","N/A",25.042740,121.342417,3725,3900,178.9,,,,354.23,,,,,-576,,,,,1012.0,2592,,"4477",-37.5,46,186,1,10,2,3,2,2,,,2
1776574703.000,"4d0103","CLX9006 ",24.977554,121.094869,2950,3125,173.8,164,174,0.264,49.43,0.25,2.29,54.14,49.18,-704,32,,,,1012.0,3008,,"1321",-36.8,394,186,1,9,2,3,2,2,"A5",,2
1776574703.000,"872885","APJ31   ",24.866043,121.122742,30000,31450,425.8,295,468,0.780,226.33,-0.22,-5.27,235.90,230.97,0,-32,,269,55,1012.8,30016,,"3721",-34.0,1240,186,1,9,1,3,1,2,"A3",,2
1776574703.000,"8990f1","N/A",25.042740,121.342417,3725,3900,178.9,,,,354.23,,,,,-576,,,,,1012.0,2592,,"4477",-37.5,46,186,1,10,2,3,,,,,2
1776574708.000,"4d0103","CLX9006 ",24.979884,121.097786,2900,3075,174.4,165,174,0.264,49.18,0.25,2.29,53.26,48.29,-896,-864,,,,1012.0,3008,,"1321",-36.8,430,186,1,9,2,3,2,2,"A5",,2
1776574708.000,"872885","APJ31   ",24.860292,121.116442,30000,31450,427.8,295,468,0.776,224.91,-0.22,-5.27,235.02,230.09,-64,-32,,269,55,1012.8,30016,,"3721",-35.5,1288,186,1,9,1,3,1,2,"A3",,2
1776574713.000,"4d0103","CLX9006 ",24.980942,121.099141,2850,3025,174.4,165,174,0.264,49.18,0.25,2.29,53.26,48.29,-960,-864,,,,1012.0,3008,,"1321",-37.3,445,186,1,9,2,3,2,2,"A5",,2
1776574713.000,"872885","APJ31   ",24.853588,121.109343,30000,31450,427.8,295,468,0.776,224.72,-0.22,-5.27,234.14,229.21,-64,-32,,269,55,1012.8,30016,,"3721",-36.9,1317,186,1,9,1,3,1,2,"A3",,2
1776574718.000,"872885","APJ31   ",24.844697,121.100274,29975,31425,429.5,295,468,0.776,223.02,-0.22,-5.27,234.14,229.21,-64,-32,,269,55,1012.8,30016,,"3721",-36.2,1329,186,1,9,1,3,1,2,"A3",,2
1776574718.000,"4d0103","CLX9006 ",24.985703,121.105145,2700,2875,174.3,167,174,0.264,48.72,0.25,2.29,53.09,48.12,-1152,-1152,,,,1012.0,3008,,"1321",-37.0,465,186,1,9,2,3,2,2,"A5",,2
1776574723.000,"872885","APJ31   ",24.840225,121.095937,29975,31425,429.5,295,468,0.776,223.02,-0.22,-5.10,234.14,229.21,-64,-32,,269,55,1013.0,30000,,"3721",-36.6,1353,186,1,9,1,3,1,2,"A3",,2
1776574723.000,"4d0103","CLX9006 ",24.988217,121.108254,2625,2800,174.3,167,174,0.264,48.72,0.25,2.29,52.91,47.94,-1152,-1152,,,,1012.0,3008,,"1321",-37.6,474,186,1,9,2,3,2,2,"A5",,2
1776574728.000,"872885","APJ31   ",24.840225,121.095937,29975,31425,429.5,295,468,0.776,223.02,-0.22,-5.10,234.14,229.21,-64,-32,,269,55,1013.0,30000,,"3721",-37.2,1355,186,1,9,1,3,1,2,"A3",,2
1776574728.000,"4d0103","CLX9006 ",24.988861,121.109060,2600,2775,173.7,167,174,0.264,48.97,0.25,2.29,52.91,47.94,-960,-1152,,,,1012.0,3008,,"1321",-37.0,484,186,1,9,2,3,2,2,"A5",,2
1776574733.000,"872885","APJ31   ",24.840225,121.095937,29975,31425,429.5,295,468,0.776,223.02,-0.22,-5.10,234.14,229.21,-64,-32,,269,55,1013.0,30000,,"3721",-37.2,1355,186,1,9,1,3,1,2,"A3",,2
1776574733.000,"4d0103","CLX9006 ",24.993484,121.114960,2450,2600,173.1,167,174,0.264,49.69,0.25,2.29,52.91,47.94,-960,-1152,,,,1012.0,3008,,"1321",-37.4,493,186,1,9,2,3,2,2,"A5",,2
1776574738.000,"872885","APJ31   ",24.840225,121.095937,29975,31425,429.5,295,468,0.776,223.02,-0.22,-5.10,234.14,229.21,-64,-32,,269,55,1013.0,30000,,"3721",-37.2,1355,186,1,9,1,3,1,2,"A3",,2
1776574738.000,"4d0103","CLX9006 ",24.996048,121.118266,2375,2525,173.1,167,,0.264,49.69,,,52.91,47.94,-960,-1152,,,,1012.0,3008,,"1321",-37.5,505,186,1,9,2,3,2,2,"A5",,2
1776574743.000,"872885","APJ31   ",24.840225,121.095937,29975,31425,429.5,295,468,0.776,223.02,-0.22,-5.10,234.14,229.21,-64,-32,,269,55,1013.0,30000,,"3721",-37.2,1355,186,1,9,1,3,1,2,"A3",,2
1776574743.000,"4d0103","CLX9006 ",24.996048,121.118266,2375,2525,173.1,167,,0.264,49.69,,,52.91,47.94,-960,-1152,,,,1012.0,3008,,"1321",-37.5,505,186,1,9,2,3,2,2,"A5",,2
1776574748.000,"872885","APJ31   ",24.840225,121.095937,29975,31425,429.5,295,468,0.776,223.02,-0.22,-5.10,234.14,229.21,-64,-32,,269,55,1013.0,30000,,"3721",-37.2,1355,186,1,9,1,3,1,2,"A3",,2
1776574748.000,"4d0103","CLX9006 ",24.996048,121.118266,2375,2525,173.1,167,,0.264,49.69,,,52.91,47.94,-960,-1152,,,,1012.0,3008,,"1321",-37.5,505,186,1,9,2,3,2,2,"A5",,2
1776574754.000,"872885","APJ31   ",24.840225,121.095937,29975,31425,429.5,295,468,0.776,223.02,-0.22,-5.10,234.14,229.21,-64,-32,,269,55,1013.0,30000,,"3721",-37.2,1355,186,1,9,1,3,1,2,"A3",,2
1776574754.000,"4d0103","CLX9006 ",24.996048,121.118266,2375,2525,173.1,167,,0.264,49.69,,,52.91,47.94,-960,-1152,,,,1012.0,3008,,"1321",-37.5,505,186,1,9,2,3,2,2,"A5",,2
1776574759.000,"872885","APJ31   ",24.840225,121.095937,29975,31425,429.5,295,468,0.776,223.02,-0.22,-5.10,234.14,229.21,-64,-32,,269,55,1013.0,30000,,"3721",-37.2,1355,186,1,9,1,3,1,2,"A3",,2
1776574759.000,"4d0103","CLX9006 ",24.996048,121.118266,2375,2525,173.1,167,,0.264,49.69,,,52.91,47.94,-960,-1152,,,,1012.0,3008,,"1321",-37.5,505,186,1,9,2,3,2,2,"A5",,2
1776574764.000,"872885","APJ31   ",24.840225,121.095937,29975,31425,429.5,295,468,0.776,223.02,-0.22,-5.10,234.14,229.21,-64,-32,,269,55,1013.0,30000,,"3721",-37.2,1355,186,1,9,1,3,1,2,"A3",,2
1776574764.000,"4d0103","CLX9006 ",24.996048,121.118266,2375,2525,173.1,167,,0.264,49.69,,,52.91,47.94,-960,-1152,,,,1012.0,3008,,"1321",-37.5,505,186,1,9,2,3,2,2,"A5",,2
1776574769.000,"872885","APJ31   ",24.840225,121.095937,29975,31425,429.5,295,468,0.776,223.02,-0.22,-5.10,234.14,229.21,-64,-32,,,,1013.0,30000,,"3721",-37.2,1355,186,,,1,,,,"A3",,2
1776574769.000,"4d0103","CLX9006 ",24.996048,121.118266,2375,2525,173.1,167,,0.264,49.69,,,52.91,47.94,-960,-1152,,,,1012.0,3008,,"1321",-37.5,505,186,1,9,2,3,2,2,"A5",,2
1776574774.000,"872885","APJ31   ",24.840225,121.095937,29975,31425,429.5,,468,,223.02,-0.22,-5.10,,,-64,,,,,1013.0,30000,,"3721",-37.2,1355,186,,,1,,,,"A3",,2
1776574774.000,"4d0103","CLX9006 ",24.996048,121.118266,2375,2525,173.1,167,,0.264,49.69,,,52.91,47.94,-960,-1152,,,,1012.0,3008,,"1321",-37.5,505,186,1,9,2,3,,,"A5",,2
1776574779.000,"a4c3e4","GTI7243 ",24.933704,121.039642,3050,3200,196.2,,,,48.10,,,,,-64,,,,,1012.8,3008,,"6057",-36.4,67,186,1,8,2,2,2,2,"A5",,0
1776574779.000,"872885","APJ31   ",24.840225,121.095937,29975,31425,,,468,,,-0.22,-5.10,,,,,,,,1013.0,30000,,"3721",-37.2,1355,186,,,,,,,"A3",,2
1776574779.000,"4d0103","CLX9006 ",24.996048,121.118266,2375,2525,173.1,167,,0.264,49.69,,,52.91,47.94,-960,-1152,,,,,,,"1321",-37.5,505,186,,,2,,,,"A5",,2
1776574784.000,"a4c3e4","GTI7243 ",24.935989,121.042480,3025,3175,192.4,,,,46.68,,,,,64,,,,,1012.8,3008,,"6057",-37.8,74,186,1,9,2,3,2,2,"A5",,0
1776574784.000,"4d0103","CLX9006 ",24.996048,121.118266,2375,2525,173.1,,,,49.69,,,,,-960,,,,,,,,"1321",-37.5,505,186,,,2,,,,"A5",,2
1776574789.000,"a4c3e4","GTI7243 ",24.935989,121.042480,3025,3175,192.4,,,,46.68,,,,,64,,,,,1012.8,3008,,"6057",-37.8,74,186,1,9,2,3,2,2,"A5",,0
1776574789.000,"4d0103","CLX9006 ",24.996048,121.118266,2375,2525,173.1,,,,49.69,,,,,-960,,,,,,,,,-37.5,505,186,,,2,,,,"A5",,2
1776574794.000,"a4c3e4","GTI7243 ",24.944924,121.052908,3025,3175,188.3,,,,47.58,,,,,0,,,,,1012.8,3008,,"6057",-37.9,77,186,1,8,2,2,2,2,"A5",,0
1776574794.000,"4d0103","CLX9006 ",24.996048,121.118266,2375,2525,,,,,,,,,,,,,,,,,,,-37.5,505,186,,,,,,,"A5",,2
1776574799.000,"a4c3e4","GTI7243 ",24.946014,121.054230,3050,3200,188.3,,,,47.58,,,,,0,,,,,1012.8,3008,,"6057",-37.9,80,186,1,8,2,2,2,2,"A5",,0
1776574804.000,"a4c3e4","GTI7243 ",24.949722,121.059062,3050,3200,188.3,,,,47.58,,,,,0,,,,,1012.8,3008,,"6057",-37.8,85,186,1,8,2,2,2,2,"A5",,0
1776574809.000,"a4c3e4","GTI7243 ",24.949722,121.059062,3050,3200,188.3,,,,47.58,,,,,0,,,,,1012.8,3008,,"6057",-38.0,88,186,1,8,2,2,2,2,"A5",,0
1776574814.000,"a4c3e4","GTI7243 ",24.955444,121.066691,3025,3175,188.4,,,,50.82,,,,,64,,,,,1012.8,3008,,"6057",-37.6,99,186,1,9,2,3,2,2,"A5",,2
1776574819.000,"a4c3e4","GTI7243 ",24.958191,121.070372,3025,3175,189.0,,,,50.58,,,,,192,,,,,1012.8,3008,,"6057",-37.0,108,186,1,9,2,3,2,2,"A5",,2
1776574824.000,"a4c3e4","GTI7243 ",24.960379,121.073274,3025,3175,189.4,,,,49.50,,,,,64,,,,,1012.8,3008,,"6057",-37.0,115,186,1,9,2,3,2,2,"A5",,2
1776574829.000,"a4c3e4","GTI7243 ",24.962814,121.076406,3050,3200,189.4,,,,49.50,,,,,0,,,,,1012.8,3008,,"6057",-37.4,120,186,1,9,2,3,2,2,"A5",,2
1776574834.000,"a4c3e4","GTI7243 ",24.967392,121.082306,3025,3175,190.1,,,,49.69,,,,,-64,,,,,1012.8,3008,,"6057",-36.6,130,186,1,9,2,3,2,2,"A5",,2
1776574839.000,"a4c3e4","GTI7243 ",24.970276,121.085968,3025,3175,190.0,,,,49.27,,,,,0,,,,,1012.8,3008,,"6057",-36.6,142,186,1,9,2,3,2,2,"A5",,2
1776574844.000,"a4c3e4","GTI7243 ",24.972576,121.088821,3025,3175,190.6,181,,0.288,48.62,,,53.79,48.82,-512,-96,,,,1012.8,3008,,"6057",-35.2,165,186,1,9,2,3,2,2,"A5",,2
1776574850.000,"a4c3e4","GTI7243 ",24.975540,121.092529,2975,3125,191.3,181,194,0.288,48.39,-0.19,-1.58,53.79,48.82,-832,-96,,,,1012.8,3008,,"6057",-36.7,192,186,1,9,2,3,2,2,"A5",,2
1776574855.000,"a4c3e4","GTI7243 ",24.978928,121.096700,2875,3000,191.3,181,194,0.288,48.39,-0.19,-1.58,53.79,48.82,-1088,-96,,,,1012.8,3008,,"6057",-37.1,202,186,1,9,2,3,2,2,"A5",,2
1776574860.000,"a4c3e4","GTI7243 ",24.980583,121.098771,2825,2950,191.3,181,194,0.288,48.39,-0.19,-1.58,53.79,48.82,-1088,-96,,,,1012.8,3008,,"6057",-37.4,205,186,1,9,2,3,2,2,"A5",,2
1776574865.000,"a4c3e4","GTI7243 ",24.980583,121.098771,2825,2950,191.3,181,194,0.288,48.39,-0.19,-1.58,53.79,48.82,-1088,-96,,,,1012.8,3008,,"6057",-37.5,206,186,1,9,2,3,2,2,"A5",,2
1776574870.000,"a4c3e4","GTI7243 ",24.980583,121.098771,2825,2950,191.3,181,194,0.288,48.39,-0.19,-1.58,53.79,48.82,-1088,-96,,,,1012.8,3008,,"6057",-37.5,206,186,1,9,2,3,2,2,"A5",,2
1776574870.000,"851142","JAL8671 ",25.146821,121.125615,8675,9100,249.2,,,,234.14,,,,,,-1024,,,,,,,,-38.0,43,186,,8,2,2,,,"A0",,0
1776574875.000,"a4c3e4","GTI7243 ",24.980583,121.098771,2825,2950,191.3,181,194,0.288,48.39,-0.19,-1.58,53.79,48.82,-1088,-96,,,,1012.8,3008,,"6057",-37.6,207,186,1,9,2,3,2,2,"A5",,2
1776574875.000,"851142","JAL8671 ",25.141159,121.116994,8550,8975,249.2,,,,234.14,,,,,,-1024,,,,,,,,-38.1,44,186,,8,2,2,,,"A0",,0
1776574880.000,"a4c3e4","GTI7243 ",24.980583,121.098771,2825,2950,191.3,181,194,0.288,48.39,-0.19,-1.58,53.79,48.82,-1088,-96,,,,1012.8,3008,,"6057",-37.6,207,186,1,9,2,3,2,2,"A5",,2
1776574880.000,"851142","JAL8671 ",25.141159,121.116994,8550,8975,249.2,,,,234.14,,,,,,-1024,,,,,,,,-38.3,48,186,,8,2,2,,,"A0",,0
1776574885.000,"a4c3e4","GTI7243 ",24.980583,121.098771,2825,2950,191.3,181,194,0.288,48.39,-0.19,-1.58,53.79,48.82,-1088,-96,,,,1012.8,3008,,"6057",-37.6,207,186,1,9,2,3,2,2,"A5",,2
1776574885.000,"851142","JAL8671 ",25.141159,121.116994,8550,8975,249.2,,,,234.14,,,,,,-1024,,,,,,,,-38.5,52,186,,8,2,2,,,"A0",,0
1776574890.000,"a4c3e4","GTI7243 ",24.980583,121.098771,2825,2950,191.3,181,194,0.288,48.39,-0.19,-1.58,53.79,48.82,-1088,-96,,,,1012.8,3008,,"6057",-37.6,208,186,1,9,2,3,2,2,"A5",,2
1776574890.000,"851142","JAL8671 ",25.141159,121.116994,8550,8975,249.2,,,,234.14,,,,,,-1024,,,,,,,,-38.5,53,186,,8,2,2,,,"A0",,0
1776574895.000,"a4c3e4","GTI7243 ",24.980583,121.098771,2825,2950,191.3,181,194,0.288,48.39,-0.19,-1.58,53.79,48.82,-1088,-96,,,,1012.8,3008,,"6057",-37.6,208,186,1,9,2,3,2,2,"A5",,2
1776574895.000,"851142","JAL8671 ",25.141159,121.116994,8550,8975,249.2,,,,234.14,,,,,,-1024,,,,,,,,-38.5,53,186,,8,2,2,,,"A0",,0
1776574900.000,"851142","JAL8671 ",25.124243,121.091257,8025,8425,249.2,,,,234.14,,,,,,-1280,,,,,,,,-38.3,59,186,,8,2,2,,,"A0",,0
1776574900.000,"a4c3e4","GTI7243 ",24.980583,121.098771,2825,2950,191.3,181,194,0.288,48.39,-0.19,-1.58,53.79,48.82,-1088,-96,,,,1012.8,3008,,,-37.8,209,186,1,9,2,3,2,2,"A5",,2
1776574905.000,"851142","JAL8671 ",25.124243,121.091257,8025,8425,249.2,,,,234.14,,,,,,-1280,,,,,,,,-38.3,59,186,,8,2,2,,,"A0",,0
1776574905.000,"a4c3e4","GTI7243 ",24.980583,121.098771,2825,2950,191.3,,,,48.39,,,,,-1088,,,,,,,,,-37.8,209,186,1,9,2,3,2,2,"A5",,2
1776574910.000,"851142","JAL8671 ",25.124243,121.091257,8025,8425,249.2,,,,234.14,,,,,,-1280,,,,,,,,-38.3,59,186,,8,2,2,,,"A0",,0
1776574910.000,"a4c3e4","GTI7243 ",24.980583,121.098771,2825,2950,191.3,,,,48.39,,,,,-1088,,,,,,,,,-37.8,209,186,1,9,2,3,2,2,"A5",,2
1776574915.000,"851142","JAL8671 ",25.124243,121.091257,8025,8425,249.2,,,,234.14,,,,,,-1280,,,,,,,,-38.3,59,186,,8,2,2,,,"A0",,0
1776574915.000,"a4c3e4","GTI7243 ",24.980583,121.098771,2825,2950,,,,,,,,,,,,,,,,,,,-37.8,209,186,1,9,,3,2,2,"A5",,2
1776574920.000,"851142","JAL8671 ",25.124243,121.091257,8025,8425,249.2,,,,234.14,,,,,,-1280,,,,,,,,-38.3,59,186,,8,2,2,,,"A0",,0
1776574925.000,"851142","JAL8671 ",25.124243,121.091257,8025,8425,249.2,,,,234.14,,,,,,-1280,,,,,,,,-38.3,59,186,,8,2,2,,,"A0",,0
1776574930.000,"851142","JAL8671 ",25.124243,121.091257,8025,8425,249.2,,,,234.14,,,,,,-1280,,,,,,,,-38.2,60,186,,8,2,2,,,"A0",,0
1776574935.000,"851142","JAL8671 ",25.124243,121.091257,8025,8425,249.2,,,,234.14,,,,,,-1280,,,,,,,,-38.2,60,186,,8,2,2,,,"A0",,0
1776574940.000,"851142","JAL8671 ",25.124243,121.091257,8025,8425,249.2,,,,234.14,,,,,,-1280,,,,,,,,-38.2,60,186,,8,2,2,,,"A0",,0
1776574945.000,"851142","JAL8671 ",25.124243,121.091257,8025,8425,249.2,,,,234.14,,,,,,-1280,,,,,,,,-38.2,60,186,,8,2,2,,,"A0",,0
1776574950.000,"851142","JAL8671 ",25.124243,121.091257,8025,8425,249.2,,,,234.14,,,,,,-1280,,,,,,,,-38.2,60,186,,8,2,2,,,"A0",,0
1776574955.000,"851142","JAL8671 ",25.124243,121.091257,8025,8425,249.2,,,,234.14,,,,,,-1280,,,,,,,,-38.2,60,186,,8,2,2,,,"A0",,0
1776574960.000,"88809a","HVN402  ",24.843440,121.247294,33000,34575,507.2,272,456,0.768,36.82,0.03,0.70,33.93,28.99,0,0,,265,83,1012.8,32992,,"5613",-34.5,65,186,1,9,1,3,2,2,,,2
1776574965.000,"88809a","HVN402  ",24.853076,121.255171,33000,34575,507.2,275,460,0.772,36.82,0.03,0.70,33.93,28.98,64,64,,267,80,1012.8,32992,,"5613",-34.2,144,186,1,9,1,3,2,2,"A3",,2
1776574970.000,"88809a","HVN402  ",24.863434,121.263682,33000,34575,507.2,275,460,0.776,36.82,-0.03,0.00,33.93,28.98,64,96,,267,81,1012.8,32992,,"5613",-32.2,218,186,1,9,1,3,2,2,"A3",,2
1776574975.000,"88809a","HVN402  ",24.872635,121.271210,33025,34600,507.2,275,462,0.776,36.82,0.03,0.53,34.10,29.15,64,64,,268,79,1012.8,32992,,"5613",-33.4,270,186,1,9,1,3,2,2,"A3",,2
1776574980.000,"88809a","HVN402  ",24.882065,121.278941,33025,34600,507.2,276,462,0.780,36.82,-0.03,0.00,34.10,29.15,128,96,,268,79,1012.8,32992,,"5613",-33.8,345,186,1,9,1,3,2,2,"A3",,2
1776574985.000,"88809a","HVN402  ",24.891063,121.286368,33025,34600,507.2,274,462,0.772,36.82,0.00,0.18,34.10,29.15,64,64,,267,80,1012.8,32992,,"5613",-34.7,417,186,1,9,1,3,2,2,"A3",,2
1776574990.000,"88809a","HVN402  ",24.900101,121.293742,33025,34600,506.6,274,460,0.772,36.73,0.03,0.18,33.93,28.97,64,32,,267,80,1012.8,32992,,"5613",-32.7,477,186,1,9,1,3,2,2,"A3",,2
1776574995.000,"780e05","CSN3097 ",24.957074,121.068040,3050,3225,191.9,,,,59.29,,,,,0,,,,,1012.0,3008,,"3126",-37.0,52,186,1,9,1,3,,,"A5",,0
1776574995.000,"88809a","HVN402  ",24.909358,121.301293,33050,34600,506.6,273,458,0.772,36.73,0.00,0.70,34.10,29.14,0,32,,266,80,1012.8,32992,,"5613",-31.3,574,186,1,9,1,3,2,2,"A3",,2
1776575000.000,"780e05","CSN3097 ",24.959587,121.071927,3050,3225,191.9,,,,59.29,,,,,0,,,,,1012.0,3008,,"3126",-37.4,57,186,1,8,1,2,,,"A5",,0
1776575000.000,"88809a","HVN402  ",24.915344,121.306254,33050,34625,507.2,273,458,0.772,36.82,0.06,1.23,34.10,29.14,64,32,,266,80,1012.8,32992,,"5613",-35.1,614,186,1,9,1,3,2,2,"A3",,2
1776575005.000,"780e05","CSN3097 ",24.959587,121.071927,3050,3225,191.9,,,,59.29,,,,,0,,,,,1012.0,3008,,"3126",-37.4,57,186,1,8,1,2,,,"A5",,0
1776575005.000,"88809a","HVN402  ",24.928711,121.317240,33050,34600,507.2,272,458,0.768,36.82,-0.06,0.00,34.10,29.14,0,-32,,266,81,1012.8,32992,,"5613",-33.5,672,186,1,9,1,3,2,2,"A3",,2
1776575010.000,"780e05","CSN3097 ",24.959587,121.071927,3050,3225,191.9,,,,59.29,,,,,0,,,,,1012.0,3008,,"3126",-37.6,60,186,1,8,1,2,,,"A5",,0
1776575010.000,"88809a","HVN402  ",24.938313,121.325079,33050,34600,507.2,273,458,0.772,36.82,0.00,0.35,34.10,29.13,-64,-32,,266,81,1012.8,32992,,"5613",-33.6,721,186,1,9,1,3,2,2,"A3",,2
1776575015.000,"780e05","CSN3097 ",24.959587,121.071927,3050,3225,191.9,,,,59.29,,,,,0,,,,,1012.0,3008,,"3126",-38.1,62,186,1,8,1,2,,,"A5",,0
1776575015.000,"88809a","HVN402  ",24.945465,121.330973,33050,34600,507.2,273,458,0.772,36.82,-0.03,0.18,34.28,29.31,-64,-32,,265,80,1012.8,32992,,"5613",-35.2,779,186,1,9,1,3,2,2,"A3",,2
1776575020.000,"780e05","CSN3097 ",24.959587,121.071927,3050,3225,191.9,,,,59.29,,,,,0,,,,,1012.0,3008,,"3126",-38.2,64,186,1,8,1,2,,,"A5",,0
1776575020.000,"88809a","HVN402  ",24.949448,121.334229,33025,34575,507.2,273,458,0.772,36.82,-0.06,0.35,34.28,29.31,-64,-32,,265,80,1012.8,32992,,"5613",-37.1,790,186,1,9,1,3,2,2,"A3",,2
1776575025.000,"780e05","CSN3097 ",24.959587,121.071927,3050,3225,191.9,,,,59.29,,,,,0,,,,,1012.0,3008,,"3126",-38.2,65,186,1,8,1,2,,,"A5",,0
1776575025.000,"88809a","HVN402  ",24.962427,121.344875,33025,34575,507.2,273,458,0.772,36.82,-0.06,0.35,34.28,29.31,-64,-32,,265,80,1012.8,32992,,"5613",-36.6,800,186,1,9,1,3,2,2,"A3",,2
1776575030.000,"780e05","CSN3097 ",24.978069,121.095558,2875,3050,190.0,,190,,48.87,,0.53,,,0,,,,,1012.0,3008,,"3126",-36.9,78,186,1,8,1,2,,,"A5",,0
1776575030.000,"88809a","HVN402  ",24.962427,121.344875,33025,34575,507.2,273,458,0.772,36.82,-0.06,0.35,34.28,29.31,-64,-32,,265,80,1012.8,32992,,"5613",-36.9,805,186,1,9,1,3,2,2,"A3",,2
1776575035.000,"780e05","CSN3097 ",24.980583,121.098667,2800,2975,190.0,,190,,48.87,,0.53,,,0,,,,,1012.0,3008,,"3126",-37.1,92,186,1,8,1,2,,,"A5",,0
1776575035.000,"88809a","HVN402  ",24.962427,121.344875,33025,34575,507.2,273,458,0.772,36.82,-0.06,0.35,34.28,29.31,0,-32,,265,80,1012.8,32992,,"5613",-38.0,811,186,1,9,1,3,2,2,"A3",,2
1776575040.000,"780e05","CSN3097 ",24.980583,121.098667,2800,2975,189.9,,190,,48.84,,0.53,,,-1088,,,,,1012.0,3008,,"3126",-36.3,103,186,1,9,1,3,,,"A5",,0
1776575040.000,"71be02","N/A",24.846313,121.250051,37000,38675,560.8,268,486,0.824,36.81,0.00,0.18,36.39,31.45,0,0,,247,89,1013.6,36992,,"0112",-35.4,38,186,1,9,1,3,2,2,,,2
1776575040.000,"88809a","HVN402  ",24.993291,121.370216,33025,34575,507.2,273,458,0.772,36.82,-0.06,0.35,34.28,29.31,0,-32,,265,80,1012.8,32992,,"5613",-37.5,816,186,1,9,1,3,2,2,"A3",,2
1776575045.000,"780e05","CSN3097 ",24.980583,121.098667,2800,2975,189.3,180,190,0.284,49.07,,0.35,52.56,47.59,-1024,-1056,,,,1012.0,3008,,"3126",-37.1,132,186,1,9,1,3,2,2,"A5",,2
1776575045.000,"71be02","KAL344  ",24.854752,121.256984,37000,38675,561.4,268,486,0.824,36.89,-0.03,0.18,36.56,31.62,0,0,,247,88,1013.6,36992,,"0112",-35.0,87,186,1,9,1,3,2,2,"A5",,2
1776575045.000,"88809a","HVN402  ",24.993291,121.370216,33025,34575,507.2,273,458,0.772,36.82,-0.06,0.35,34.28,29.31,0,-32,,265,80,1012.8,32992,,"5613",-37.5,816,186,1,9,1,3,2,2,"A3",,2
1776575050.000,"780e05","CSN3097 ",24.980583,121.098667,2525,2975,189.3,179,190,0.284,49.07,,0.35,52.56,47.59,-1024,-992,,,,1012.0,3008,,"3126",-37.3,140,186,1,9,1,3,2,2,"A5",,2
1776575050.000,"71be02","KAL344  ",24.867042,121.267090,37000,38675,561.4,268,486,0.824,36.89,0.00,0.00,36.56,31.62,0,0,,247,89,1013.6,36992,,"0112",-35.4,129,186,1,9,1,3,2,2,"A5",,2
1776575050.000,"88809a","HVN402  ",24.993291,121.370216,33025,34575,507.2,273,458,0.772,36.82,-0.06,0.35,34.28,29.31,0,-32,,265,80,1012.8,32992,,"5613",-37.5,816,186,1,9,1,3,2,2,"A3",,2
1776575055.000,"780e05","CSN3097 ",24.993073,121.114553,2425,2600,189.3,179,190,0.284,49.07,,0.35,52.56,47.59,-1024,-992,,,,1012.0,3008,,"3126",-37.3,147,186,1,9,1,3,2,2,"A5",,2
1776575055.000,"71be02","KAL344  ",24.871185,121.270510,37000,38675,561.4,268,486,0.824,36.89,-0.03,0.00,36.56,31.62,0,0,,247,89,1013.6,36992,,"0112",-35.7,170,186,1,9,1,3,2,2,"A5",,2
1776575055.000,"88809a","HVN402  ",24.993291,121.370216,33025,34575,507.2,273,458,0.772,36.82,-0.06,0.35,34.28,29.31,0,-32,,265,80,1012.8,32992,,"5613",-37.5,816,186,1,9,1,3,2,2,"A3",,2
1776575060.000,"780e05","CSN3097 ",24.995759,121.117997,2350,2525,184.4,175,190,0.276,49.40,,0.35,52.73,47.76,-1024,-992,,,,1012.0,3008,,"3126",-36.2,172,186,1,9,1,3,2,2,"A5",,2
1776575060.000,"71be02","KAL344  ",24.886407,121.282999,37000,38675,561.4,268,486,0.824,36.89,0.00,0.00,36.56,31.61,0,32,,247,89,1013.6,36992,,"0112",-35.3,218,186,1,9,1,3,2,2,"A5",,2
1776575060.000,"88809a","HVN402  ",24.993291,121.370216,33025,34575,507.2,273,458,0.772,36.82,-0.06,0.35,34.28,29.31,0,-32,,265,80,1012.8,32992,,"5613",-37.5,816,186,1,9,1,3,2,2,"A3",,2
1776575065.000,"780e05","CSN3097 ",24.996317,121.118671,2325,2500,184.4,175,190,0.276,49.40,,0.35,52.73,47.76,-1024,-992,,,,1012.0,3008,,"3126",-37.8,179,186,1,9,1,3,2,2,"A5",,2
1776575065.000,"71be02","KAL344  ",24.895113,121.290203,37000,38650,562.2,268,488,0.824,36.83,0.00,0.00,36.56,31.61,0,0,,248,88,1013.6,36992,,"0112",-35.5,274,186,1,9,1,3,2,2,"A5",,2
1776575065.000,"88809a","HVN402  ",24.993291,121.370216,33025,34575,507.2,273,458,0.772,36.82,-0.06,0.35,34.28,29.31,0,-32,,265,80,1012.8,32992,,"5613",-37.6,818,186,1,9,1,3,2,2,"A3",,2
1776575070.000,"780e05","CSN3097 ",24.996317,121.118671,2325,2500,184.4,175,190,0.276,49.40,,0.35,52.73,47.76,-1024,-992,,,,1012.0,3008,,"3126",-38.2,182,186,1,9,1,3,2,2,"A5",,2
1776575070.000,"71be02","KAL344  ",24.908386,121.301066,37000,38650,562.2,268,488,0.824,36.83,0.00,0.00,36.56,31.61,0,0,,248,88,1013.6,36992,,"0112",-36.0,305,186,1,9,1,3,2,2,"A5",,2
1776575070.000,"88809a","HVN402  ",24.993291,121.370216,33025,34575,507.2,273,458,0.772,36.82,-0.06,0.35,34.28,29.31,0,-32,,265,80,1012.8,32992,,"5613",-37.7,820,186,1,9,1,3,2,2,"A3",,2
1776575075.000,"71c220","TWB687  ",24.907562,121.002757,3750,3950,193.2,179,192,0.288,64.23,-1.31,-12.48,66.27,61.33,-1088,-1120,,326,13,1012.0,3008,,,-33.8,24,186,,8,2,2,,,,,0
1776575075.000,"780e05","CSN3097 ",24.996317,121.118671,2325,2500,184.4,175,190,0.276,49.40,,0.35,52.73,47.76,-1024,-992,,,,1012.0,3008,,"3126",-38.2,182,186,1,9,1,3,2,2,"A5",,2
1776575075.000,"71be02","KAL344  ",24.914841,121.306356,37000,38650,562.2,268,490,0.824,36.83,0.00,0.00,36.56,31.61,0,0,,248,88,1013.6,36992,,"0112",-35.8,329,186,1,9,1,3,2,2,"A5",,2
1776575075.000,"88809a","HVN402  ",24.993291,121.370216,33025,34575,507.2,,458,,36.82,-0.06,0.35,,,0,,,,,1012.8,32992,,"5613",-37.8,821,186,1,9,1,3,,,"A3",,2
1776575075.000,"845f9f","N/A",25.071487,121.385447,40000,41925,405.9,,490,,229.80,0.00,0.18,,,0,,,,,1013.6,40000,,"3202",-37.0,50,186,1,8,2,2,,,,,0
1776575080.000,"71c220","TWB687  ",24.908846,121.005439,3675,3875,193.4,179,192,0.288,60.92,-1.31,-12.48,66.27,61.33,-1152,-1120,,326,13,1012.0,3008,,"7173",-34.0,41,186,1,10,2,3,2,2,"A3",,2
1776575080.000,"780e05","CSN3097 ",24.996317,121.118671,2325,2500,184.4,175,190,0.276,49.40,,0.35,52.73,47.76,-1024,-992,,,,1012.0,3008,,"3126",-38.2,182,186,1,9,1,3,2,2,"A5",,2
1776575080.000,"71be02","KAL344  ",24.929142,121.318135,37000,38650,562.2,268,490,0.824,36.83,-0.03,0.00,36.56,31.61,0,0,,248,88,1013.6,36992,,"0112",-37.1,340,186,1,9,1,3,2,2,"A5",,2
1776575080.000,"88809a","HVN402  ",24.993291,121.370216,33025,34575,508.0,,458,,36.91,0.00,0.35,,,0,,,,,1012.8,32992,,"5613",-37.8,822,186,1,9,1,3,,,"A3",,2
1776575080.000,"845f9f","N/A",25.065447,121.377575,40000,41925,405.9,,490,,229.80,0.00,0.18,,,0,,,,,1013.6,40000,,"3202",-37.4,60,186,1,8,2,2,,,,,0
1776575085.000,"71c220","TWB687  ",24.912151,121.011191,3550,3725,192.8,179,192,0.288,55.57,-1.31,-12.48,66.27,61.33,-1152,-1120,,326,13,1012.0,3008,,"7173",-35.2,68,186,1,10,2,3,2,2,"A3",,2
1776575085.000,"780e05","CSN3097 ",24.996317,121.118671,2325,2500,184.4,175,190,0.276,49.40,,0.35,52.73,47.76,-1024,-992,,,,1012.0,3008,,"3126",-38.2,182,186,1,9,1,3,2,2,"A5",,2
1776575085.000,"71be02","KAL344  ",24.939056,121.326294,37000,38650,562.2,268,490,0.824,36.83,-0.03,0.00,36.56,31.61,0,0,,248,88,1013.6,36992,,"0112",-35.2,359,186,1,9,1,3,2,2,"A5",,2
1776575085.000,"845f9f","N/A",25.065447,121.377575,40000,41925,405.9,,490,,229.80,0.00,0.18,,,0,,,,,1013.6,40000,,"3202",-37.7,67,186,1,10,2,3,2,2,,,2
1776575085.000,"88809a","HVN402  ",25.076889,121.438955,33025,34575,507.2,272,460,0.768,36.82,0.00,0.18,34.28,29.29,0,-32,,,,1012.8,32992,,"5613",-36.6,850,186,1,9,1,3,,,"A3",,2
1776575090.000,"71c220","TWB687  ",24.913594,121.013420,3500,3675,193.0,180,192,0.288,53.43,-0.38,-3.69,55.72,50.78,-1152,-1120,,316,9,1012.0,3008,,"7173",-35.1,80,186,1,10,2,3,2,2,"A3",,2
1776575090.000,"780e05","CSN3097 ",24.996317,121.118671,2325,2500,184.4,175,190,0.276,49.40,,0.35,52.73,47.76,-1024,-992,,,,1012.0,3008,,"3126",-38.2,182,186,1,9,1,3,2,2,"A5",,2
1776575090.000,"71be02","KAL344  ",24.941345,121.328176,37000,38650,562.2,268,490,0.824,36.83,-0.03,0.00,36.56,31.61,0,0,,248,88,1013.6,36992,,"0112",-36.8,377,186,1,9,1,3,2,2,"A5",,2
1776575090.000,"845f9f","N/A",25.052032,121.360219,40000,41925,406.5,,490,,229.69,0.00,0.18,,,0,,,,,1013.6,40000,,"3202",-37.4,74,186,1,10,2,3,2,2,,,2
1776575090.000,"88809a","HVN402  ",25.087979,121.448105,33025,34550,507.2,272,460,0.768,36.82,0.00,0.18,34.28,29.29,0,-32,,,,1012.8,32992,,"5613",-36.6,867,186,1,9,1,3,,,"A3",,2
1776575095.000,"71c220","TWB687  ",24.915177,121.015803,3450,3625,192.4,180,192,0.288,52.18,-0.38,-3.69,55.72,50.78,-1088,-1120,,316,9,1012.0,3008,,"7173",-35.2,94,186,1,10,2,3,2,2,"A3",,2
1776575095.000,"780e05","CSN3097 ",24.996317,121.118671,2325,2500,184.4,175,190,0.276,49.40,,0.35,52.73,47.76,-1024,-992,,,,1012.0,3008,,"3126",-38.2,182,186,1,9,1,3,2,2,"A5",,2
1776575095.000,"71be02","KAL344  ",24.955863,121.340056,37000,38650,563.0,268,490,0.824,36.77,-0.03,0.00,36.56,31.61,0,0,,248,88,1013.6,36992,,"0112",-37.1,383,186,1,9,1,3,2,2,"A5",,2
1776575095.000,"845f9f","N/A",25.052032,121.360219,40000,41925,406.5,,490,,229.69,0.00,0.18,,,0,,,,,1013.6,40000,,"3202",-36.8,92,186,1,10,2,3,2,2,,,2
1776575095.000,"88809a","HVN402  ",25.093048,121.452281,33000,34550,507.2,272,458,0.768,36.82,-0.03,0.53,34.28,29.29,0,-32,,,,1012.8,32992,,"5613",-36.9,898,186,1,9,1,3,,,"A3",,2
1776575100.000,"71c220","TWB687  ",24.920059,121.022695,3300,3475,190.5,180,192,0.288,50.96,-0.31,-2.81,53.61,48.67,-512,-704,,319,10,1012.0,3008,,"7173",-35.6,118,186,1,10,2,3,2,2,"A3",,2
1776575100.000,"780e05","CSN3097 ",24.996317,121.118671,2325,2500,184.4,175,190,0.276,49.40,,0.35,52.73,47.76,-1024,-992,,,,1012.0,3008,,"3126",-38.2,182,186,1,9,1,3,2,2,"A5",,2
1776575100.000,"845f9f","NCA209  ",25.036352,121.339900,40000,41925,406.5,256,490,0.840,229.69,0.00,0.18,236.95,231.96,0,0,,,,1013.6,40000,,"3202",-36.3,120,186,1,10,2,3,2,2,"A5",,2
1776575100.000,"71be02","KAL344  ",24.955863,121.340056,37000,38650,563.0,268,490,0.824,36.77,-0.03,0.00,36.56,31.61,0,0,,248,88,1013.6,36992,,"0112",-37.2,385,186,1,9,1,3,2,2,"A5",,2
1776575100.000,"88809a","HVN402  ",25.100739,121.458639,33000,34550,507.2,272,458,0.768,36.82,-0.03,0.53,34.28,29.29,-64,-32,,,,1012.8,32992,,"5613",-37.0,911,186,1,9,1,3,2,2,"A3",,2
1776575105.000,"71c220","TWB687  ",24.920059,121.022695,3300,3475,190.5,180,192,0.288,50.96,-0.31,-2.81,53.61,48.67,-512,-704,,319,10,1012.0,3008,,"7173",-35.6,118,186,1,10,2,3,2,2,"A3",,2
1776575105.000,"780e05","CSN3097 ",24.996317,121.118671,2325,2500,184.4,175,,0.276,49.40,,,52.73,47.76,-1024,-992,,,,1012.0,3008,,"3126",-38.2,182,186,1,9,1,3,2,2,"A5",,2
1776575105.000,"845f9f","NCA209  ",25.030487,121.332334,40000,41925,406.5,255,490,0.840,229.69,0.00,0.35,236.95,231.96,0,0,,,,1013.6,40000,,"3202",-36.6,152,186,1,10,2,3,2,2,"A5",,2
1776575105.000,"71be02","KAL344  ",24.955863,121.340056,37000,38650,563.0,268,490,0.824,36.77,-0.03,0.00,36.56,31.61,0,0,,248,88,1013.6,36992,,"0112",-37.2,385,186,1,9,1,3,2,2,"A5",,2
1776575105.000,"88809a","HVN402  ",25.116143,121.471322,33000,34525,507.0,272,458,0.768,36.98,-0.03,0.53,34.28,29.29,0,-32,,,,1012.8,32992,,"5613",-37.0,930,186,1,9,1,3,2,2,"A3",,2
1776575110.000,"71c220","TWB687  ",24.920059,121.022695,3300,3475,190.5,180,192,0.288,50.96,-0.31,-2.81,53.61,48.67,-512,-704,,319,10,1012.0,3008,,"7173",-36.8,121,186,1,10,2,3,2,2,"A3",,2
1776575110.000,"780e05","CSN3097 ",24.996317,121.118671,2325,2500,184.4,175,,0.276,49.40,,,52.73,47.76,-1024,-992,,,,1012.0,3008,,"3126",-38.2,182,186,1,9,1,3,2,2,"A5",,2
1776575110.000,"845f9f","NCA209  ",25.030487,121.332334,40000,41925,406.5,255,490,0.840,229.69,0.00,0.35,236.95,231.96,0,0,,,,1013.6,40000,,"3202",-37.0,167,186,1,10,2,3,2,2,"A5",,2
1776575110.000,"71be02","KAL344  ",24.991336,121.369283,37000,38650,563.0,268,490,0.824,36.77,-0.03,0.00,36.56,31.61,0,0,,248,88,1013.6,36992,,"0112",-37.3,386,186,1,9,1,3,2,2,"A5",,2
1776575110.000,"88809a","HVN402  ",25.121962,121.476141,33000,34525,506.8,272,458,0.768,37.14,-0.03,0.53,34.28,29.29,0,-32,,,,1012.8,32992,,"5613",-37.6,942,186,1,9,1,3,2,2,"A3",,2
1776575115.000,"71c220","TWB687  ",24.920059,121.022695,3300,3475,190.5,180,192,0.288,50.96,-0.31,-2.81,53.61,48.67,-512,-704,,319,10,1012.0,3008,,"7173",-36.8,121,186,1,10,2,3,2,2,"A3",,2
1776575115.000,"780e05","CSN3097 ",24.996317,121.118671,2325,2500,184.4,175,,0.276,49.40,,,52.73,47.76,-1024,-992,,,,1012.0,3008,,"3126",-38.2,182,186,1,9,1,3,2,2,"A5",,2
1776575115.000,"845f9f","NCA209  ",25.018524,121.316935,40000,41925,406.5,255,490,0.836,229.69,0.00,0.35,236.95,231.97,0,0,,,,1013.6,40000,,"3202",-36.7,184,186,1,10,2,3,2,2,"A5",,2
1776575115.000,"71be02","KAL344  ",24.991336,121.369283,37000,38650,563.0,268,490,0.824,36.77,-0.03,0.00,36.56,31.61,0,0,,248,88,1013.6,36992,,"0112",-37.3,386,186,1,9,1,3,2,2,"A5",,2
1776575115.000,"88809a","HVN402  ",25.121962,121.476141,33000,34525,506.8,272,458,0.768,37.14,-0.03,0.53,34.28,29.29,0,-32,,,,1012.8,32992,,"5613",-37.6,942,186,1,9,1,3,2,2,"A3",,2
1776575120.000,"71c220","TWB687  ",24.931749,121.037310,3125,3300,188.4,180,192,0.288,48.44,-0.31,-2.81,53.61,48.67,-832,-704,,319,10,1012.0,3008,,"7173",-36.2,130,186,1,10,2,3,2,2,"A3",,2
1776575120.000,"780e05","CSN3097 ",24.996317,121.118671,2325,2500,,,,,,,,,,,,,,,,,,,-38.2,182,186,1,9,,3,2,2,"A5",,2
1776575120.000,"845f9f","NCA209  ",25.012424,121.309066,40000,41925,406.5,255,490,0.836,229.69,0.00,0.35,236.95,231.97,0,0,,,,1013.6,40000,,"3202",-37.4,200,186,1,10,2,3,2,2,"A5",,2
1776575120.000,"71be02","KAL344  ",24.991336,121.369283,37000,38650,563.0,268,490,0.824,36.77,-0.03,0.00,36.56,31.61,0,0,,248,88,1013.6,36992,,"0112",-37.3,386,186,1,9,1,3,2,2,"A5",,2
1776575120.000,"88809a","HVN402  ",25.121962,121.476141,33000,34525,506.8,272,458,0.768,37.14,-0.03,0.53,34.28,29.29,0,-32,,,,1012.8,32992,,"5613",-37.6,942,186,1,9,1,3,2,2,"A3",,2
1776575125.000,"71c220","TWB687  ",24.933518,121.039434,3075,3225,189.0,180,192,0.288,47.79,-0.31,-2.81,53.61,48.67,-768,-704,,319,10,1012.0,3008,,"7173",-35.7,160,186,1,10,2,3,2,2,"A3",,2
1776575125.000,"845f9f","NCA209  ",25.006348,121.301168,40000,41925,406.5,255,490,0.836,229.69,0.00,0.35,236.95,231.97,0,0,,,,1013.6,40000,,"3202",-36.4,229,186,1,10,2,3,2,2,"A5",,2
1776575125.000,"71be02","KAL344  ",24.991336,121.369283,37000,38650,563.0,,490,,36.77,-0.03,0.00,,,0,,,,,1013.6,36992,,"0112",-37.3,386,186,1,9,1,3,,,"A5",,2
1776575125.000,"88809a","HVN402  ",25.121962,121.476141,33000,34525,506.8,272,458,0.768,37.14,-0.03,0.53,34.28,29.29,0,-32,,,,1012.8,32992,,"5613",-38.0,944,186,1,9,1,3,2,2,"A3",,2
1776575130.000,"71c220","TWB687  ",24.937336,121.044098,3025,3175,188.4,180,192,0.288,48.44,-0.31,-2.81,53.61,48.67,-128,-704,,319,10,1012.0,3008,,"7173",-37.1,175,186,1,10,2,3,2,2,"A3",,2
1776575130.000,"845f9f","NCA209  ",25.006348,121.301168,40000,41925,406.5,255,490,0.836,229.69,0.00,0.35,236.95,231.97,0,0,,,,1013.6,40000,,"3202",-37.5,238,186,1,10,2,3,2,2,"A5",,2
1776575130.000,"71be02","KAL344  ",24.991336,121.369283,37000,38650,563.0,,490,,36.77,-0.03,0.00,,,0,,,,,1013.6,36992,,"0112",-37.3,386,186,1,9,1,3,,,"A5",,2
1776575130.000,"88809a","HVN402  ",25.121962,121.476141,33000,34525,506.8,272,458,0.768,37.14,-0.03,0.53,34.28,29.29,0,-32,,,,1012.8,32992,,"5613",-38.0,944,186,1,9,1,3,2,2,"A3",,2
1776575135.000,"71c220","TWB687  ",24.938360,121.045394,3025,3175,188.4,180,192,0.288,48.44,-0.31,-2.81,53.61,48.67,-128,-704,,319,10,1012.0,3008,,"7173",-37.6,188,186,1,10,2,3,2,2,"A3",,2
1776575135.000,"845f9f","NCA209  ",25.006348,121.301168,40000,41925,406.5,255,490,0.836,229.69,0.00,0.35,236.95,231.97,0,0,,,,1013.6,40000,,"3202",-37.9,247,186,1,10,2,3,2,2,"A5",,2
1776575135.000,"71be02","KAL344  ",24.991336,121.369283,37000,38650,563.0,,490,,36.77,-0.03,0.00,,,0,,,,,1013.6,36992,,"0112",-37.3,386,186,1,9,1,3,,,"A5",,2
1776575135.000,"88809a","HVN402  ",25.121962,121.476141,33000,34525,506.8,272,458,0.768,37.14,-0.03,0.53,34.28,29.29,0,-32,,,,1012.8,32992,,"5613",-37.5,954,186,1,9,1,3,2,2,"A3",,2
1776575140.000,"71c220","TWB687  ",24.941618,121.049540,3025,3175,188.4,180,192,0.288,48.44,-0.31,-2.81,53.61,48.67,-128,-704,,319,10,1012.0,3008,,"7173",-37.0,197,186,1,10,2,3,2,2,"A3",,2
1776575140.000,"845f9f","NCA209  ",25.006348,121.301168,40000,41925,406.5,255,490,0.836,229.69,0.00,0.35,236.95,231.97,0,0,,,,1013.6,40000,,"3202",-37.7,250,186,1,10,2,3,2,2,"A5",,2
1776575140.000,"71be02","KAL344  ",24.991336,121.369283,37000,38650,563.0,,490,,36.77,-0.03,0.00,,,0,,,,,1013.6,36992,,"0112",-37.3,386,186,1,9,1,3,,,"A5",,2
1776575140.000,"88809a","HVN402  ",25.121962,121.476141,33000,34525,506.8,272,458,0.768,37.14,-0.03,0.53,34.28,29.29,0,-32,,,,1012.8,32992,,"5613",-37.6,955,186,1,9,1,3,2,2,"A3",,2
1776575145.000,"71c220","TWB687  ",24.945436,121.054411,3025,3175,187.9,179,190,0.284,49.10,-0.12,-1.23,51.15,46.20,0,32,,330,10,1012.0,3008,,"7173",-36.4,212,186,1,10,2,3,2,2,"A3",,2
1776575145.000,"845f9f","NCA209  ",25.006348,121.301168,40000,41925,406.5,255,490,0.836,229.69,0.00,0.35,236.95,231.97,0,0,,,,1013.3,40000,,"3202",-37.6,262,186,1,10,2,3,2,2,"A5",,2
1776575145.000,"71be02","KAL344  ",24.991336,121.369283,37000,38650,563.0,,,,36.77,,,,,0,,,,,1013.6,36992,,,-37.3,386,186,1,9,1,3,,,"A5",,2
1776575145.000,"88809a","HVN402  ",25.121962,121.476141,33000,34525,506.8,,458,,37.14,-0.03,0.53,,,0,,,,,1012.8,32992,,"5613",-37.9,958,186,1,9,1,3,2,2,"A3",,2
1776575150.000,"71c220","TWB687  ",24.948834,121.058661,3025,3175,188.4,179,190,0.284,48.44,-0.12,-1.23,51.15,46.20,64,32,,330,10,1012.0,3008,,"7173",-36.1,232,186,1,10,2,3,2,2,"A3",,2
1776575150.000,"845f9f","NCA209  ",25.006348,121.301168,40000,41925,407.2,255,490,0.836,229.58,0.00,0.35,236.95,231.97,0,0,,,,1013.3,40000,,"3202",-37.7,268,186,1,10,2,3,2,2,"A5",,2
1776575150.000,"71be02","KAL344  ",24.991336,121.369283,37000,38650,563.0,,,,36.77,,,,,0,,,,,1013.6,36992,,,-37.3,386,186,1,9,1,3,,,"A5",,2
1776575150.000,"88809a","HVN402  ",25.121962,121.476141,33000,34525,506.8,,458,,37.14,-0.03,0.53,,,0,,,,,,,,"5613",-37.9,958,186,1,9,1,3,2,2,"A3",,2
1776575155.000,"71c220","TWB687  ",24.951233,121.061656,3025,3175,188.5,179,192,0.288,48.87,0.16,0.88,51.50,46.55,128,96,,330,10,1012.0,3008,,"7173",-35.7,256,186,1,10,2,3,2,2,"A3",,2
1776575155.000,"845f9f","NCA209  ",24.975229,121.261027,40000,41925,406.4,255,490,0.836,229.49,0.00,0.35,236.95,231.97,0,0,,,,1013.6,40000,,"3202",-37.4,278,186,1,10,2,3,2,2,"A5",,2
1776575155.000,"71be02","KAL344  ",24.991336,121.369283,37000,38650,,,,,,,,,,,,,,,,,,,-37.3,386,186,,,,,,,"A5",,2
1776575155.000,"88809a","HVN402  ",25.121962,121.476141,33000,34525,506.8,,458,,37.14,-0.03,0.53,,,0,,,,,,,,,-37.9,958,186,1,9,1,3,2,2,"A3",,2
1776575160.000,"71c220","TWB687  ",24.954620,121.065877,3025,3175,188.5,179,192,0.288,48.87,0.16,0.88,51.50,46.55,128,96,,330,10,1012.0,3008,,"7173",-35.7,281,186,1,10,2,3,2,2,"A3",,2
1776575160.000,"845f9f","NCA209  ",24.964966,121.247813,40000,41925,407.2,255,490,0.840,229.58,0.00,0.53,236.95,231.99,0,-32,,244,86,1013.6,40000,,"3202",-36.3,310,186,1,10,2,3,2,2,"A5",,2
1776575160.000,"71be02","KAL344  ",24.991336,121.369283,37000,38650,,,,,,,,,,,,,,,,,,,-37.3,386,186,,,,,,,"A5",,2
1776575160.000,"88809a","HVN402  ",25.121962,121.476141,33000,34525,506.8,,,,37.14,,,,,0,,,,,,,,,-37.9,958,186,1,9,1,3,2,2,"A3",,2
1776575165.000,"71c220","TWB687  ",24.957825,121.069845,3025,3175,189.8,181,192,0.288,48.42,-0.06,-0.18,50.62,45.67,0,0,,330,10,1012.0,3008,,"7173",-35.3,321,186,1,10,2,3,2,2,"A3",,2
1776575165.000,"845f9f","NCA209  ",24.958843,121.239935,40000,41925,406.5,255,490,0.840,229.69,0.00,0.35,236.78,231.82,0,0,,242,85,1013.6,40000,,"3202",-36.1,349,186,1,10,2,3,2,2,"A5",,2
1776575165.000,"71be02","KAL344  ",24.991336,121.369283,37000,38650,,,,,,,,,,,,,,,,,,,-37.3,386,186,,,,,,,"A5",,2
1776575165.000,"88809a","HVN402  ",25.121962,121.476141,33000,34525,506.8,,,,37.14,,,,,0,,,,,,,,,-37.9,958,186,1,9,1,3,2,2,"A3",,2
1776575170.000,"71c220","TWB687  ",24.960751,121.073534,3025,3175,190.8,180,192,0.288,49.46,-0.06,-0.18,51.15,46.19,0,-32,,330,10,1012.0,3008,,"7173",-36.1,352,186,1,10,2,3,2,2,"A3",,2
1776575170.000,"845f9f","NCA209  ",24.951301,121.230192,40000,41925,407.2,255,490,0.840,229.58,0.00,0.18,236.95,231.99,0,0,,244,85,1013.6,40000,,"3202",-35.1,394,186,1,10,2,3,2,2,"A5",,2
1776575175.000,"71c220","TWB687  ",24.963089,121.076508,3050,3200,190.3,180,192,0.288,50.12,0.06,0.70,52.56,47.60,-64,-32,,327,8,1012.0,3008,,"7173",-36.0,389,186,1,10,2,3,2,2,"A3",,2
1776575175.000,"845f9f","NCA209  ",24.945063,121.222160,40000,41925,407.2,255,490,0.840,229.58,0.00,0.35,236.95,232.00,0,0,,244,85,1013.6,40000,,"3202",-33.7,473,186,1,10,2,3,2,2,"A5",,2
1776575180.000,"71c220","TWB687  ",24.966156,121.080526,3025,3175,190.9,180,192,0.288,49.89,-0.06,-0.35,52.73,47.77,-64,-64,,331,8,1012.0,3008,,"7173",-35.6,423,186,1,10,2,3,2,2,"A3",,2
1776575180.000,"845f9f","NCA209  ",24.938965,121.214283,40000,41925,407.2,256,490,0.840,229.58,0.00,0.35,236.78,231.82,0,0,,243,85,1013.6,40000,,"3202",-32.9,535,186,1,10,2,3,2,2,"A5",,2
1776575185.000,"71c220","TWB687  ",24.968991,121.084209,3025,3175,191.6,181,192,0.288,49.66,-0.12,-1.05,51.86,46.89,-128,-320,,331,8,1012.0,3008,,"7173",-34.6,463,186,1,10,2,3,2,2,"A3",,2
1776575185.000,"845f9f","NCA209  ",24.932877,121.206411,40000,41925,407.2,256,490,0.840,229.58,0.00,0.35,236.78,231.82,0,0,,243,85,1013.6,40000,,"3202",-32.3,628,186,1,10,2,3,2,2,"A5",,2
1776575190.000,"71c220","TWB687  ",24.972110,121.088147,3000,3150,192.9,182,194,0.292,49.21,-0.09,-0.88,51.68,46.71,-576,-608,,326,8,1012.0,3008,,"7173",-35.2,504,186,1,10,2,3,2,2,"A3",,2
1776575190.000,"845f9f","NCA209  ",24.926768,121.198529,40000,41925,407.2,256,490,0.840,229.58,0.00,0.35,236.78,231.83,0,0,,243,85,1013.6,40000,,"3202",-31.9,687,186,1,10,2,3,2,2,"A5",,2
1776575195.000,"71c220","TWB687  ",24.975082,121.091919,2925,3075,194.2,184,196,0.292,48.76,-0.06,0.00,51.33,46.36,-896,-864,,330,8,1012.0,3008,,"7173",-34.7,553,186,1,10,2,3,2,2,"A3",,2
1776575195.000,"845f9f","NCA209  ",24.920391,121.190341,40000,41925,407.2,256,490,0.840,229.58,0.00,0.35,236.78,231.83,0,0,,243,85,1013.6,40000,,"3202",-31.4,767,186,1,10,2,3,2,2,"A5",,2
1776575200.000,"71c220","TWB687  ",24.977650,121.095143,2850,3025,194.9,186,198,0.296,48.95,0.00,0.35,51.33,46.36,-1088,-1088,,343,9,1012.0,3008,,"7173",-34.1,588,186,1,10,2,3,2,2,"A3",,2
1776575200.000,"845f9f","NCA209  ",24.914665,121.182982,40000,41925,407.2,256,490,0.840,229.58,0.00,0.35,236.78,231.83,0,0,,243,85,1013.6,40000,,"3202",-32.0,838,186,1,10,2,3,2,2,"A5",,2
1776575205.000,"71c220","TWB687  ",24.980759,121.099040,2775,2925,192.1,184,194,0.292,49.01,0.00,-0.18,51.50,46.54,-1216,-1216,,331,9,1012.0,3008,,"7173",-34.4,633,186,1,10,2,3,2,2,"A3",,2
1776575205.000,"845f9f","NCA209  ",24.909171,121.175883,40000,41925,407.2,256,490,0.840,229.58,0.00,0.35,236.78,231.84,0,0,,243,85,1013.6,40000,,"3202",-33.3,928,186,1,10,2,3,2,2,"A5",,2
1776575210.000,"851142","N/A",24.924271,120.993856,3000,3150,192.1,,,,76.76,,,,,,0,,,,,,,,-36.4,68,186,,8,2,2,,,"A0",,0
1776575210.000,"71c220","TWB687  ",24.983096,121.102036,2700,2850,189.3,184,194,0.292,49.07,0.00,-0.18,51.50,46.54,-1088,-1216,,331,9,1012.0,3008,,"7173",-35.2,651,186,1,10,2,3,2,2,"A3",,2
1776575210.000,"845f9f","NCA209  ",24.902206,121.166890,40000,41925,407.2,256,490,0.840,229.58,0.00,0.35,236.78,231.84,0,0,,243,85,1013.6,40000,,"3202",-33.5,993,186,1,10,2,3,2,2,"A5",,2
1776575215.000,"851142","N/A",24.925837,121.001086,3025,3175,192.3,,,,76.47,,,,,,64,,,,,,,,-37.7,73,186,,8,2,2,,,"A0",,0
1776575215.000,"71c220","TWB687  ",24.986960,121.106855,2575,2725,186.5,180,190,0.284,49.13,-0.03,0.00,51.50,46.53,-960,-1024,,332,9,1012.0,3008,,"7173",-34.3,678,186,1,10,2,3,2,2,"A3",,2
1776575215.000,"845f9f","NCA209  ",24.896090,121.159040,40000,41925,407.2,256,490,0.840,229.58,0.00,0.35,236.78,231.84,0,0,,243,85,1013.6,40000,,"3202",-34.2,1055,186,1,10,2,3,2,2,"A5",,2
1776575220.000,"851142","N/A",24.925837,121.001086,3025,3175,192.3,,,,76.47,,,,,,64,,,,,,,,-37.8,74,186,,8,2,2,,,"A0",,0
1776575220.000,"71c220","TWB687  ",24.989136,121.109670,2525,2675,182.2,177,186,0.280,49.23,0.09,0.53,51.68,46.71,-960,-960,,325,8,1012.0,3008,,"7173",-34.9,700,186,1,10,2,3,2,2,"A3",,2
1776575220.000,"845f9f","NCA209  ",24.889984,121.151174,40000,41925,407.2,256,490,0.840,229.58,0.00,0.35,236.95,232.02,0,0,,244,85,1013.6,40000,,"3202",-34.4,1110,186,1,10,2,3,2,2,"A5",,2
1776575225.000,"851142","N/A",24.925837,121.001086,3025,3175,192.3,,,,76.47,,,,,,64,,,,,,,,-37.5,81,186,,8,2,2,,,"A0",,0
1776575225.000,"71c220","TWB687  ",24.991941,121.113229,2450,2600,178.0,177,180,0.280,49.33,-0.09,-0.53,51.68,46.71,-832,-960,,325,8,1012.0,3008,,"7173",-36.1,728,186,1,10,2,3,2,2,"A3",,2
1776575225.000,"845f9f","NCA209  ",24.883896,121.143290,40000,41925,407.2,256,490,0.840,229.58,0.00,0.35,236.95,232.02,0,0,,244,85,1013.6,40000,,"3202",-35.2,1159,186,1,10,2,3,2,2,"A5",,2
1776575230.003,"851142","N/A",24.925837,121.001086,3025,3175,192.3,,,,76.47,,,,,,64,,,,,,,,-37.7,83,186,,8,2,2,,,"A0",,0
1776575230.003,"71c220","TWB687  ",24.994967,121.117064,2375,2525,174.3,166,174,0.264,48.72,-0.03,-0.35,51.68,46.71,-832,-800,,326,7,1012.0,3008,,"7173",-34.7,755,186,1,10,2,3,2,2,"A3",,2
1776575230.003,"845f9f","NCA209  ",24.882660,121.141713,40000,41925,407.2,256,490,0.840,229.58,0.00,0.35,236.95,232.02,0,0,,244,85,1013.6,40000,,"3202",-36.2,1181,186,1,10,2,3,2,2,"A5",,2
1776575235.000,"851142","JAL8671 ",24.929306,121.017558,2800,2950,195.8,185,,0.296,77.31,,,79.10,74.16,-1408,-1536,,,,,,,,-37.5,100,186,,8,2,2,,,"A0",,0
1776575235.000,"71c220","TWB687  ",24.997714,121.120485,2300,2425,171.5,166,174,0.264,48.78,-0.03,-0.35,51.68,46.71,-832,-800,,326,7,1012.0,3008,,"7173",-37.4,776,186,1,10,2,3,2,2,"A3",,2
1776575235.000,"845f9f","NCA209  ",24.874211,121.130849,40000,41925,407.2,256,490,0.840,229.58,0.00,0.35,236.95,232.03,0,32,,244,85,1013.6,40000,,"3202",-37.2,1199,186,1,10,2,3,2,2,"A5",,2
1776575240.000,"851142","JAL8671 ",24.929306,121.017558,2800,2950,195.8,185,,0.296,77.31,,,79.10,74.16,-1408,-1536,,,,,,,,-37.5,100,186,,8,2,2,,,"A0",,0
1776575240.000,"71c220","TWB687  ",24.999250,121.122402,2250,2375,168.0,163,174,0.256,49.10,-0.03,-0.35,52.38,47.41,-768,-800,,326,7,1012.0,3008,,"7173",-37.1,786,186,1,10,2,3,2,2,"A3",,2
1776575240.000,"845f9f","NCA209  ",24.874211,121.130849,40000,41925,407.2,256,490,0.840,229.58,0.00,0.35,236.95,232.03,0,32,,244,85,1013.6,40000,,"3202",-37.4,1201,186,1,10,2,3,2,2,"A5",,2
1776575245.000,"851142","JAL8671 ",24.929306,121.017558,2800,2950,195.8,185,,0.296,77.31,,,79.10,74.16,-1408,-1536,,,,,,,,-37.5,100,186,,8,2,2,,,"A0",,0
1776575245.000,"71c220","TWB687  ",24.999250,121.122402,2250,2375,168.0,163,174,0.256,49.10,-0.03,-0.35,52.38,47.41,-768,-800,,326,7,1012.0,3008,,"7173",-37.1,786,186,1,10,2,3,2,2,"A3",,2
1776575245.000,"845f9f","NCA209  ",24.874211,121.130849,40000,41925,407.2,256,490,0.840,229.58,0.00,0.35,236.95,232.03,0,32,,244,85,1013.6,40000,,"3202",-37.4,1203,186,1,10,2,3,2,2,"A5",,2
1776575250.000,"851142","JAL8671 ",24.933192,121.035444,2525,2650,193.3,185,196,0.296,73.16,-1.88,-18.63,79.10,74.16,-1408,-64,,,,1012.0,2496,,,-35.2,113,186,,8,2,2,,,"A0",,0
1776575250.000,"71c220","TWB687  ",24.999250,121.122402,2250,2375,168.0,163,174,0.256,49.10,-0.03,-0.35,52.38,47.41,-768,-800,,326,7,1012.0,3008,,"7173",-37.1,786,186,1,10,2,3,2,2,"A3",,2
1776575250.000,"845f9f","NCA209  ",24.874211,121.130849,40000,41925,407.2,256,490,0.840,229.58,0.00,0.35,236.95,232.03,0,32,,244,85,1013.6,40000,,"3202",-37.4,1203,186,1,10,2,3,2,2,"A5",,2
1776575255.000,"851142","JAL8671 ",24.935054,121.039953,2525,2650,191.0,185,192,0.296,63.57,-1.81,-17.58,79.10,74.16,-1408,0,,,,1012.0,2496,,"3243",-35.2,133,186,,8,2,2,,,"A0",,0
1776575255.000,"71c220","TWB687  ",24.999250,121.122402,2250,2375,168.0,163,174,0.256,49.10,-0.03,-0.35,52.38,47.41,-768,-800,,326,7,1012.0,3008,,"7173",-37.1,786,186,1,10,2,3,2,2,"A3",,2
1776575255.000,"845f9f","NCA209  ",24.874211,121.130849,40000,41925,407.2,256,490,0.840,229.58,0.00,0.35,236.95,232.03,0,32,,244,85,1013.6,40000,,"3202",-37.4,1203,186,1,10,2,3,2,2,"A5",,2
1776575260.000,"851142","JAL8671 ",24.936356,121.042277,2500,2625,189.9,185,192,0.296,60.33,-1.19,-11.78,79.10,74.16,-1408,0,,,,1012.0,2496,,"3243",-35.4,149,186,,8,2,2,,,"A0",,0
1776575260.000,"71c220","TWB687  ",24.999250,121.122402,2250,2375,168.0,163,174,0.256,49.10,-0.03,-0.35,52.38,47.41,-768,-800,,326,7,1012.0,3008,,"7173",-37.1,786,186,1,10,2,3,2,2,"A3",,2
1776575260.000,"845f9f","NCA209  ",24.874211,121.130849,40000,41925,407.2,256,490,0.840,229.58,0.00,0.35,236.95,232.03,0,32,,244,85,1013.6,40000,,"3202",-37.4,1203,186,1,10,2,3,2,2,"A5",,2
1776575265.000,"851142","JAL8671 ",24.940063,121.047719,2500,2625,187.9,180,190,0.284,51.48,-0.72,-7.21,52.56,47.61,32,64,,326,14,1012.0,2496,,"3243",-36.8,183,186,,8,2,2,,,"A0",,0
1776575265.000,"71c220","TWB687  ",24.999250,121.122402,2250,2375,168.0,163,174,0.256,49.10,-0.03,-0.35,52.38,47.41,-768,-800,,326,7,1012.0,3008,,"7173",-37.1,786,186,1,10,2,3,2,2,"A3",,2
1776575265.000,"845f9f","NCA209  ",24.874211,121.130849,40000,41925,407.2,256,490,0.840,229.58,0.00,0.35,236.95,232.03,0,32,,244,85,1013.6,40000,,"3202",-37.4,1203,186,1,10,2,3,2,2,"A5",,2
1776575270.000,"851142","JAL8671 ",24.940659,121.048533,2500,2625,187.9,180,190,0.284,51.48,-0.72,-7.21,52.56,47.61,32,64,,326,14,1012.0,2496,,"3243",-37.6,186,186,,8,2,2,,,"A0",,0
1776575270.000,"71c220","TWB687  ",24.999250,121.122402,2250,2375,168.0,163,174,0.256,49.10,-0.03,-0.35,52.38,47.41,-768,-800,,326,7,1012.0,3008,,"7173",-37.1,786,186,1,10,2,3,2,2,"A3",,2
1776575270.000,"845f9f","NCA209  ",24.874211,121.130849,40000,41925,407.2,256,490,0.840,229.58,0.00,0.35,236.95,232.03,0,32,,244,85,1013.6,40000,,"3202",-37.4,1203,186,1,10,2,3,2,2,"A5",,2
1776575275.000,"851142","JAL8671 ",24.940659,121.048533,2500,2625,187.9,180,190,0.284,51.48,-0.72,-7.21,52.56,47.61,32,64,,326,14,1012.0,2496,,"3243",-37.8,200,186,,8,2,2,,,"A0",,0
1776575275.000,"71c220","TWB687  ",24.999250,121.122402,2250,2375,168.0,163,174,0.256,49.10,-0.03,-0.35,52.38,47.41,-768,-800,,326,7,1012.0,3008,,"7173",-37.1,786,186,1,10,2,3,2,2,"A3",,2
1776575275.000,"845f9f","NCA209  ",24.874211,121.130849,40000,41925,407.2,256,490,0.840,229.58,0.00,0.35,236.95,232.03,0,32,,244,85,1013.6,40000,,"3202",-37.4,1203,186,1,10,2,3,2,2,"A5",,2
1776575280.000,"851142","JAL8671 ",24.947437,121.057158,2525,2650,187.1,180,190,0.284,48.90,-0.72,-7.21,52.56,47.61,32,128,,326,14,1012.0,2496,,"3243",-36.6,214,186,,8,2,2,,,"A0",,0
1776575280.000,"71c220","TWB687  ",24.999250,121.122402,2250,2375,168.0,163,174,0.256,49.10,-0.03,-0.35,52.38,47.41,-768,-800,,326,7,1012.0,3008,,"7173",-37.1,786,186,1,10,2,3,2,2,"A3",,2
1776575280.000,"845f9f","NCA209  ",24.874211,121.130849,40000,41925,407.2,256,490,0.840,229.58,0.00,0.35,236.95,232.03,0,32,,244,85,1013.6,40000,,"3202",-37.4,1203,186,1,10,2,3,2,2,"A5",,2
1776575285.000,"851142","JAL8671 ",24.951068,121.061563,2525,2650,187.7,180,190,0.284,48.24,-0.72,-7.21,52.56,47.61,32,64,,326,14,1012.0,2496,,"3243",-37.4,232,186,,8,2,2,,,"A0",,0
1776575285.000,"71c220","TWB687  ",24.999250,121.122402,2250,2375,168.0,163,174,0.256,49.10,-0.03,-0.35,52.38,47.41,-768,-800,,326,7,1012.0,3008,,"7173",-37.1,786,186,1,10,2,3,2,2,"A3",,2
1776575285.000,"845f9f","NCA209  ",24.874211,121.130849,40000,41925,407.2,256,490,0.840,229.58,0.00,0.35,236.95,232.03,0,32,,244,85,1013.6,40000,,"3202",-37.4,1203,186,1,10,2,3,2,2,"A5",,2
1776575290.000,"851142","JAL8671 ",24.953768,121.064776,2525,2650,188.4,180,190,0.284,48.01,-0.72,-7.21,52.56,47.61,32,-64,,326,14,1012.0,2496,,"3243",-37.0,241,186,,8,2,2,,,"A0",,0
1776575290.000,"71c220","TWB687  ",24.999250,121.122402,2250,2375,168.0,163,,0.256,49.10,,,52.38,47.41,-768,-800,,,,1012.0,3008,,"7173",-37.1,786,186,1,10,2,3,,,"A3",,2
1776575290.000,"845f9f","NCA209  ",24.874211,121.130849,40000,41925,407.2,256,490,0.840,229.58,0.00,0.35,236.95,232.03,0,32,,244,85,1013.6,40000,,"3202",-37.4,1203,186,1,10,2,3,,,"A5",,2
1776575295.000,"851142","JAL8671 ",24.957306,121.069180,2525,2650,188.4,180,190,0.284,48.44,-0.72,-7.21,52.56,47.61,32,64,,326,14,1012.0,2496,,"3243",-36.3,271,186,,8,2,2,,,"A0",,0
1776575295.000,"71c220","TWB687  ",24.999250,121.122402,2250,2375,168.0,163,,0.256,49.10,,,52.38,47.41,-768,-800,,,,,,,,-37.1,786,186,,,2,,,,"A3",,2
1776575300.000,"851142","JAL8671 ",24.958936,121.071202,2525,2650,187.8,181,192,0.284,48.67,-0.03,0.00,50.80,45.84,32,64,,342,10,1012.0,2496,,"3243",-37.1,287,186,,8,2,2,,,"A0",,0
1776575300.000,"89905e","TTW714  ",25.215206,121.504177,9125,9575,373.5,,,,72.39,,,,,3200,,,,,,,,,-37.9,17,186,,8,2,2,,,,,0
1776575305.000,"851142","JAL8671 ",24.963172,121.076487,2525,2650,187.8,181,192,0.284,48.67,-0.03,0.00,51.33,46.37,0,64,,342,10,1012.0,2496,,"3243",-37.3,301,186,,8,2,2,,,"A0",,0
1776575305.000,"89905e","TTW714  ",25.215206,121.504177,9125,9575,373.5,,,,72.39,,,,,3200,,,,,,,,,-37.9,17,186,,8,2,2,,,,,0
1776575310.000,"851142","JAL8671 ",24.966156,121.080271,2525,2650,187.8,181,192,0.284,48.67,-0.03,0.00,51.33,46.37,32,64,,342,10,1012.0,2496,,"3243",-37.4,313,186,,8,2,2,,,"A0",,0
1776575310.000,"89905e","TTW714  ",25.215206,121.504177,9125,9575,373.5,,,,72.39,,,,,3200,,,,,,,,,-37.9,17,186,,8,2,2,,,,,0
1776575315.000,"851142","JAL8671 ",24.968994,121.083832,2525,2650,188.5,181,192,0.284,48.87,0.09,1.23,51.86,46.89,-32,0,,342,10,1012.0,2496,,"3243",-37.4,327,186,,8,2,2,,,"A0",,0
1776575315.000,"89905e","TTW714  ",25.215206,121.504177,9125,9575,373.5,,,,72.39,,,,,3200,,,,,,,,,-37.9,17,186,,8,2,2,,,,,0
1776575320.000,"851142","JAL8671 ",24.971832,121.087545,2525,2650,187.2,181,192,0.284,49.33,0.09,1.23,51.86,46.89,-32,-64,,342,10,1012.0,2496,,"3243",-36.3,349,186,,8,2,2,,,"A0",,0
1776575320.000,"89905e","TTW714  ",25.215206,121.504177,9125,9575,373.5,,,,72.39,,,,,3200,,,,,,,,,-37.9,17,186,,8,2,2,,,,,0
1776575325.000,"851142","JAL8671 ",24.974213,121.090495,2500,2625,184.3,176,186,0.280,48.96,0.00,-0.18,51.15,46.19,-96,0,,328,9,1012.0,2496,,"3243",-35.5,406,186,,8,2,2,,,"A0",,0
1776575325.000,"89905e","TTW714  ",25.215206,121.504177,9125,9575,373.5,,,,72.39,,,,,3200,,,,,,,,,-37.9,17,186,,8,2,2,,,,,0
1776575330.000,"851142","JAL8671 ",24.977325,121.094411,2500,2625,182.1,172,182,0.272,48.78,0.09,0.88,51.33,46.36,-64,64,,317,8,1012.0,2496,,"3243",-35.6,445,186,,8,2,2,,,"A0",,0
1776575330.000,"89905e","TTW714  ",25.215206,121.504177,9125,9575,373.5,,,,72.39,,,,,3200,,,,,,,,,-37.9,17,186,,8,2,2,,,,,0
1776575335.000,"851142","JAL8671 ",24.980164,121.098045,2500,2625,178.8,170,180,0.268,49.54,0.16,1.58,52.03,47.06,-96,0,,327,8,1012.0,2496,,"3243",-35.1,489,186,,8,2,2,,,"A0",,0
1776575335.000,"89905e","TTW714  ",25.215206,121.504177,9125,9575,373.5,,,,72.39,,,,,3200,,,,,,,,,-37.9,17,186,,8,2,2,,,,,0
1776575340.000,"851142","JAL8671 ",24.981188,121.099393,2500,2625,177.5,170,178,0.268,50.03,0.00,0.18,52.03,47.06,-96,64,,327,8,1012.0,2496,,"3243",-34.8,502,186,,8,2,2,,,"A0",,0
1776575345.000,"851142","JAL8671 ",24.981188,121.099393,2500,2625,173.9,170,178,0.268,49.90,0.00,0.18,52.03,47.06,-96,64,,327,8,1012.0,2496,,"3243",-37.5,512,186,,8,2,2,,,"A0",,0
1776575350.000,"851142","JAL8671 ",24.987472,121.107529,2500,2625,173.1,170,178,0.268,49.69,0.00,0.18,52.03,47.06,-96,0,,327,8,1012.0,2496,,"3243",-36.8,525,186,,8,2,2,,,"A0",,0
1776575355.000,"851142","JAL8671 ",24.987472,121.107529,2500,2625,171.6,170,178,0.268,49.25,0.00,0.18,52.03,47.06,-96,-576,,327,8,1012.0,2496,,"3243",-37.2,527,186,,8,2,2,,,"A0",,0
1776575360.000,"851142","JAL8671 ",24.993012,121.114577,2400,2525,169.5,170,170,0.268,49.55,0.09,-0.18,52.03,47.06,-96,-576,,327,8,1012.0,2496,,"3243",-36.8,536,186,,8,2,2,,,"A0",,0
1776575365.000,"851142","JAL8671 ",24.995544,121.117757,2350,2475,166.6,161,170,0.252,49.14,-0.09,-0.88,51.33,46.35,-800,-832,,334,9,1012.0,2496,,"3243",-35.9,582,186,,8,2,2,,,"A0",,0
1776575370.000,"851142","JAL8671 ",24.998016,121.120860,2275,2400,166.6,159,168,0.252,49.14,-0.12,-1.23,50.98,46.00,-864,-832,,334,9,1012.0,2496,,"3243",-37.0,589,186,,8,2,2,,,"A0",,0
1776575375.000,"851142","JAL8671 ",25.000122,121.123505,2200,2325,165.0,159,168,0.252,48.19,-0.12,-1.23,50.98,46.00,-864,-1024,,334,9,1012.0,2496,,"3243",-37.7,594,186,,8,2,2,,,"A0",,0
1776575380.000,"851142","JAL8671 ",25.000122,121.123505,2200,2325,165.0,159,168,0.252,48.19,-0.12,-1.23,50.98,46.00,-864,-1024,,334,9,1012.0,2496,,"3243",-37.7,594,186,,8,2,2,,,"A0",,0
1776575385.000,"851142","JAL8671 ",25.000122,121.123505,2200,2325,165.0,159,168,0.252,48.19,-0.12,-1.23,50.98,46.00,-864,-1024,,334,9,1012.0,2496,,"3243",-37.7,594,186,,8,2,2,,,"A0",,0
1776575390.000,"851142","JAL8671 ",25.000122,121.123505,2200,2325,165.0,159,168,0.252,48.19,-0.12,-1.23,50.98,46.00,-864,-1024,,334,9,1012.0,2496,,"3243",-37.7,594,186,,8,2,2,,,"A0",,0
1776575395.000,"851142","JAL8671 ",25.000122,121.123505,2200,2325,165.0,159,168,0.252,48.19,-0.12,-1.23,50.98,46.00,-864,-1024,,334,9,1012.0,2496,,"3243",-37.7,594,186,,8,2,2,,,"A0",,0
1776575400.000,"851142","JAL8671 ",25.000122,121.123505,2200,2325,165.0,159,168,0.252,48.19,-0.12,-1.23,50.98,46.00,-864,-1024,,334,9,1012.0,2496,,"3243",-37.7,594,186,,8,2,2,,,"A0",,0
1776575405.000,"851142","JAL8671 ",25.000122,121.123505,2200,2325,165.0,159,168,0.252,48.19,-0.12,-1.23,50.98,46.00,-864,-1024,,334,9,1012.0,2496,,"3243",-37.7,594,186,,8,2,2,,,"A0",,0
1776575410.000,"851142","JAL8671 ",25.000122,121.123505,2200,2325,165.0,159,168,0.252,48.19,-0.12,-1.23,50.98,46.00,-864,-1024,,334,9,1012.0,2496,,"3243",-37.7,594,186,,8,2,2,,,"A0",,0
1776575416.000,"851142","JAL8671 ",25.000122,121.123505,2200,2325,165.0,159,168,0.252,48.19,-0.12,-1.23,50.98,46.00,-864,-1024,,334,9,,,,"3243",-37.7,594,186,,8,2,2,,,"A0",,0
1776575421.000,"851142","JAL8671 ",25.000122,121.123505,2200,2325,165.0,159,168,0.252,48.19,-0.12,-1.23,50.98,46.00,-864,-1024,,334,9,,,,"3243",-37.7,594,186,,8,2,2,,,"A0",,0
1776575426.000,"851142","JAL8671 ",25.000122,121.123505,2200,2325,165.0,159,168,0.252,48.19,-0.12,-1.23,50.98,46.00,-864,-1024,,,,,,,,-37.7,594,186,,8,2,2,,,"A0",,0
1776575431.000,"851142","JAL8671 ",25.000122,121.123505,2200,2325,165.0,,,,48.19,,,,,,-1024,,,,,,,,-37.7,594,186,,8,2,2,,,"A0",,0
1776575441.000,"8991dc","SJX847  ",24.968386,121.055551,2775,2925,194.2,,,,108.62,,,,,-704,,,,,1012.0,2016,,,-37.1,14,186,1,8,2,2,2,2,"A5",,0
1776575446.000,"8991dc","SJX847  ",24.967850,121.059214,2750,2900,194.2,,,,108.62,,,,,-704,,,,,1012.0,2016,,,-37.1,16,186,1,8,2,2,2,2,"A5",,0
1776575451.000,"8991dc","SJX847  ",24.968200,121.065916,2725,2875,180.5,,,,82.68,,,,,-256,,,,,1012.0,2016,,,-36.6,25,186,1,8,2,2,,,"A5",,0
1776575456.000,"8991dc","SJX847  ",24.968903,121.070251,2700,2850,176.5,167,176,0.264,78.56,-0.75,-6.68,82.44,77.48,-448,-416,,336,8,1012.0,2016,,"3212",-35.5,51,186,1,10,2,3,2,2,"A5",,2
1776575461.000,"8991dc","SJX847  ",24.969772,121.074575,2650,2800,173.2,164,176,0.260,77.33,-0.75,-6.68,80.51,75.55,-320,-320,,336,8,1012.0,2016,,"3212",-34.8,83,186,1,10,2,3,2,2,"A5",,2
1776575466.000,"8991dc","SJX847  ",24.970734,121.078949,2625,2775,170.8,163,172,0.256,75.07,-0.44,-5.27,79.10,74.14,-384,-416,,356,7,1012.0,2016,,"3212",-35.5,109,186,1,10,2,3,2,2,"A5",,2
1776575471.000,"8991dc","SJX847  ",24.972061,121.083171,2575,2725,171.2,163,172,0.256,69.13,-1.34,-11.60,73.48,68.51,-512,-480,,348,9,1012.0,2016,,"3212",-35.8,135,186,1,10,2,3,2,2,"A5",,2
1776575476.000,"8991dc","SJX847  ",24.973693,121.087007,2550,2700,171.7,163,172,0.260,62.99,-1.41,-10.72,67.50,62.53,-448,-448,,335,8,1012.0,2016,,"3212",-34.6,162,186,1,10,2,3,2,2,"A5",,2
1776575481.000,"8991dc","SJX847  ",24.975695,121.090790,2500,2650,171.5,163,172,0.260,58.35,-1.41,-10.72,67.50,62.53,-576,-448,,335,8,1012.0,2016,,"3212",-34.5,190,186,1,10,2,3,2,2,"A5",,2
1776575486.000,"8991dc","SJX847  ",24.977929,121.094470,2475,2625,172.3,164,174,0.260,54.93,-0.50,-5.62,59.06,54.10,-384,-448,,350,6,1012.0,2016,,"3212",-34.7,218,186,1,10,2,3,2,2,"A5",,2
1776575491.000,"8991dc","SJX847  ",24.979279,121.096439,2450,2600,172.6,163,174,0.256,52.53,-0.50,-5.62,56.43,51.46,-512,-480,,350,6,1012.0,2016,,"3212",-36.9,232,186,1,10,2,3,2,2,"A5",,2
1776575496.000,"8991dc","SJX847  ",24.979279,121.096439,2450,2600,172.6,163,174,0.256,52.53,-0.50,-5.62,56.43,51.46,-512,-480,,350,6,1012.0,2016,,"3212",-37.6,236,186,1,10,2,3,2,2,"A5",,2
1776575501.000,"8991dc","SJX847  ",24.979279,121.096439,2450,2600,172.6,163,174,0.256,52.53,-0.50,-5.62,56.43,51.46,-512,-480,,350,6,1012.0,2016,,"3212",-37.7,237,186,1,10,2,3,2,2,"A5",,2
1776575506.000,"8991dc","SJX847  ",24.979279,121.096439,2450,2600,172.6,163,174,0.256,52.53,-0.50,-5.62,56.43,51.46,-512,-480,,350,6,1012.0,2016,,"3212",-37.8,240,186,1,10,2,3,2,2,"A5",,2
1776575511.000,"8991dc","SJX847  ",24.990591,121.111364,2250,2375,170.9,164,172,0.260,49.51,-0.06,1.05,53.61,48.64,-512,-480,,341,3,1012.0,2016,,"3212",-36.1,254,186,1,10,2,3,2,2,"A5",,2
1776575516.000,"8991dc","SJX847  ",24.991653,121.112722,2250,2375,170.9,164,172,0.260,49.51,-0.06,1.05,53.61,48.64,-512,-480,,341,3,1012.0,2016,,"3212",-37.3,262,186,1,10,2,3,2,2,"A5",,2
1776575521.000,"8991dc","SJX847  ",24.991653,121.112722,2250,2375,170.9,164,172,0.260,49.51,-0.06,1.05,53.61,48.64,-512,-480,,341,3,1012.0,2016,,"3212",-37.3,262,186,1,10,2,3,2,2,"A5",,2
1776575526.000,"8991dc","SJX847  ",24.991653,121.112722,2250,2375,170.9,164,172,0.260,49.51,-0.06,1.05,53.61,48.64,-512,-480,,341,3,1012.0,2016,,"3212",-37.3,262,186,1,10,2,3,2,2,"A5",,2
1776575526.000,"78124f","DKH1312 ",24.758469,121.267039,28975,30425,448.1,267,420,0.696,28.97,0.03,0.18,25.66,20.74,-64,-64,,271,68,1013.6,28992,,"2634",-32.7,122,186,1,9,1,3,2,2,"A3",,2
1776575531.000,"8991dc","SJX847  ",24.991653,121.112722,2250,2375,170.9,164,172,0.260,49.51,-0.06,1.05,53.61,48.64,-512,-480,,341,3,1012.0,2016,,"3212",-37.3,262,186,1,10,2,3,2,2,"A5",,2
1776575531.000,"78124f","DKH1312 ",24.767944,121.272786,28975,30425,448.1,267,420,0.696,28.97,0.00,0.00,25.84,20.92,-64,-64,,270,67,1013.6,28992,,"2634",-35.2,171,186,1,9,1,3,2,2,"A3",,2
1776575536.000,"8991dc","SJX847  ",24.991653,121.112722,2250,2375,170.9,164,172,0.260,49.51,-0.06,1.05,53.61,48.64,-512,-480,,341,3,1012.0,2016,,"3212",-37.3,262,186,1,10,2,3,2,2,"A5",,2
1776575536.000,"78124f","DKH1312 ",24.773758,121.276296,28950,30400,448.1,267,420,0.696,28.97,0.00,0.00,25.84,20.92,-64,-64,,270,67,1013.6,28992,,"2634",-36.2,195,186,1,9,1,3,2,2,"A3",,2
1776575541.000,"8991dc","SJX847  ",24.991653,121.112722,2250,2375,170.9,164,172,0.260,49.51,-0.06,1.05,53.61,48.64,-512,-480,,341,3,1012.0,2016,,"3212",-37.3,262,186,1,10,2,3,2,2,"A5",,2
1776575541.000,"78124f","DKH1312 ",24.785110,121.283207,28950,30400,448.1,267,420,0.696,28.97,0.03,-0.18,25.84,20.92,-64,-64,,270,67,1013.6,28992,,"2634",-36.0,210,186,1,9,1,3,2,2,"A3",,2
1776575546.000,"8991dc","SJX847  ",24.991653,121.112722,2250,2375,170.9,164,172,0.260,49.51,-0.06,1.05,53.61,48.64,-512,-480,,341,3,1012.0,2016,,"3212",-37.3,262,186,1,10,2,3,2,2,"A5",,2
1776575546.000,"78124f","DKH1312 ",24.790695,121.286570,28950,30400,449.4,266,420,0.692,29.02,0.03,-0.18,26.02,21.08,-64,-32,,270,67,1013.6,28992,,"2634",-35.7,251,186,1,9,1,3,2,2,"A3",,2
1776575551.000,"8991dc","SJX847  ",24.991653,121.112722,2250,2375,170.9,164,172,0.260,49.51,-0.06,1.05,53.61,48.64,-512,-480,,341,3,1012.0,2016,,"3212",-37.3,262,186,1,10,2,3,2,2,"A5",,2
1776575551.000,"78124f","DKH1312 ",24.804615,121.295074,28950,30400,449.4,266,420,0.696,29.02,0.00,0.18,26.02,21.08,0,-32,,269,67,1013.6,28992,,"2634",-34.1,301,186,1,9,1,3,2,2,"A3",,2
1776575556.000,"8991dc","SJX847  ",24.991653,121.112722,2250,2375,170.9,164,172,0.260,49.51,-0.06,1.05,53.61,48.64,-512,-480,,341,3,1012.0,2016,,"3212",-37.3,262,186,1,10,2,3,2,2,"A5",,2
1776575556.000,"78124f","DKH1312 ",24.812164,121.299642,28950,30375,449.4,267,420,0.696,29.02,0.06,0.18,26.02,21.08,0,0,,269,67,1013.6,28992,,"2634",-35.6,351,186,1,9,1,3,2,2,"A3",,2
1776575561.000,"8991dc","SJX847  ",24.991653,121.112722,2250,2375,170.9,164,172,0.260,49.51,-0.06,1.05,53.61,48.64,-512,-480,,341,3,1012.0,2016,,"3212",-37.3,262,186,1,10,2,3,2,2,"A5",,2
1776575561.000,"78124f","DKH1312 ",24.819260,121.304016,28950,30400,449.9,267,420,0.696,29.13,-0.03,0.00,26.02,21.07,0,0,,269,68,1013.6,28992,,"2634",-36.4,366,186,1,9,1,3,2,2,"A3",,2
1776575566.000,"8991dc","SJX847  ",24.991653,121.112722,2250,2375,170.9,164,172,0.260,49.51,-0.06,1.05,53.61,48.64,-512,-480,,341,3,1012.0,2016,,"3212",-37.3,262,186,1,10,2,3,2,2,"A5",,2
1776575566.000,"78124f","DKH1312 ",24.824446,121.307148,28950,30400,449.9,267,420,0.696,29.13,-0.03,0.00,26.02,21.07,0,0,,269,68,1013.6,28992,,"2634",-37.7,374,186,1,9,1,3,2,2,"A3",,2
1776575571.000,"8991dc","SJX847  ",24.991653,121.112722,2250,2375,,,,,,,,,,,,,,,,,,,-37.3,262,186,,,,,,,"A5",,2
1776575571.000,"78124f","DKH1312 ",24.824446,121.307148,28950,30400,449.9,267,420,0.696,29.13,-0.03,0.00,26.02,21.07,0,0,,269,68,1013.6,28992,,"2634",-37.7,374,186,1,9,1,3,2,2,"A3",,2
1776575576.002,"78124f","DKH1312 ",24.824446,121.307148,28950,30400,449.9,267,420,0.696,29.13,-0.03,0.00,26.02,21.07,0,0,,269,68,1013.6,28992,,"2634",-37.7,374,186,1,9,1,3,2,2,"A3",,2
1776575581.000,"78124f","DKH1312 ",24.824446,121.307148,28950,30400,449.9,267,420,0.696,29.13,-0.03,0.00,26.02,21.07,0,0,,269,68,1013.6,28992,,"2634",-37.1,377,186,1,9,1,3,2,2,"A3",,2
1776575586.000,"78124f","DKH1312 ",24.824446,121.307148,28950,30375,450.8,267,420,0.696,29.07,-0.03,0.00,26.02,21.07,64,0,,269,68,1013.6,28992,,"2634",-37.0,380,186,1,9,1,3,2,2,"A3",,2
1776575591.000,"78124f","DKH1312 ",24.824446,121.307148,28950,30375,450.8,267,420,0.696,29.07,-0.03,0.00,26.02,21.07,64,0,,269,68,1013.6,28992,,"2634",-37.0,380,186,1,9,1,3,2,2,"A3",,2
1776575596.000,"78124f","DKH1312 ",24.824446,121.307148,28950,30375,450.8,267,420,0.696,29.07,-0.03,0.00,26.02,21.07,64,0,,269,68,1013.6,28992,,"2634",-37.0,380,186,1,9,1,3,2,2,"A3",,2
1776575601.000,"78124f","DKH1312 ",24.824446,121.307148,28950,30375,450.8,267,420,0.696,29.07,-0.03,0.00,26.02,21.07,64,0,,269,68,1013.6,28992,,"2634",-37.0,380,186,1,9,1,3,2,2,"A3",,2
1776575606.000,"78124f","DKH1312 ",24.824446,121.307148,28950,30375,450.8,267,420,0.696,29.07,-0.03,0.00,26.02,21.07,64,0,,269,68,1013.6,28992,,"2634",-37.0,380,186,1,9,1,3,2,2,"A3",,2
1776575612.000,"78124f","DKH1312 ",24.824446,121.307148,28950,30375,450.8,267,420,0.696,29.07,-0.03,0.00,26.02,21.07,64,0,,269,68,1013.6,28992,,,-37.0,380,186,1,9,1,3,2,2,"A3",,2
1776575617.000,"78124f","DKH1312 ",24.824446,121.307148,28950,30375,450.8,267,420,0.696,29.07,-0.03,0.00,26.02,21.07,64,0,,269,68,1013.6,28992,,,-37.0,380,186,1,9,1,3,2,2,"A3",,2
1776575637.000,"78124f","DKH1312 ",24.957779,121.388143,29000,30425,452.0,,420,,29.00,-0.06,0.18,,,64,,,,,1013.6,28992,,,-37.0,386,186,1,8,1,2,,,"A3",,0
1776575642.000,"78124f","DKH1312 ",24.970642,121.395976,29000,30425,452.5,,420,,28.94,0.00,0.18,,,0,,,,,,,,,-37.1,391,186,,8,1,2,,,"A3",,0
1776575647.000,"78124f","DKH1312 ",24.972473,121.397095,29000,30425,452.5,,420,,28.94,0.00,0.18,,,0,,,,,1013.6,28992,,"2634",-36.5,406,186,1,8,1,2,,,"A3",,0
1776575652.000,"78124f","DKH1312 ",24.972473,121.397095,29000,30425,452.5,,420,,28.94,0.00,0.18,,,0,,,,,1013.6,28992,,"2634",-36.5,406,186,1,8,1,2,,,"A3",,0
1776575657.000,"78124f","DKH1312 ",24.972473,121.397095,29000,30425,452.5,,420,,28.94,0.00,0.18,,,0,,,,,1013.6,28992,,"2634",-36.5,406,186,1,8,1,2,,,"A3",,0
1776575662.000,"78124f","DKH1312 ",24.972473,121.397095,29000,30425,452.5,,420,,28.94,0.00,0.18,,,0,,,,,1013.6,28992,,"2634",-37.0,408,186,1,8,1,2,,,"A3",,0
1776575667.000,"78124f","DKH1312 ",24.972473,121.397095,29000,30425,452.5,,420,,28.94,0.00,0.18,,,0,,,,,1013.6,28992,,"2634",-37.0,408,186,1,8,1,2,,,"A3",,0
1776575672.000,"78124f","DKH1312 ",24.972473,121.397095,29000,30425,452.5,,420,,28.94,0.00,0.18,,,0,,,,,1013.6,28992,,"2634",-37.0,408,186,1,8,1,2,,,"A3",,0
1776575677.000,"78124f","DKH1312 ",24.972473,121.397095,29000,30425,452.5,,420,,28.94,0.00,0.18,,,0,,,,,1013.6,28992,,"2634",-37.0,408,186,1,8,1,2,,,"A3",,0
1776575682.000,"78124f","DKH1312 ",24.972473,121.397095,29000,30425,452.5,,420,,28.94,0.00,0.18,,,0,,,,,1013.6,28992,,"2634",-37.0,408,186,1,8,1,2,,,"A3",,0
1776575687.000,"78124f","DKH1312 ",24.972473,121.397095,29000,30425,452.5,,420,,28.94,0.00,0.18,,,0,,,,,1013.6,28992,,"2634",-37.0,408,186,1,8,1,2,,,"A3",,0
1776575692.000,"78124f","DKH1312 ",24.972473,121.397095,29000,30425,452.5,,420,,28.94,0.00,0.18,,,0,,,,,1013.6,28992,,"2634",-37.0,408,186,1,8,1,2,,,"A3",,0
1776575697.001,"8990f6","MDA1266 ",24.820722,121.042233,10300,10750,238.6,194,230,0.352,47.89,,-0.18,51.50,47.64,-1152,-1248,,,,1012.0,3200,,"2146",-33.3,90,186,1,10,2,3,2,2,"A2",,2
1776575697.001,"78124f","DKH1312 ",24.972473,121.397095,29000,30425,452.5,,420,,28.94,0.00,0.18,,,0,,,,,1013.6,28992,,"2634",-37.0,408,186,1,8,1,2,,,"A3",,0
1776575702.000,"8990f6","MDA1266 ",24.825238,121.047674,10175,10625,237.2,194,224,0.352,47.91,,0.00,51.50,47.64,-1152,-1248,,,,1012.0,3200,,"2146",-32.8,132,186,1,10,2,3,2,2,"A2",,2
1776575702.000,"78124f","DKH1312 ",24.972473,121.397095,29000,30425,452.5,,420,,28.94,0.00,0.18,,,0,,,,,1013.6,28992,,"2634",-37.0,408,186,1,8,1,2,,,"A3",,0
1776575707.000,"8990f6","MDA1266 ",24.828310,121.051405,10100,10550,234.4,189,224,0.344,47.94,,0.00,51.86,46.93,-1152,-1184,,246,12,1012.0,3200,,"2146",-34.2,153,186,1,10,2,3,2,2,"A2",,2
1776575712.000,"8990f6","MDA1266 ",24.832489,121.056468,10000,10450,231.5,185,218,0.336,47.98,,-0.35,52.03,47.11,-1216,-1216,,242,13,1012.0,3200,,"2146",-30.4,214,186,1,10,2,3,2,2,"A2",,2
1776575717.000,"8990f6","MDA1266 ",24.836084,121.060889,9875,10325,229.4,185,216,0.336,47.83,,-0.18,51.86,46.93,-1216,-1216,,244,14,1012.0,3200,,"2146",-31.9,297,186,1,10,2,3,2,2,"A2",,2
1776575722.000,"8990f6","MDA1266 ",24.839809,121.065346,9775,10200,228.0,182,214,0.328,47.84,,-0.35,51.50,46.58,-1152,-1152,,246,15,1012.0,3200,,"2146",-32.0,363,186,1,10,2,3,2,2,"A2",,2
1776575727.000,"8990f6","MDA1266 ",24.842880,121.069082,9700,10125,225.1,181,212,0.328,47.88,,0.00,51.50,46.58,-1088,-1152,,244,14,1012.0,3200,,"2146",-29.3,456,186,1,10,2,3,2,2,"A2",,2
1776575732.000,"8990f6","MDA1266 ",24.846542,121.073456,9600,10025,223.0,180,212,0.324,47.73,,0.00,51.50,46.57,-1152,-1152,,246,13,1012.0,3200,,"2146",-28.4,511,186,1,10,2,3,2,2,"A2",,2
1776575737.000,"8990f6","MDA1266 ",24.849976,121.077677,9500,9925,221.6,177,208,0.320,47.74,,0.35,51.86,46.92,-1152,-1120,,240,14,1012.0,3200,,"2146",-28.9,614,186,1,10,2,3,2,2,"A2",,2
1776575742.000,"8990f6","MDA1266 ",24.853355,121.081721,9425,9850,223.7,179,208,0.320,47.54,,-0.35,51.15,46.22,-1088,-1120,,244,16,1012.0,3200,,"2146",-27.1,671,186,1,10,2,3,2,2,"A2",,2
1776575747.000,"8990f6","MDA1266 ",24.856893,121.085919,9325,9725,226.5,181,212,0.324,47.51,,1.05,51.33,46.39,-1152,-1152,,241,14,1012.0,3200,,"2146",-27.3,770,186,1,10,2,3,2,2,"A2",,2
1776575747.000,"89905c","N/A",24.949253,121.227912,30025,31475,422.2,,,,229.71,,,,,-64,,,,,,,,,-36.6,9,186,,8,1,2,,,,,0
1776575752.000,"8990f6","MDA1266 ",24.860550,121.090342,9225,9625,228.6,184,214,0.328,47.66,,0.88,51.86,46.92,-1216,-1184,,239,14,1012.0,3200,,"2146",-27.0,823,186,1,10,2,3,2,2,"A2",,2
1776575752.000,"89905c","N/A",24.942856,121.219686,30000,31450,422.2,,,,229.71,,,,,0,,,,,1012.8,30016,,,-36.1,20,186,1,8,1,2,,,,,0
1776575757.000,"8990f6","MDA1266 ",24.864062,121.094522,9125,9525,230.8,186,216,0.332,47.81,,0.35,52.56,47.62,-1216,-1184,,231,15,1012.0,3200,,"2146",-26.4,912,186,1,10,2,3,2,2,"A2",,2
1776575757.000,"89905c","TTW285  ",24.936730,121.211744,30000,31475,422.8,292,464,0.772,229.60,0.03,0.18,239.59,234.63,0,-32,,274,57,1012.8,26016,,"3751",-35.3,62,186,1,8,1,2,,,,,0
1776575762.000,"8990f6","MDA1266 ",24.867693,121.099030,9025,9425,231.5,188,218,0.336,47.98,,0.18,52.91,47.97,-1216,-1216,,231,14,1012.0,3200,,"2146",-26.4,978,186,1,10,2,3,2,2,"A2",,2
1776575762.000,"89905c","TTW285  ",24.930313,121.203461,30000,31475,422.8,292,464,0.772,229.60,0.03,0.18,239.59,234.64,0,0,,276,57,1012.8,26016,,"3751",-33.3,105,186,1,9,1,3,2,3,,,2
1776575767.000,"8990f6","MDA1266 ",24.871231,121.103331,8925,9325,232.9,188,218,0.336,47.96,,0.18,52.91,47.97,-1216,-1248,,228,15,1012.0,3200,,"2146",-27.5,1082,186,1,10,2,3,2,2,"A2",,2
1776575767.000,"89905c","TTW285  ",24.924022,121.195368,30000,31475,422.2,292,464,0.772,229.71,0.00,0.00,239.59,234.64,0,0,,275,57,1012.8,26016,,"3751",-33.4,174,186,1,9,1,3,2,3,"A3",,2
1776575772.000,"8990f6","MDA1266 ",24.875188,121.108099,8825,9200,233.6,190,220,0.336,47.78,,-0.35,53.26,48.32,-1152,-1184,,222,14,1012.0,3200,,"2146",-28.1,1131,186,1,10,2,3,2,2,"A2",,2
1776575772.000,"89905c","TTW285  ",24.918503,121.188253,30000,31475,422.8,292,464,0.772,229.60,0.00,-0.18,239.59,234.64,-192,-64,,276,57,1012.8,26016,,"3751",-33.4,214,186,1,9,1,3,2,3,"A3",,2
1776575777.000,"8990f6","MDA1266 ",24.878912,121.112608,8725,9100,235.1,191,220,0.336,48.10,,-0.18,53.96,49.02,-1216,-1184,,215,16,1012.0,3200,,"2146",-29.0,1208,186,1,10,2,3,2,2,"A2",,2
1776575777.000,"89905c","TTW285  ",24.911080,121.178681,29975,31425,422.8,292,464,0.772,229.60,0.00,0.00,239.59,234.64,-384,-352,,276,57,1012.8,26016,,"3751",-32.4,280,186,1,9,1,3,2,3,"A3",,2
1776575782.000,"8990f6","MDA1266 ",24.881973,121.116384,8625,9000,235.8,190,220,0.336,47.92,,-0.35,53.96,49.02,-1216,-1184,,213,16,1012.0,3200,,"2146",-28.5,1259,186,1,10,2,3,2,2,"A2",,2
1776575782.000,"89905c","TTW285  ",24.904953,121.170756,29950,31425,421.4,292,464,0.772,229.62,0.00,-0.18,239.59,234.65,-512,-512,,274,58,1012.8,26016,,"3751",-32.5,331,186,1,9,1,3,2,3,"A3",,2
1776575787.000,"8990f6","MDA1266 ",24.885849,121.121055,8525,8900,235.8,192,222,0.340,47.92,,0.00,53.96,49.02,-1216,-1184,,211,14,1012.0,3200,,"2146",-29.5,1340,186,1,10,2,3,2,2,"A2",,2
1776575787.000,"89905c","TTW285  ",24.898418,121.162357,29900,31350,421.4,292,464,0.772,229.62,0.03,0.18,239.59,234.65,-640,-608,,274,58,1012.8,26016,,"3751",-32.5,385,186,1,9,1,3,2,3,"A3",,2
1776575792.002,"8990f6","MDA1266 ",24.889481,121.125488,8425,8800,236.5,192,222,0.340,48.08,,0.35,54.14,49.19,-1216,-1216,,208,15,1012.0,3200,,"2146",-31.8,1392,186,1,10,2,3,2,2,"A2",,2
1776575792.002,"89905c","TTW285  ",24.892226,121.154376,29850,31300,420.6,292,464,0.768,229.53,-0.12,-1.58,239.59,234.65,-640,-672,,275,58,1012.8,26016,,"3751",-33.3,430,186,1,9,1,3,2,3,"A3",,2
1776575797.000,"8990f6","MDA1266 ",24.893646,121.130575,8300,8650,234.4,191,220,0.336,47.94,,0.00,54.67,49.72,-1216,-1216,,206,17,1012.0,3200,,"2146",-32.1,1464,186,1,10,2,3,2,2,"A2",,2
1776575797.000,"89905c","TTW285  ",24.885895,121.146240,29800,31250,420.3,292,462,0.768,228.96,-0.19,-4.39,238.89,233.95,-640,-640,,274,57,1012.8,26016,,"3751",-34.7,486,186,1,9,1,3,2,3,"A3",,2
1776575802.000,"8990f6","MDA1266 ",24.896649,121.134217,8225,8575,232.3,189,218,0.332,48.14,,-0.18,54.67,49.72,-1216,-1184,,205,16,1012.0,3200,,"2146",-33.0,1513,186,1,10,2,3,2,2,"A2",,2
1776575802.000,"89905c","TTW285  ",24.880371,121.139425,29750,31225,420.6,293,462,0.768,227.89,-0.28,-5.27,237.48,232.55,-704,-704,,271,55,1012.8,26016,,"3751",-35.9,521,186,1,9,1,3,2,3,"A3",,2
1776575807.000,"89905c","TTW285  ",24.872488,121.130072,29675,31125,421.0,293,464,0.768,227.21,-0.22,-5.27,237.30,232.37,-768,-736,,271,55,1012.8,26016,,"3751",-35.3,557,186,1,9,1,3,2,3,"A3",,2
1776575807.000,"8990f6","MDA1266 ",24.900833,121.139323,8100,8450,230.1,188,216,0.328,47.99,,-0.35,54.32,49.37,-1152,-1152,,208,15,1012.0,3200,,"2146",-33.3,1587,186,1,10,2,3,2,2,"A2",,2
1776575812.000,"89905c","TTW285  ",24.865494,121.122131,29600,31050,422.2,293,462,0.768,225.48,-0.22,-5.10,235.90,230.97,-896,-896,,272,56,1012.8,26016,,"3751",-35.3,587,186,1,9,1,3,2,3,"A3",,2
1776575812.000,"8990f6","MDA1266 ",24.904404,121.143646,8025,8375,226.6,187,214,0.328,47.86,,-0.18,54.14,49.19,-1152,-1120,,208,15,1012.0,3200,,"2146",-33.1,1635,186,1,10,2,3,2,2,"A2",,2
1776575817.000,"89905c","TTW285  ",24.858582,121.114604,29525,30975,422.9,293,462,0.768,224.62,-0.19,-4.92,235.02,230.09,-960,-928,,272,55,1012.8,26016,,"3751",-35.8,626,186,1,9,1,3,2,3,"A3",,2
1776575817.000,"8990f6","MDA1266 ",24.907961,121.147950,7925,8275,224.4,185,212,0.324,47.71,,0.18,53.79,48.83,-1152,-1152,,213,14,1012.0,3200,,"2146",-32.7,1703,186,1,10,2,3,2,2,"A2",,2
1776575822.000,"89905c","TTW285  ",24.851679,121.107374,29450,30900,423.0,293,462,0.768,223.47,-0.25,-4.75,234.14,229.21,-960,-928,,272,55,1012.8,26016,,"3751",-35.4,654,186,1,9,1,3,2,3,"A3",,2
1776575822.000,"8990f6","MDA1266 ",24.911359,121.152096,7825,8175,223.0,184,208,0.320,47.73,,0.18,53.96,49.01,-1152,-1152,,209,15,1012.0,3200,,"2146",-32.4,1748,186,1,10,2,3,2,2,"A2",,2
1776575827.000,"89905c","TTW285  ",24.845856,121.101481,29375,30825,423.9,294,462,0.768,222.80,-0.25,-4.75,232.21,227.29,-960,-960,,272,55,1012.8,26016,,"3751",-35.8,686,186,1,9,1,3,2,3,"A3",,2
1776575827.000,"8990f6","MDA1266 ",24.914932,121.156362,7725,8050,220.9,181,206,0.316,47.94,,0.18,53.96,49.01,-1152,-1152,,212,16,1012.0,3200,,"2146",-31.9,1811,186,1,10,2,3,2,2,"A2",,2
1776575832.000,"89905c","TTW285  ",24.839996,121.095683,29325,30775,425.0,295,462,0.768,221.57,-0.25,-4.75,231.86,226.93,-960,-928,,272,55,1012.8,26016,,"3751",-36.2,700,186,1,9,1,3,2,3,"A3",,2
1776575832.000,"8990f6","MDA1266 ",24.917633,121.159719,7650,7975,219.5,180,206,0.312,47.95,,0.18,53.79,48.83,-1152,-1152,,213,15,1012.0,3200,,"2146",-32.3,1860,186,1,10,2,3,2,2,"A2",,2
1776575837.000,"89905c","TTW285  ",24.839996,121.095683,29325,30775,425.0,295,462,0.768,221.57,-0.25,-4.75,231.86,226.93,-960,-928,,272,55,1012.8,26016,,"3751",-36.8,705,186,1,9,1,3,2,3,"A3",,2
1776575837.000,"8990f6","MDA1266 ",24.921204,121.163991,7550,7875,217.3,179,204,0.312,47.80,,0.53,53.61,48.65,-1088,-1120,,216,15,1012.0,3200,,"2146",-31.8,1940,186,1,10,2,3,2,2,"A2",,2
1776575842.001,"89905c","TTW285  ",24.839996,121.095683,29325,30775,425.0,295,462,0.768,221.57,-0.25,-4.75,231.86,226.93,-960,-928,,272,55,1012.8,26016,,"3751",-36.8,705,186,1,9,1,3,2,3,"A3",,2
1776575842.001,"8990f6","MDA1266 ",24.925095,121.168722,7450,7775,215.3,177,202,0.308,48.01,,0.00,53.09,48.12,-1024,-1056,,226,13,1012.0,3200,,"2146",-32.2,1994,186,1,10,2,3,2,2,"A2",,2
1776575847.000,"89905c","TTW285  ",24.839996,121.095683,29325,30775,425.0,295,462,0.768,221.57,-0.25,-4.75,231.86,226.93,-960,-928,,272,55,1012.8,26016,,"3751",-36.8,705,186,1,9,1,3,2,3,"A3",,2
1776575847.000,"8990f6","MDA1266 ",24.927841,121.172028,7375,7700,213.1,177,200,0.308,47.85,,0.35,53.09,48.12,-1088,-1056,,223,13,1012.0,3200,,"2146",-31.6,2064,186,1,10,2,3,2,2,"A2",,2
1776575852.000,"89905c","TTW285  ",24.839996,121.095683,29325,30775,425.0,295,462,0.768,221.57,-0.25,-4.75,231.86,226.93,-960,-928,,272,55,1012.8,26016,,"3751",-36.8,705,186,1,9,1,3,2,3,"A3",,2
1776575852.000,"8990f6","MDA1266 ",24.931641,121.176656,7275,7600,211.7,175,198,0.304,47.87,,0.35,52.91,47.95,-1088,-1088,,227,14,1012.0,3200,,"2146",-32.6,2119,186,1,10,2,3,2,2,"A2",,2
1776575857.000,"89905c","TTW285  ",24.839996,121.095683,29325,30775,425.0,295,462,0.768,221.57,-0.25,-4.75,231.86,226.93,-960,-928,,272,55,1012.8,26016,,"3751",-36.8,705,186,1,9,1,3,2,3,"A3",,2
1776575857.000,"8990f6","MDA1266 ",24.934799,121.180522,7200,7500,211.0,176,200,0.304,48.07,,0.18,52.38,47.42,-1088,-1088,,237,10,1012.0,3200,,"2146",-31.6,2190,186,1,10,2,3,2,2,"A2",,2
1776575862.000,"89905c","TTW285  ",24.839996,121.095683,29325,30775,425.0,295,462,0.768,221.57,-0.25,-4.75,231.86,226.93,-960,-928,,272,55,1012.8,26016,,"3751",-36.8,705,186,1,9,1,3,2,3,"A3",,2
1776575862.000,"8990f6","MDA1266 ",24.938220,121.184589,7100,7400,212.4,179,202,0.308,47.67,,0.00,51.50,46.54,-1088,-1120,,249,11,1012.0,3200,,"2146",-32.3,2252,186,1,10,2,3,2,2,"A2",,2
1776575867.000,"89905c","TTW285  ",24.839996,121.095683,29325,30775,425.0,295,462,0.768,221.57,-0.25,-4.75,231.86,226.93,-960,-928,,272,55,1012.8,26016,,"3751",-36.8,705,186,1,9,1,3,2,3,"A3",,2
1776575867.000,"8990f6","MDA1266 ",24.941479,121.188527,7000,7300,212.4,180,204,0.308,47.67,,1.23,52.38,47.41,-1088,-1088,,234,8,1012.0,3200,,"2146",-32.4,2329,186,1,10,2,3,2,2,"A2",,2
1776575872.000,"89905c","TTW285  ",24.839996,121.095683,29325,30775,425.0,295,462,0.768,221.57,-0.25,-4.75,231.86,226.93,-960,-928,,272,55,1012.8,26016,,"3751",-36.8,705,186,1,9,1,3,2,3,"A3",,2
1776575872.000,"8990f6","MDA1266 ",24.944778,121.192525,6925,7225,213.2,181,204,0.312,48.23,,0.18,52.56,47.59,-1088,-1088,,242,9,1012.0,3200,,"2146",-32.2,2374,186,1,10,2,3,2,2,"A2",,2
1776575877.000,"89905c","TTW285  ",24.839996,121.095683,29325,30775,425.0,295,462,0.768,221.57,-0.25,-4.75,231.86,226.93,-960,-928,,,,1012.8,26016,,"3751",-36.8,705,186,1,9,1,3,2,3,"A3",,2
1776575877.000,"8990f6","MDA1266 ",24.947996,121.196508,6825,7125,211.0,181,204,0.308,48.07,,-0.35,52.21,47.24,-1088,-1088,,249,8,1012.0,3200,,"2146",-32.6,2458,186,1,10,2,3,2,2,"A2",,2
1776575882.000,"89905c","TTW285  ",24.839996,121.095683,29325,30775,425.0,295,462,0.768,221.57,-0.25,-4.75,231.86,226.93,-960,-928,,,,1012.8,26016,,"3751",-36.8,705,186,1,9,1,3,2,3,"A3",,2
1776575882.000,"8990f6","MDA1266 ",24.951279,121.200511,6725,7025,209.6,180,202,0.308,48.09,,-0.18,52.21,47.24,-1088,-1120,,251,8,1012.0,3200,,"2146",-33.8,2499,186,1,10,2,3,2,2,"A2",,2
1776575887.000,"89905c","TTW285  ",24.839996,121.095683,29325,30775,425.0,295,,0.768,221.57,,,231.86,226.93,-960,-928,,,,1012.8,26016,,"3751",-36.8,705,186,1,9,1,3,2,3,"A3",,2
1776575887.000,"8990f6","MDA1266 ",24.954560,121.204489,6650,6925,207.5,178,200,0.304,47.93,,-1.76,51.50,46.53,-1024,-1056,,262,10,1012.0,3200,,"2146",-32.9,2568,186,1,10,2,3,2,2,"A2",,2
1776575892.000,"899053","UIA8812 ",24.775380,121.081566,7925,8300,275.3,230,262,0.400,75.06,0.00,0.00,80.16,76.30,-1408,-1408,,,,1012.0,6016,,"2035",-25.2,66,186,1,9,1,3,2,2,,,2
1776575892.000,"8990f6","MDA1266 ",24.957725,121.208272,6550,6825,204.5,178,198,0.304,47.18,,-1.05,50.45,45.47,-1088,-1056,,278,9,1012.0,3200,,"2146",-33.6,2620,186,1,10,2,3,2,2,"A2",,2
1776575897.000,"899055","EVA1384 ",24.902189,120.999790,4050,4250,215.3,,,,48.01,,,,,-64,,,,,1012.0,4000,,,-36.0,26,186,1,8,1,2,,,,,0
1776575897.000,"899053","UIA8812 ",24.777054,121.088308,7825,8200,275.3,230,262,0.400,75.06,0.00,0.00,80.16,75.24,-1344,-1344,,251,13,1012.0,6016,,"2035",-20.7,163,186,1,9,1,3,2,2,"A3",,2
1776575897.000,"8990f6","MDA1266 ",24.960984,121.212158,6475,6750,203.0,177,198,0.300,46.80,,-0.53,49.92,44.95,-1024,-1056,,277,9,1012.0,3200,,"2146",-35.3,2678,186,1,10,2,3,2,2,"A2",,2
1776575902.000,"899055","EVA1384 ",24.905777,121.004181,4050,4250,214.6,,,,48.21,,,,,-64,,,,,1012.0,4000,,"5515",-35.4,51,186,1,9,1,3,2,2,"A3",,2
1776575902.000,"899053","UIA8812 ",24.778685,121.094936,7700,8075,274.3,230,262,0.400,75.00,0.03,0.35,80.16,75.24,-1344,-1344,,250,12,1012.0,6016,,"2035",-21.3,257,186,1,9,1,3,2,2,"A3",,2
1776575902.000,"8990f6","MDA1266 ",24.964336,121.216045,6375,6650,199.5,176,198,0.300,46.62,,-0.53,49.39,44.42,-1024,-1056,,292,9,1012.0,3200,,"2146",-35.5,2714,186,1,10,2,3,2,2,"A2",,2
1776575907.000,"899055","EVA1384 ",24.909777,121.009170,4050,4250,214.0,200,216,0.324,48.79,0.16,0.88,52.21,47.27,-64,-32,,344,5,1012.0,4000,,"5515",-35.0,80,186,1,9,1,3,2,2,"A3",,2
1776575907.000,"899053","UIA8812 ",24.780258,121.101379,7600,7975,273.6,231,262,0.400,74.74,-0.50,-7.91,78.93,74.01,-1280,-1280,,275,13,1012.0,4000,,"2035",-16.8,370,186,1,9,1,3,2,2,"A3",,2
1776575907.000,"8990f6","MDA1266 ",24.966934,121.219076,6300,6575,198.1,174,196,0.296,46.64,,-0.35,48.87,43.89,-1088,-1056,,303,10,1012.0,3200,,"2146",-35.0,2762,186,1,10,2,3,2,2,"A2",,2
1776575912.000,"899055","EVA1384 ",24.911406,121.011191,4050,4250,213.4,200,216,0.324,48.99,0.16,0.88,52.21,47.27,0,-32,,344,5,1012.0,4000,,"5515",-35.6,84,186,1,9,1,3,2,2,"A3",,2
1776575912.000,"899053","UIA8812 ",24.782410,121.108246,7475,7850,271.7,231,262,0.400,70.43,-1.47,-22.15,70.84,65.92,-1344,-1344,,313,23,1012.0,4000,,"2035",-22.2,449,186,1,9,1,3,2,2,"A3",,2
1776575912.000,"8990f6","MDA1266 ",24.970276,121.222941,6200,6475,195.9,174,194,0.296,46.45,,0.00,48.87,43.89,-960,-1056,,303,10,1012.0,3200,,"2146",-35.7,2797,186,1,10,2,3,2,2,"A2",,2
1776575917.000,"899055","EVA1384 ",24.915207,121.016032,4050,4250,214.0,200,216,0.324,48.79,0.16,0.88,52.21,47.27,0,-32,,344,5,1012.0,4000,,"5515",-36.4,92,186,1,9,1,3,2,2,"A3",,2
1776575917.000,"899053","UIA8812 ",24.785017,121.113955,7375,7725,271.0,231,262,0.400,62.77,-1.56,-21.80,68.73,63.81,-1280,-1344,,313,26,1012.0,4000,,"2035",-23.0,524,186,1,9,1,3,2,2,"A3",,2
1776575917.000,"8990f6","MDA1266 ",24.973507,121.226668,6125,6400,193.1,172,192,0.292,46.47,,0.00,48.87,43.89,-960,-960,,303,10,1012.0,3200,,"2146",-36.4,2829,186,1,10,2,3,2,2,"A2",,2
1776575922.000,"899055","EVA1384 ",24.919327,121.021067,4050,4250,214.0,200,216,0.324,48.79,-0.06,-1.23,52.21,47.27,0,-32,,344,5,1012.0,4000,,"5515",-35.8,108,186,1,9,1,3,2,2,"A3",,2
1776575922.000,"899053","UIA8812 ",24.788461,121.119604,7275,7625,269.9,232,262,0.400,54.96,-1.44,-20.57,59.94,55.02,-1088,-1248,,315,37,1012.0,4000,,"2035",-23.0,569,186,1,9,1,3,2,2,"A3",,2
1776575922.000,"8990f6","MDA1266 ",24.976486,121.230141,6050,6300,192.4,172,192,0.292,46.68,,0.00,48.87,43.89,-960,-960,,303,10,1012.0,3200,,"2146",-37.0,2840,186,1,10,2,3,2,2,"A2",,2
1776575927.000,"899055","EVA1384 ",24.919327,121.021067,4050,4250,214.0,200,216,0.324,48.79,-0.06,-1.23,52.21,47.27,0,-32,,344,5,1012.0,4000,,"5515",-36.1,111,186,1,9,1,3,2,2,"A3",,2
1776575927.000,"899053","UIA8812 ",24.792558,121.124786,7200,7550,267.5,232,262,0.400,47.42,-1.53,-20.74,52.38,47.46,-1088,-1088,,308,36,1012.0,4000,,"2035",-20.1,624,186,1,9,1,3,2,2,"A3",,2
1776575927.000,"8990f6","MDA1266 ",24.979419,121.233509,5975,6225,189.6,168,192,0.284,46.71,,0.00,49.57,44.59,-960,-960,,303,10,1012.0,3200,,"2146",-36.8,2855,186,1,10,2,3,2,2,"A2",,2
1776575932.000,"899055","EVA1384 ",24.919327,121.021067,4050,4250,214.0,200,216,0.324,48.79,-0.06,-1.23,52.21,47.27,0,-32,,344,5,1012.0,4000,,"5515",-36.1,111,186,1,9,1,3,2,2,"A3",,2
1776575932.000,"899053","UIA8812 ",24.797012,121.129150,7100,7450,265.5,231,260,0.396,39.81,-1.06,-15.12,38.14,33.22,-896,-928,,298,37,1012.0,4000,,"2035",-20.1,681,186,1,9,1,3,2,2,"A3",,2
1776575932.000,"8990f6","MDA1266 ",24.979419,121.233509,5975,6225,189.6,168,192,0.284,46.71,,0.00,49.57,44.59,-960,-960,,303,10,1012.0,3200,,"2146",-37.3,2859,186,1,10,2,3,2,2,"A2",,2
1776575937.000,"899055","EVA1384 ",24.919327,121.021067,4050,4250,214.0,200,216,0.324,48.79,-0.06,-1.23,52.21,47.27,0,-32,,344,5,1012.0,4000,,"5515",-36.1,111,186,1,9,1,3,2,2,"A3",,2
1776575937.000,"899053","UIA8812 ",24.802008,121.133077,7050,7400,263.9,231,260,0.396,35.44,-0.16,-3.52,36.21,31.28,-832,-800,,292,25,1012.0,4000,,"2035",-21.5,766,186,1,9,1,3,2,2,"A3",,2
1776575937.000,"8990f6","MDA1266 ",24.979419,121.233509,5975,6225,185.3,168,192,0.284,46.75,,0.00,49.57,44.59,-896,-960,,303,10,1012.0,3200,,"2146",-37.7,2863,186,1,10,2,3,2,2,"A2",,2
1776575942.000,"899055","EVA1384 ",24.919327,121.021067,4050,4250,214.0,200,216,0.324,48.79,-0.06,-1.23,52.21,47.27,0,-32,,344,5,1012.0,4000,,"5515",-36.5,113,186,1,9,1,3,2,2,"A3",,2
1776575942.000,"899053","UIA8812 ",24.807037,121.136882,6975,7325,263.0,230,258,0.392,34.78,0.00,0.00,36.04,31.11,-960,-896,,285,18,1012.0,4000,,"2035",-24.8,816,186,1,9,1,3,2,2,"A3",,2
1776575942.000,"8990f6","MDA1266 ",24.987671,121.243184,5750,6000,185.3,168,192,0.284,46.75,,0.00,49.57,44.59,-896,-960,,,,1012.0,3200,,"2146",-37.2,2871,186,1,10,2,3,2,2,"A2",,2
1776575947.000,"899055","EVA1384 ",24.935660,121.041766,3975,4175,215.9,200,216,0.324,50.26,-0.06,-1.23,52.21,47.27,-704,-32,,344,5,1012.0,3008,,"5515",-36.7,123,186,1,9,1,3,2,2,"A3",,2
1776575947.000,"899053","UIA8812 ",24.812805,121.141307,6875,7200,260.8,229,258,0.392,34.85,0.09,1.23,36.21,31.28,-1152,-1152,,290,16,1012.0,4000,,"2035",-26.0,906,186,1,9,1,3,2,2,"A3",,2
1776575947.000,"8990f6","MDA1266 ",24.987671,121.243184,5750,6000,185.3,168,192,0.284,46.75,,0.00,49.57,44.59,-896,-960,,,,1012.0,3200,,"2146",-37.4,2874,186,1,10,2,3,2,2,"A2",,2
1776575952.000,"899055","EVA1384 ",24.938686,121.045757,3925,4125,216.5,200,216,0.324,50.06,-0.06,-1.23,52.21,47.27,-896,-32,,344,5,1012.0,3008,,"5515",-36.0,135,186,1,9,1,3,2,2,"A3",,2
1776575952.000,"899053","UIA8812 ",24.817657,121.145020,6775,7100,259.7,229,256,0.392,35.28,0.09,1.23,36.56,31.63,-896,-960,,288,17,1012.0,4000,,"2035",-29.2,963,186,1,9,1,3,2,2,"A3",,2
1776575952.000,"8990f6","MDA1266 ",24.987671,121.243184,5750,6000,185.3,168,192,0.284,46.75,,0.00,49.57,44.59,-896,-960,,,,1012.0,3200,,"2146",-37.1,2881,186,1,10,2,3,2,2,"A2",,2
1776575957.000,"899055","EVA1384 ",24.940109,121.047618,3900,4100,216.4,200,216,0.324,49.69,-0.06,-1.23,52.21,47.27,-960,-32,,344,5,1012.0,3008,,"5515",-36.0,151,186,1,9,1,3,2,2,"A3",,2
1776575957.000,"899053","UIA8812 ",24.822631,121.148935,6725,7050,258.1,227,254,0.388,35.54,-0.03,0.70,36.56,31.63,-512,-608,,287,18,1012.0,4000,,"2035",-27.7,1030,186,1,9,1,3,2,2,"A3",,2
1776575957.000,"8990f6","MDA1266 ",24.987671,121.243184,5750,5975,175.5,168,192,0.284,46.85,,0.00,49.57,44.59,-832,-960,,,,1012.0,3200,,"2146",-37.0,2882,186,1,10,2,3,2,2,"A2",,2
1776575962.000,"899055","EVA1384 ",24.944046,121.052602,3800,4000,216.2,200,216,0.324,48.94,-0.06,-1.23,52.21,47.27,-896,-32,,344,5,1012.0,3008,,"5515",-37.0,165,186,1,9,1,3,2,2,"A3",,2
1776575962.000,"899053","UIA8812 ",24.826541,121.152044,6675,7000,255.0,226,252,0.384,35.75,0.03,0.35,36.74,31.80,-448,-480,,287,19,1012.0,4000,,"2035",-26.2,1080,186,1,9,1,3,2,2,"A3",,2
1776575962.000,"8990f6","MDA1266 ",24.987671,121.243184,5750,5975,175.5,168,192,0.284,46.85,,0.00,49.57,44.59,-832,-960,,,,1012.0,3200,,"2146",-37.0,2882,186,1,10,2,3,2,2,"A2",,2
1776575967.000,"89914e","MDA368  ",24.819672,121.040904,9025,9425,208.9,168,196,0.300,47.91,,0.18,51.15,47.29,0,0,,,,1012.0,8512,,"2160",-35.1,60,186,1,10,2,3,2,0,"A0",,2
1776575967.000,"899055","EVA1384 ",24.948462,121.058142,3700,3900,215.4,,216,,48.76,-0.06,-1.23,,,-896,,,,,1012.0,3008,,"5515",-35.5,184,186,1,9,1,3,2,2,"A3",,2
1776575967.000,"899053","UIA8812 ",24.832174,121.156501,6625,6950,252.0,221,248,0.376,35.96,0.03,0.18,36.91,31.98,-512,-512,,288,18,1012.0,4000,,"2035",-28.5,1153,186,1,9,1,3,2,2,"A3",,2
1776575967.000,"8990f6","MDA1266 ",24.987671,121.243184,5750,5975,175.5,168,192,0.284,46.85,,0.00,49.57,44.59,-832,-960,,,,1012.0,3200,,"2146",-37.0,2882,186,1,10,2,3,2,2,"A2",,2
1776575972.000,"89914e","MDA368  ",24.821746,121.043373,9025,9425,208.9,167,194,0.300,47.91,,-0.18,51.15,46.23,0,0,,249,16,1012.0,8000,,"2160",-33.6,85,186,1,10,2,3,2,0,"A0",,2
1776575972.000,"899055","EVA1384 ",24.951674,121.062184,3625,3825,215.4,200,216,0.324,48.76,-0.06,-1.23,52.56,47.60,-896,-896,,,,1012.0,3008,,"5515",-35.3,205,186,1,9,1,3,2,2,"A3",,2
1776575972.000,"899053","UIA8812 ",24.836178,121.159714,6600,6925,249.8,220,246,0.376,36.04,0.03,0.35,36.91,31.97,-512,-544,,289,18,1012.0,4000,,"2035",-29.7,1205,186,1,9,1,3,2,2,"A3",,2
1776575972.000,"8990f6","MDA1266 ",24.987671,121.243184,5750,5975,175.5,168,192,0.284,46.85,,0.00,49.57,44.59,-832,-960,,,,1012.0,3200,,"2146",-37.0,2882,186,1,10,2,3,2,2,"A2",,2
1776575977.000,"89914e","MDA368  ",24.824982,121.047262,9025,9425,208.9,167,196,0.300,47.91,,0.00,51.15,46.23,0,0,,249,16,1012.0,8000,,"2160",-35.9,98,186,1,10,2,3,2,0,"A0",,2
1776575977.000,"899055","EVA1384 ",24.953613,121.064657,3575,3750,214.7,200,216,0.324,48.59,-0.06,-1.23,52.38,47.43,-960,-928,,,,1012.0,3008,,"5515",-35.7,221,186,1,9,1,3,2,2,"A3",,2
1776575977.000,"899053","UIA8812 ",24.840926,121.163497,6550,6875,247.6,218,244,0.372,36.13,-0.06,0.00,36.91,31.97,-512,-512,,290,18,1012.0,4000,,"2035",-31.0,1278,186,1,9,1,3,2,2,"A3",,2
1776575977.000,"8990f6","MDA1266 ",24.987671,121.243184,5750,5975,175.5,168,,0.284,46.85,,,49.57,44.59,-832,-960,,,,1012.0,3200,,"2146",-37.0,2882,186,1,10,2,3,,,"A2",,2
1776575982.000,"89914e","MDA368  ",24.824982,121.047262,9025,9425,209.5,167,196,0.300,47.71,,0.00,51.15,46.23,-192,0,,249,16,1012.0,8000,,"2160",-36.1,100,186,1,10,2,3,2,0,"A0",,2
1776575982.000,"899055","EVA1384 ",24.958051,121.070113,3475,3675,214.7,200,,0.324,48.59,,,52.38,47.43,-1024,-928,,,,1012.0,3008,,"5515",-35.0,254,186,1,9,1,3,2,2,"A3",,2
1776575982.000,"899053","UIA8812 ",24.845352,121.167043,6500,6825,244.0,216,242,0.368,36.17,0.00,0.00,36.91,31.97,-512,-512,,290,18,1012.0,4000,,"2035",-31.3,1339,186,1,9,1,3,2,2,"A3",,2
1776575982.000,"8990f6","MDA1266 ",24.987671,121.243184,5750,5975,175.5,168,,0.284,46.85,,,49.57,44.59,-832,-960,,,,1012.0,3200,,"2146",-37.0,2882,186,1,10,2,3,,,"A2",,2
1776575987.000,"89914e","MDA368  ",24.833359,121.057485,9000,9400,211.0,167,196,0.300,48.07,,0.53,51.15,46.23,-448,0,,249,16,1012.0,8000,,"2160",-34.0,155,186,1,10,2,3,2,0,"A0",,2
1776575987.000,"899055","EVA1384 ",24.962008,121.075088,3375,3550,214.7,200,214,0.324,48.59,0.00,0.18,52.38,47.43,-1088,-928,,,,1012.0,3008,,"5515",-35.1,281,186,1,9,1,3,2,2,"A3",,2
1776575987.000,"899053","UIA8812 ",24.850571,121.171265,6450,6775,241.2,212,236,0.360,36.06,0.00,-0.18,36.74,31.79,-640,-608,,288,19,1012.0,4000,,"2035",-32.4,1414,186,1,9,1,3,2,2,"A3",,2
1776575987.000,"8990f6","MDA1266 ",24.987671,121.243184,,5975,175.5,,,,46.85,,,,,-832,,,,,1012.0,3200,,"2146",-37.3,2884,186,1,10,2,3,,,"A2",,2
1776575992.000,"89914e","MDA368  ",24.836655,121.061503,8975,9375,212.4,170,198,0.304,48.05,,-0.18,51.68,46.75,-448,-480,,249,15,1012.0,8000,,"2160",-32.2,209,186,1,10,2,3,2,0,"A0",,2
1776575992.000,"899055","EVA1384 ",24.965127,121.079027,3275,3450,214.8,200,214,0.320,48.96,0.03,0.53,52.56,47.60,-1088,-1120,,300,5,1012.0,3008,,"5515",-34.9,327,186,1,9,1,3,2,2,"A3",,2
1776575992.000,"899053","UIA8812 ",24.854965,121.174723,6400,6725,237.6,211,236,0.360,36.10,-0.12,-0.35,36.74,31.79,-640,-640,,288,19,1012.0,4000,,"2035",-33.4,1456,186,1,9,1,3,2,2,"A3",,2
1776575992.000,"8990f6","MDA1266 ",24.987671,121.243184,,5975,175.5,,,,46.85,,,,,-832,,,,,1012.0,3200,,"2146",-37.3,2884,186,1,10,2,3,,,"A2",,2
1776575997.000,"89914e","MDA368  ",24.840088,121.065674,8925,9325,213.1,172,200,0.304,47.85,,-0.35,51.33,46.40,-448,-480,,250,15,1012.0,8000,,"2160",-32.4,295,186,1,10,2,3,2,0,"A0",,2
1776575997.000,"899055","EVA1384 ",24.968339,121.083069,3175,3350,214.8,200,214,0.320,48.96,0.03,0.53,52.56,47.60,-1152,-1120,,300,5,1012.0,3008,,"5515",-34.7,374,186,1,9,1,3,2,2,"A3",,2
1776575997.000,"899053","UIA8812 ",24.858582,121.177622,6350,6675,234.8,209,232,0.352,35.99,-0.03,0.00,36.74,31.79,-640,-640,,292,18,1012.0,4000,,"2035",-33.2,1521,186,1,9,1,3,2,2,"A3",,2
1776575997.000,"8990f6","MDA1266 ",24.987671,121.243184,4975,5200,175.5,,,,46.85,,,,,-832,,,,,1012.0,3200,,"2146",-37.4,2887,186,1,10,2,3,,,"A2",,2
1776576002.000,"89914e","MDA368  ",24.843475,121.069794,8900,9300,213.8,172,200,0.304,48.03,,0.18,51.68,46.75,-448,-448,,241,14,1012.0,8000,,"2160",-32.6,331,186,1,10,2,3,2,0,"A0",,2
1776576002.000,"899055","EVA1384 ",24.970388,121.085608,3125,3300,214.9,201,214,0.320,49.34,0.03,0.53,53.44,48.47,-1216,-1184,,300,5,1012.0,3008,,"5515",-36.2,409,186,1,9,1,3,2,2,"A3",,2
1776576002.000,"899053","UIA8812 ",24.862107,121.180443,6300,6625,232.6,206,230,0.348,36.08,-0.09,-0.18,36.56,31.61,-768,-640,,289,18,1012.0,4000,,"2035",-33.3,1558,186,1,9,1,3,2,2,"A3",,2
1776576007.000,"89914e","MDA368  ",24.846745,121.073741,8850,9225,215.3,173,202,0.308,48.01,,-0.53,51.68,46.75,-512,-480,,247,14,1012.0,8000,,"2160",-28.4,407,186,1,10,2,3,2,0,"A0",,2
1776576007.000,"899055","EVA1384 ",24.973663,121.089884,3025,3200,214.2,202,214,0.320,49.54,0.03,0.53,53.44,48.47,-1216,-1216,,304,3,1012.0,3008,,"5515",-36.6,445,186,1,9,1,3,2,2,"A3",,2
1776576007.000,"899053","UIA8812 ",24.867554,121.184743,6225,6550,229.8,203,226,0.344,35.97,0.00,-0.18,36.21,31.26,-832,-800,,292,19,1012.0,4000,,"2035",-33.4,1632,186,1,9,1,3,2,2,"A3",,2
1776576013.003,"89914e","MDA368  ",24.850708,121.078542,8800,9175,215.9,174,202,0.308,47.82,,0.18,51.33,46.40,-512,-512,,247,15,1012.0,8000,,"2160",-29.5,490,186,1,10,2,3,2,0,"A0",,2
1776576013.003,"899055","EVA1384 ",24.978607,121.096242,2900,3050,212.8,203,214,0.324,49.57,0.03,0.53,53.26,48.30,-576,-800,,304,3,1012.0,3008,,"5515",-34.0,479,186,1,9,1,3,2,2,"A3",,2
1776576013.003,"899053","UIA8812 ",24.872910,121.188965,6150,6475,227.8,201,226,0.340,35.71,0.00,-0.18,36.21,31.26,-1024,-1024,,292,19,1012.0,4000,,"2035",-33.2,1673,186,1,9,1,3,2,2,"A3",,2
1776576018.000,"89914e","MDA368  ",24.854233,121.082764,8750,9125,215.9,175,202,0.308,47.82,,0.00,51.50,46.57,-448,-480,,245,15,1012.0,8000,,"2160",-29.6,570,186,1,10,2,3,2,0,"A0",,2
1776576018.000,"899055","EVA1384 ",24.981354,121.099752,2825,2975,209.1,201,214,0.320,49.07,-0.09,-1.05,53.26,48.29,-1152,-576,,333,5,1012.0,3008,,"5515",-35.4,514,186,1,9,1,3,2,2,"A3",,2
1776576018.000,"899053","UIA8812 ",24.877143,121.192310,6050,6375,226.5,201,224,0.340,35.66,0.09,-0.35,35.86,30.91,-1024,-1056,,296,19,1012.0,4000,,"2035",-34.2,1733,186,1,9,1,3,2,2,"A3",,2
1776576023.000,"89914e","MDA368  ",24.857173,121.086385,8725,9100,217.3,175,202,0.308,47.80,,-0.35,51.33,46.39,-512,-512,,246,16,1012.0,8000,,"2160",-29.7,657,186,1,10,2,3,2,0,"A0",,2
1776576023.000,"899055","EVA1384 ",24.985331,121.104782,2700,2850,207.7,199,210,0.316,49.10,-0.16,-0.53,52.38,47.41,-1344,-1344,,339,7,1012.0,3008,,"5515",-33.8,555,186,1,9,1,3,2,2,"A3",,2
1776576023.000,"899053","UIA8812 ",24.881424,121.195679,5975,6275,225.1,200,222,0.336,35.60,0.00,-0.18,35.68,30.73,-832,-896,,291,19,1012.0,4000,,"2035",-34.3,1805,186,1,9,1,3,2,2,"A3",,2
1776576028.000,"89914e","MDA368  ",24.860664,121.090583,8675,9050,217.3,175,204,0.312,47.80,,0.18,51.33,46.39,-512,-480,,246,16,1012.0,8000,,"2160",-28.6,727,186,1,10,2,3,2,0,"A0",,2
1776576028.000,"899055","EVA1384 ",24.988449,121.108704,2600,2750,207.0,198,210,0.312,48.92,0.03,0.35,52.38,47.41,-1344,-1376,,347,6,1012.0,3008,,"5515",-33.7,602,186,1,9,1,3,2,2,"A3",,2
1776576028.000,"899053","UIA8812 ",24.885727,121.199036,5925,6225,223.7,199,220,0.332,35.54,-0.06,0.00,35.68,30.73,-640,-640,,292,19,1012.0,4000,,"2035",-34.6,1869,186,1,9,1,3,2,2,"A3",,2
1776576033.000,"89914e","MDA368  ",24.864120,121.094716,8625,9000,217.3,175,202,0.308,47.80,,0.35,51.68,46.74,-512,-512,,241,16,1012.0,7008,,"2160",-29.6,800,186,1,10,2,3,2,0,"A0",,2
1776576033.000,"899055","EVA1384 ",24.991653,121.112722,2475,2625,207.0,198,210,0.312,48.92,0.00,0.18,52.38,47.41,-1408,-1376,,347,6,1012.0,3008,,"5515",-33.8,624,186,1,9,1,3,2,2,"A3",,2
1776576033.000,"899053","UIA8812 ",24.889154,121.201742,5875,6175,220.9,196,216,0.328,35.42,0.00,-0.18,35.51,30.55,-576,-608,,290,19,1012.0,4000,,"2035",-36.1,1920,186,1,9,1,3,2,2,"A3",,2
1776576038.000,"89914e","MDA368  ",24.867371,121.098684,8600,8975,216.7,175,202,0.308,47.99,,0.18,52.38,47.44,-448,-480,,235,15,1012.0,7008,,"2160",-30.8,868,186,1,10,2,3,2,0,"A0",,2
1776576038.000,"899055","EVA1384 ",24.994734,121.116598,2375,2500,205.5,195,204,0.308,48.95,0.94,1.23,53.44,48.46,-1216,-1152,,277,2,1012.0,3008,,"5515",-32.7,655,186,1,9,1,3,2,2,"A3",,2
1776576038.000,"899053","UIA8812 ",24.894135,121.205629,5800,6100,218.1,193,216,0.324,35.29,0.00,-0.18,35.51,30.55,-576,-576,,290,19,1012.0,4000,,"2035",-34.2,1975,186,1,9,1,3,2,2,"A3",,2
1776576038.000,"899108","CAL165  ",24.933838,121.208140,30025,31500,427.8,,470,,229.65,-0.03,0.18,,,64,,,,,1013.6,30016,,"4177",-35.5,42,186,1,9,1,3,2,2,"A3",,2
1776576043.000,"89914e","MDA368  ",24.870766,121.102813,8550,8925,216.7,174,202,0.308,47.99,,-0.53,52.21,47.27,-512,-512,,238,15,1012.0,7008,,"2160",-29.8,950,186,1,10,2,3,2,0,"A0",,2
1776576043.000,"899055","EVA1384 ",24.997604,121.120351,2300,2425,200.0,192,202,0.300,49.46,-0.38,0.00,53.61,48.64,-960,-992,,331,3,1012.0,3008,,"5515",-34.7,687,186,1,9,1,3,2,2,"A3",,2
1776576043.000,"899108","CAL165  ",24.927017,121.199341,30025,31500,427.8,297,470,0.784,229.65,-0.12,0.35,239.59,234.64,0,32,,,,1013.6,30016,,"4177",-34.7,89,186,1,9,1,3,2,2,"A3",,2
1776576043.000,"899053","UIA8812 ",24.898544,121.209056,5750,6050,215.1,191,212,0.320,35.54,0.00,0.00,35.33,30.37,-576,-576,,291,19,1012.0,4000,,"2035",-35.1,2052,186,1,9,1,3,2,2,"A3",,2
1776576048.000,"89914e","MDA368  ",24.874164,121.106959,8500,8875,215.2,173,200,0.304,47.64,,0.18,52.03,47.09,-512,-544,,235,15,1012.0,7008,,"2160",-30.2,1008,186,1,10,2,3,2,0,"A0",,2
1776576048.000,"899055","EVA1384 ",25.000414,121.123905,2225,2325,197.8,192,198,0.300,49.30,-0.25,-0.53,53.61,48.64,-1024,-992,,331,3,1012.0,3008,,"5515",-36.4,710,186,1,9,1,3,2,2,"A3",,2
1776576048.000,"899108","CAL165  ",24.920391,121.190807,30025,31500,427.8,297,472,0.784,229.65,-0.06,0.53,239.59,234.64,0,0,,274,59,1013.6,30016,,"4177",-34.5,132,186,1,9,1,3,2,2,"A3",,2
1776576048.000,"899053","UIA8812 ",24.902375,121.212055,5700,6000,212.3,191,212,0.320,35.41,0.00,0.00,35.33,30.37,-640,-576,,291,19,1012.0,4000,,"2035",-34.5,2104,186,1,9,1,3,2,2,"A3",,2
1776576053.000,"89914e","MDA368  ",24.877441,121.110891,8475,8850,214.5,173,200,0.304,47.83,,0.35,52.56,47.62,-512,-544,,231,15,1012.0,7008,,"2160",-30.5,1087,186,1,10,2,3,2,0,"A0",,2
1776576053.000,"899055","EVA1384 ",25.000414,121.123905,2225,2325,197.8,192,198,0.300,49.30,-0.25,-0.53,53.61,48.64,-1024,-992,,331,3,1012.0,3008,,"5515",-36.5,711,186,1,9,1,3,2,2,"A3",,2
1776576053.000,"899108","CAL165  ",24.914106,121.182671,30025,31500,428.6,297,470,0.784,229.73,0.00,0.00,239.59,234.64,0,0,,274,59,1013.6,30016,,"4177",-34.7,170,186,1,9,1,3,2,2,"A3",,2
1776576053.000,"899053","UIA8812 ",24.906418,121.215210,5650,5925,209.5,186,206,0.312,35.28,0.00,0.18,35.33,30.37,-704,-704,,292,18,1012.0,4000,,"2035",-33.9,2165,186,1,9,1,3,2,2,"A3",,2
1776576058.000,"89914e","MDA368  ",24.880783,121.115011,8425,8800,213.8,172,198,0.304,48.03,,0.18,52.56,47.62,-512,-512,,233,16,1012.0,7008,,"2160",-30.0,1141,186,1,10,2,3,2,0,"A0",,2
1776576058.000,"899055","EVA1384 ",25.000414,121.123905,2225,2325,197.8,192,198,0.300,49.30,-0.25,-0.53,53.61,48.64,-1024,-992,,331,3,1012.0,3008,,"5515",-36.5,711,186,1,9,1,3,2,2,"A3",,2
1776576058.000,"899108","CAL165  ",24.907915,121.174691,30025,31500,427.8,297,470,0.784,229.65,0.00,0.00,239.59,234.64,0,0,,274,59,1013.6,30016,,"4177",-35.2,214,186,1,9,1,3,2,2,"A3",,2
1776576058.000,"899053","UIA8812 ",24.909870,121.217859,5650,5925,205.1,181,200,0.304,35.47,0.09,-0.35,34.98,30.01,-64,-32,,285,20,1012.0,4000,,"2035",-33.5,2228,186,1,9,1,3,2,2,"A3",,2
1776576063.000,"89914e","MDA368  ",24.884080,121.119034,8375,8750,213.1,172,198,0.304,47.85,,-0.18,52.56,47.61,-512,-512,,231,15,1012.0,7008,,"2160",-30.5,1223,186,1,10,2,3,2,0,"A0",,2
1776576063.000,"899055","EVA1384 ",25.000414,121.123905,2225,2325,197.8,192,198,0.300,49.30,-0.25,-0.53,53.61,48.64,-1024,-992,,331,3,1012.0,3008,,"5515",-36.5,711,186,1,9,1,3,2,2,"A3",,2
1776576063.000,"899108","CAL165  ",24.900146,121.164653,30025,31500,427.8,297,470,0.784,229.65,0.00,0.00,239.59,234.64,0,0,,274,59,1013.6,30016,,"4177",-35.2,266,186,1,9,1,3,2,2,"A3",,2
1776576063.000,"899053","UIA8812 ",24.913513,121.220703,5625,5900,200.1,178,196,0.296,35.44,-0.03,-0.53,34.80,29.84,-640,-608,,288,19,1012.0,4000,,"2035",-32.4,2299,186,1,9,1,3,2,2,"A3",,2
1776576068.001,"89914e","MDA368  ",24.887664,121.123335,8325,8675,213.1,171,198,0.300,47.85,,-0.18,52.21,47.26,-512,-512,,236,15,1012.0,7008,,"2160",-32.0,1281,186,1,10,2,3,2,0,"A0",,2
1776576068.001,"899055","EVA1384 ",25.000414,121.123905,2225,2325,197.8,192,198,0.300,49.30,-0.25,-0.53,53.61,48.64,-1024,-992,,331,3,1012.0,3008,,"5515",-36.5,711,186,1,9,1,3,2,2,"A3",,2
1776576068.001,"899108","CAL165  ",24.893829,121.156565,30025,31500,428.4,297,470,0.784,229.54,-0.06,0.00,239.94,235.00,0,0,,274,59,1013.6,30016,,"4177",-35.8,309,186,1,9,1,3,2,2,"A3",,2
1776576068.001,"899053","UIA8812 ",24.917225,121.223611,5550,5825,196.5,175,194,0.292,35.47,0.03,-0.18,34.80,29.84,-960,-928,,293,19,1012.0,4000,,"2035",-32.9,2358,186,1,9,1,3,2,2,"A3",,2
1776576073.000,"899055","EVA1384 ",25.000414,121.123905,2225,2325,197.8,192,198,0.300,49.30,-0.25,-0.53,53.61,48.64,-1024,-992,,331,3,1012.0,3008,,"5515",-36.5,711,186,1,9,1,3,2,2,"A3",,2
1776576073.000,"89914e","MDA368  ",24.890991,121.127370,8300,8675,212.4,171,198,0.300,47.67,,0.35,52.38,47.44,-512,-480,,231,14,1012.0,7008,,"2160",-34.0,1341,186,1,10,2,3,2,0,"A0",,2
1776576073.000,"899108","CAL165  ",24.887152,121.148054,30025,31500,428.4,297,472,0.784,229.54,-0.19,-3.69,239.41,234.47,0,0,,274,59,1013.6,30016,,"4177",-35.9,345,186,1,9,1,3,2,2,"A3",,2
1776576073.000,"899053","UIA8812 ",24.921089,121.226565,5475,5750,194.5,175,192,0.292,35.16,-0.03,-0.18,34.63,29.66,-1024,-1024,,295,19,1012.0,4000,,"2035",-31.9,2427,186,1,9,1,3,2,2,"A3",,2
1776576078.000,"899055","EVA1384 ",25.000414,121.123905,2225,2325,197.8,192,198,0.300,49.30,-0.25,-0.53,53.61,48.64,-1024,-992,,331,3,1012.0,3008,,"5515",-36.5,711,186,1,9,1,3,2,2,"A3",,2
1776576078.000,"89914e","MDA368  ",24.893809,121.130797,8250,8600,211.7,171,196,0.300,47.87,,0.35,52.73,47.78,-512,-512,,231,14,1012.0,7008,,"2160",-34.8,1376,186,1,10,2,3,2,0,"A0",,2
1776576078.000,"899108","CAL165  ",24.881892,121.141473,30025,31500,429.3,297,472,0.784,228.40,-0.19,-3.69,238.54,233.60,0,0,,274,59,1013.6,30016,,"4177",-36.6,380,186,1,9,1,3,2,2,"A3",,2
1776576078.000,"899053","UIA8812 ",24.924720,121.229363,5375,5650,194.5,175,192,0.292,35.16,-0.19,-0.35,34.45,29.48,-1024,-1024,,295,19,1012.0,4000,,"2035",-32.3,2496,186,1,9,1,3,2,2,"A3",,2
1776576083.000,"899055","EVA1384 ",25.000414,121.123905,2225,2325,197.8,192,198,0.300,49.30,-0.25,-0.53,53.61,48.64,-1024,-992,,331,3,1012.0,3008,,"5515",-36.5,711,186,1,9,1,3,2,2,"A3",,2
1776576083.000,"899108","CAL165  ",24.875381,121.133677,30025,31500,429.7,297,472,0.784,227.74,-0.25,-5.45,238.18,233.25,0,0,,275,59,1013.6,30016,,"4177",-36.1,422,186,1,9,1,3,2,2,"A3",,2
1776576083.000,"89914e","MDA368  ",24.897263,121.134949,8200,8550,211.0,171,196,0.300,48.07,,0.00,52.56,47.61,-512,-480,,234,15,1012.0,7008,,"2160",-34.5,1427,186,1,10,2,3,2,0,"A0",,2
1776576083.000,"899053","UIA8812 ",24.928956,121.232576,5300,5575,195.3,178,194,0.296,34.99,0.03,0.18,34.63,29.66,-960,-928,,305,18,1012.0,4000,,"2035",-32.3,2578,186,1,9,1,3,2,2,"A3",,2
1776576088.000,"899055","EVA1384 ",25.000414,121.123905,2225,2325,197.8,192,198,0.300,49.30,-0.25,-0.53,53.61,48.64,-1024,-992,,331,3,1012.0,3008,,"5515",-36.5,711,186,1,9,1,3,2,2,"A3",,2
1776576088.000,"899108","CAL165  ",24.872442,121.130227,30025,31500,432.1,297,472,0.784,226.03,-0.25,-5.45,238.18,233.25,0,0,,275,59,1013.6,30016,,"4177",-37.5,434,186,1,9,1,3,2,2,"A3",,2
1776576088.000,"89914e","MDA368  ",24.900513,121.138916,8175,8525,210.3,170,196,0.300,47.89,,0.00,52.21,47.26,-512,-512,,237,14,1012.0,7008,,"2160",-35.2,1478,186,1,10,2,3,2,0,"A0",,2
1776576088.000,"899053","UIA8812 ",24.932739,121.235504,5200,5450,196.1,178,196,0.296,34.82,-0.09,0.00,34.63,29.65,-832,-864,,295,18,1012.0,3200,,"2035",-34.8,2642,186,1,9,1,3,2,2,"A3",,2
1776576093.000,"899055","EVA1384 ",25.000414,121.123905,2225,2325,197.8,192,198,0.300,49.30,-0.25,-0.53,53.61,48.64,-1024,-992,,331,3,1012.0,3008,,"5515",-36.5,711,186,1,9,1,3,2,2,"A3",,2
1776576093.000,"899108","CAL165  ",24.872442,121.130227,30025,31500,432.1,297,472,0.784,226.03,-0.25,-5.45,238.18,233.25,0,0,,275,59,1013.6,30016,,"4177",-37.5,434,186,1,9,1,3,2,2,"A3",,2
1776576093.000,"89914e","MDA368  ",24.904221,121.143443,8125,8475,209.5,170,196,0.296,47.71,,0.35,52.38,47.43,-512,-512,,232,14,1012.0,7008,,"2160",-33.1,1532,186,1,10,2,3,2,0,"A0",,2
1776576093.000,"899053","UIA8812 ",24.935532,121.237590,5175,5425,194.7,179,196,0.296,34.75,-0.06,0.35,34.63,29.65,-640,-608,,306,17,1012.0,3200,,"2035",-35.5,2690,186,1,9,1,3,2,2,"A3",,2
1776576098.000,"899055","EVA1384 ",25.000414,121.123905,2225,2325,197.8,192,198,0.300,49.30,-0.25,-0.53,53.61,48.64,-1024,-992,,331,3,1012.0,3008,,,-36.5,711,186,1,9,1,3,2,2,"A3",,2
1776576098.000,"899108","CAL165  ",24.872442,121.130227,30025,31500,432.1,297,472,0.784,226.03,-0.25,-5.45,238.18,233.25,0,0,,275,59,1013.6,30016,,"4177",-37.5,434,186,1,9,1,3,2,2,"A3",,2
1776576098.000,"89914e","MDA368  ",24.906921,121.146647,8075,8425,208.9,170,196,0.296,47.91,,0.00,52.38,47.43,-576,-544,,235,13,1012.0,7008,,"2160",-33.7,1586,186,1,10,2,3,2,0,"A0",,2
1776576098.000,"899053","UIA8812 ",24.939926,121.240997,5100,5350,192.5,178,194,0.296,34.85,0.00,0.00,34.80,29.83,-704,-640,,306,17,1012.0,3200,,"2035",-34.2,2737,186,1,9,1,3,2,2,"A3",,2
1776576103.000,"899055","EVA1384 ",25.000414,121.123905,2225,2325,197.8,,198,,49.30,-0.25,-0.53,,,-1024,,,,,1012.0,3008,,,-36.5,711,186,1,9,1,3,2,2,"A3",,2
1776576103.000,"899108","CAL165  ",24.872442,121.130227,30025,31500,434.4,297,472,0.784,222.95,-0.25,-5.45,238.18,233.25,0,0,,275,59,1013.6,30016,,"4177",-37.3,437,186,1,9,1,3,2,2,"A3",,2
1776576103.000,"89914e","MDA368  ",24.910708,121.151267,8025,8375,208.9,170,196,0.296,47.91,,0.18,52.03,47.08,-512,-512,,240,13,1012.0,7008,,"2160",-34.4,1634,186,1,10,2,3,2,0,"A0",,2
1776576103.000,"899053","UIA8812 ",24.943634,121.243795,5050,5300,190.3,176,194,0.292,34.94,0.00,0.00,34.98,30.00,-704,-704,,306,17,1012.0,3200,,"2035",-35.0,2796,186,1,9,1,3,2,2,"A3",,2
1776576108.000,"899108","CAL165  ",24.872442,121.130227,30025,31500,435.7,297,472,0.784,221.56,-0.25,-5.45,238.18,233.25,0,0,,275,59,1013.6,30016,,"4177",-37.4,439,186,1,9,1,3,2,2,"A3",,2
1776576108.000,"89914e","MDA368  ",24.913971,121.155243,8000,8350,207.5,169,196,0.296,47.93,,0.18,52.03,47.07,-512,-512,,240,13,1012.0,7008,,"2160",-34.1,1677,186,1,10,2,3,2,0,"A0",,2
1776576108.000,"899053","UIA8812 ",24.946693,121.246102,5000,5250,188.9,175,190,0.288,34.87,-0.12,0.00,35.16,30.18,-704,-704,,311,15,1012.0,3200,,"2035",-36.2,2843,186,1,9,1,3,2,2,"A3",,2
1776576113.000,"899108","CAL165  ",24.872442,121.130227,30025,31500,435.7,297,472,0.784,221.56,-0.25,-5.45,238.18,233.25,0,0,,275,59,1013.6,30016,,"4177",-37.3,440,186,1,9,1,3,2,2,"A3",,2
1776576113.000,"89914e","MDA368  ",24.917225,121.159196,7950,8300,207.5,169,194,0.296,47.93,,0.18,52.21,47.25,-512,-480,,238,14,1012.0,7008,,"2160",-32.4,1739,186,1,10,2,3,2,0,"A0",,2
1776576113.000,"899053","UIA8812 ",24.950789,121.249263,4925,5175,187.5,173,188,0.288,34.79,-0.03,0.18,35.33,30.35,-768,-736,,312,15,1012.0,3200,,"2035",-34.6,2897,186,1,9,1,3,2,2,"A3",,2
1776576118.000,"899108","CAL165  ",24.872442,121.130227,30025,31500,435.7,297,472,0.784,221.56,-0.25,-5.45,238.18,233.25,0,0,,275,59,1013.6,30016,,"4177",-37.3,440,186,1,9,1,3,2,2,"A3",,2
1776576118.000,"89914e","MDA368  ",24.920334,121.162974,7900,8250,206.8,168,192,0.292,48.14,,0.35,52.56,47.60,-512,-512,,232,15,1012.0,7008,,"2160",-33.5,1795,186,1,10,2,3,2,0,"A0",,2
1776576118.000,"899053","UIA8812 ",24.953722,121.251491,4875,5125,186.7,172,188,0.284,34.97,0.03,0.18,35.68,30.70,-704,-736,,308,14,1012.0,3200,,"2035",-37.2,2946,186,1,9,1,3,2,2,"A3",,2
1776576123.000,"899108","CAL165  ",24.872442,121.130227,30025,31500,435.7,297,472,0.784,221.56,-0.25,-5.45,238.18,233.25,0,0,,275,59,1013.6,30016,,"4177",-37.3,440,186,1,9,1,3,2,2,"A3",,2
1776576123.000,"89914e","MDA368  ",24.923091,121.166295,7875,8225,206.8,168,192,0.292,48.14,,0.00,52.38,47.42,-512,-512,,235,15,1012.0,7008,,"2160",-34.6,1860,186,1,10,2,3,2,0,"A0",,2
1776576123.000,"899053","UIA8812 ",24.953722,121.251491,4875,5125,186.7,172,188,0.284,34.97,0.03,0.18,35.68,30.70,-704,-736,,308,14,1012.0,3200,,"2035",-37.5,2953,186,1,9,1,3,2,2,"A3",,2
1776576128.000,"899108","CAL165  ",24.872442,121.130227,30025,31500,435.7,297,472,0.784,221.56,-0.25,-5.45,238.18,233.25,0,0,,275,59,1013.6,30016,,"4177",-37.3,440,186,1,9,1,3,2,2,"A3",,2
1776576128.000,"89914e","MDA368  ",24.926285,121.170197,7825,8175,206.0,168,192,0.292,47.95,,-0.18,52.21,47.24,-512,-512,,238,14,1012.0,7008,,"2160",-32.6,1920,186,1,10,2,3,2,0,"A0",,2
1776576128.000,"899053","UIA8812 ",24.953722,121.251491,4875,5125,186.7,172,188,0.284,34.97,0.03,0.18,35.68,30.70,-704,-736,,308,14,1012.0,3200,,"2035",-37.8,2955,186,1,9,1,3,2,2,"A3",,2
1776576133.000,"899108","CAL165  ",24.872442,121.130227,30025,31500,435.7,297,472,0.784,221.56,-0.25,-5.45,238.18,233.25,0,0,,275,59,1013.6,30016,,"4177",-37.3,440,186,1,9,1,3,2,2,"A3",,2
1776576133.000,"89914e","MDA368  ",24.929626,121.174266,7775,8100,206.7,169,192,0.296,47.74,,0.18,51.86,46.89,-512,-512,,239,15,1012.0,7008,,"2160",-33.7,1978,186,1,10,2,3,2,0,"A0",,2
1776576133.000,"899053","UIA8812 ",24.953722,121.251491,4875,5125,186.7,172,182,0.284,34.97,0.06,0.53,35.68,30.70,-704,-736,,308,14,1012.0,3200,,"2035",-38.2,2959,186,1,9,1,3,2,2,"A3",,2
1776576138.000,"899108","CAL165  ",24.872442,121.130227,30025,31500,435.7,297,472,0.784,221.56,-0.25,-5.45,238.18,233.25,0,0,,275,59,1013.6,30016,,"4177",-37.3,440,186,1,9,1,3,2,2,"A3",,2
1776576138.000,"89914e","MDA368  ",24.933332,121.178733,7725,8050,207.5,169,194,0.296,47.93,,0.18,51.86,46.89,-512,-480,,243,14,1012.0,7008,,"2160",-34.5,2029,186,1,10,2,3,2,0,"A0",,2
1776576138.000,"899053","UIA8812 ",24.953722,121.251491,4875,5125,186.7,172,182,0.284,34.97,0.06,0.53,35.68,30.70,-704,-736,,308,14,1012.0,3200,,"2035",-38.2,2959,186,1,9,1,3,2,2,"A3",,2
1776576143.000,"899108","CAL165  ",24.872442,121.130227,30025,31500,435.7,,,,221.56,,,,,0,,,,,,,,,-37.3,440,186,,,1,,,,"A3",,2
1776576143.000,"89914e","MDA368  ",24.935986,121.181946,7700,8025,207.5,169,194,0.296,47.93,,0.35,51.86,46.89,-512,-512,,243,14,1012.0,7008,,"2160",-33.0,2082,186,1,10,2,3,2,0,"A0",,2
1776576143.000,"899053","UIA8812 ",24.953722,121.251491,4875,5125,186.7,172,182,0.284,34.97,0.06,0.53,35.68,30.70,-704,-736,,308,14,1012.0,3200,,"2035",-38.2,2959,186,1,9,1,3,2,2,"A3",,2
1776576148.000,"89914e","MDA368  ",24.939743,121.186523,7650,7975,207.5,170,194,0.296,47.93,,0.00,51.68,46.71,-512,-480,,245,14,1012.0,7008,,"2160",-33.3,2148,186,1,10,2,3,2,0,"A0",,2
1776576148.000,"899053","UIA8812 ",24.953722,121.251491,4875,5125,186.7,172,182,0.284,34.97,0.06,0.53,35.68,30.70,-704,-736,,308,14,1012.0,3200,,"2035",-38.2,2959,186,1,9,1,3,2,2,"A3",,2
1776576153.000,"89914e","MDA368  ",24.942782,121.190237,7625,7950,207.5,170,194,0.296,47.93,,-0.18,51.15,46.18,-512,-480,,252,15,1012.0,6304,,"2160",-33.6,2207,186,1,10,2,3,2,0,"A0",,2
1776576153.000,"899053","UIA8812 ",24.953722,121.251491,4875,5125,186.7,172,182,0.284,34.97,0.06,0.53,35.68,30.70,-704,-736,,308,14,1012.0,3200,,"2035",-38.2,2959,186,1,9,1,3,2,2,"A3",,2
1776576158.000,"89914e","MDA368  ",24.946106,121.194255,7575,7900,207.5,170,194,0.296,47.93,,-0.18,51.15,46.18,-512,-512,,252,15,1012.0,6016,,"2160",-33.6,2248,186,1,10,2,3,2,0,"A0",,2
1776576158.000,"899053","UIA8812 ",24.953722,121.251491,4875,5125,186.7,172,182,0.284,34.97,0.06,0.53,35.68,30.70,-704,-736,,308,14,1012.0,3200,,"2035",-38.2,2959,186,1,9,1,3,2,2,"A3",,2
1776576163.000,"89914e","MDA368  ",24.949265,121.198069,7525,7850,207.5,171,194,0.296,47.93,,0.88,51.50,46.53,-512,-480,,247,14,1012.0,6016,,"2160",-34.4,2309,186,1,10,2,3,2,0,"A0",,2
1776576163.000,"899053","UIA8812 ",24.953722,121.251491,4875,5125,186.7,172,182,0.284,34.97,0.06,0.53,35.68,30.70,-704,-736,,308,14,1012.0,3200,,"2035",-38.2,2959,186,1,9,1,3,2,2,"A3",,2
1776576168.000,"89914e","MDA368  ",24.951462,121.200816,7500,7825,207.6,171,194,0.296,48.71,,6.68,51.50,46.53,-512,-480,,247,14,1012.0,6016,,"2160",-36.5,2343,186,1,10,2,3,2,0,"A0",,2
1776576168.000,"899053","UIA8812 ",24.953722,121.251491,4875,5125,186.7,172,182,0.284,34.97,0.06,0.53,35.68,30.70,-704,-736,,308,14,1012.0,3200,,"2035",-38.2,2959,186,1,9,1,3,2,2,"A3",,2
1776576173.000,"89914e","MDA368  ",24.954979,121.205940,7450,7775,208.0,171,194,0.296,55.78,,6.68,51.50,46.53,-640,-480,,247,14,1012.0,6016,,"2160",-34.4,2367,186,1,10,2,3,2,0,"A0",,2
1776576173.000,"899053","UIA8812 ",24.953722,121.251491,4875,5125,186.7,172,182,0.284,34.97,0.06,0.53,35.68,30.70,-704,-736,,308,14,1012.0,3200,,,-38.2,2959,186,1,9,1,3,2,2,"A3",,2
1776576178.000,"89914e","MDA368  ",24.957074,121.210811,7400,7700,209.0,171,194,0.296,71.31,,6.68,78.40,73.42,-512,-512,,247,14,1012.0,6016,,"2160",-34.7,2404,186,1,10,2,3,2,0,"A0",,2
1776576183.000,"89914e","MDA368  ",24.958051,121.215889,7350,7650,208.5,171,194,0.296,81.17,,25.31,78.40,73.42,-448,-512,,226,17,1012.0,6016,,"2160",-35.4,2442,186,1,10,2,3,2,0,"A0",,2
1776576188.000,"89914e","MDA368  ",24.958191,121.219051,7325,7625,207.0,171,194,0.296,90.55,,25.31,78.40,73.42,-448,-512,,226,17,1012.0,6016,,"2160",-35.6,2461,186,1,10,2,3,2,0,"A0",,2
1776576193.000,"89914e","MDA368  ",24.957819,121.223145,7300,7600,205.5,171,194,0.296,102.08,,25.31,78.40,73.42,-512,-512,,226,17,1012.0,4992,,"2160",-37.0,2476,186,1,10,2,3,2,0,"A0",,2
1776576198.000,"89914e","MDA368  ",24.957819,121.223145,7300,7600,205.5,171,194,0.296,102.08,,25.31,78.40,73.42,-512,-512,,226,17,1012.0,4992,,"2160",-37.2,2477,186,1,10,2,3,2,0,"A0",,2
1776576203.000,"89914e","MDA368  ",24.957819,121.223145,7300,7600,205.5,171,194,0.296,102.08,,25.31,78.40,73.42,-512,-512,,226,17,1012.0,4992,,"2160",-37.2,2477,186,1,10,2,3,2,0,"A0",,2
1776576208.000,"8990b2","N/A",24.906601,120.998993,4025,4225,201.4,,,,65.34,,,,,-64,,,,,1012.0,4000,,,-36.5,10,186,1,8,1,2,,,,,0
1776576208.000,"89914e","MDA368  ",24.957819,121.223145,7300,7600,205.5,171,194,0.296,102.08,,25.31,78.40,73.42,-512,-512,,226,17,1012.0,4992,,"2160",-37.2,2477,186,1,10,2,3,2,0,"A0",,2
1776576213.000,"8990b2","N/A",24.907868,121.001967,4025,4225,201.8,,,,65.09,,,,,0,,,,,1012.0,4000,,,-35.0,23,186,1,9,1,3,2,2,,,2
1776576213.000,"89914e","MDA368  ",24.957819,121.223145,7300,7600,205.5,171,194,0.296,102.08,,25.31,78.40,73.42,-512,-512,,226,17,1012.0,4992,,"2160",-37.2,2477,186,1,10,2,3,2,0,"A0",,2
1776576218.000,"8990b2","EVA852  ",24.910615,121.008030,4025,4225,201.3,186,200,0.304,62.16,-0.97,-10.55,65.92,60.98,0,-32,,334,14,1012.0,4000,,"3357",-36.4,53,186,1,9,1,3,2,2,"A3",,2
1776576218.000,"89914e","MDA368  ",24.957819,121.223145,7300,7600,205.5,171,194,0.296,102.08,,25.31,78.40,73.42,-512,-512,,226,17,1012.0,4992,,"2160",-37.2,2477,186,1,10,2,3,2,0,"A0",,2
1776576223.000,"8990b2","EVA852  ",24.910615,121.008030,4025,4225,200.8,186,200,0.304,59.48,-0.88,-8.44,65.92,60.98,0,-32,,334,14,1012.0,4000,,"3357",-36.7,59,186,1,9,1,3,2,2,"A3",,2
1776576223.000,"89914e","MDA368  ",24.957819,121.223145,7300,7600,205.5,171,194,0.296,102.08,,25.31,78.40,73.42,-512,-512,,226,17,1012.0,4992,,"2160",-37.2,2477,186,1,10,2,3,2,0,"A0",,2
1776576228.000,"8990b2","EVA852  ",24.915363,121.015907,4025,4225,201.6,186,200,0.304,56.94,-0.88,-8.44,65.92,60.98,0,-32,,334,14,1012.0,4000,,"3357",-36.4,66,186,1,9,1,3,2,2,"A3",,2
1776576228.000,"89914e","MDA368  ",24.957819,121.223145,7300,7600,205.5,171,194,0.296,102.08,,25.31,78.40,73.42,-512,-512,,226,17,1012.0,4992,,"2160",-37.2,2477,186,1,10,2,3,2,0,"A0",,2
1776576233.000,"8990b2","EVA852  ",24.918869,121.020813,4025,4225,201.4,186,200,0.304,53.07,-0.88,-8.44,65.92,60.98,0,-32,,334,14,1012.0,4000,,"3357",-36.5,71,186,1,9,1,3,2,2,"A3",,2
1776576233.000,"89914e","MDA368  ",24.957819,121.223145,7300,7600,205.5,171,194,0.296,102.08,,25.31,78.40,73.42,-512,-512,,226,17,1012.0,4992,,"2160",-37.2,2477,186,1,10,2,3,2,0,"A0",,2
1776576238.000,"8990b2","EVA852  ",24.918869,121.020813,4025,4225,201.4,186,200,0.304,53.07,-0.88,-8.44,65.92,60.98,0,-32,,334,14,1012.0,4000,,"3357",-36.6,72,186,1,9,1,3,2,2,"A3",,2
1776576238.000,"89914e","MDA368  ",24.957819,121.223145,7300,7600,205.5,,194,,102.08,,25.31,,,-512,,,226,17,1012.0,4992,,"2160",-37.2,2477,186,1,10,2,3,2,0,"A0",,2
1776576243.000,"8990b2","EVA852  ",24.918869,121.020813,4025,4225,201.4,186,200,0.304,53.07,-0.88,-8.44,65.92,60.98,0,-32,,334,14,1012.0,4000,,"3357",-36.6,72,186,1,9,1,3,2,2,"A3",,2
1776576243.000,"89914e","MDA368  ",24.957819,121.223145,7300,7600,205.5,,,,102.08,,,,,-512,,,,,1012.0,4992,,"2160",-37.2,2477,186,1,10,2,3,2,0,"A0",,2
1776576248.000,"8990b2","EVA852  ",24.918869,121.020813,4025,4225,201.4,186,200,0.304,53.07,-0.88,-8.44,65.92,60.98,0,-32,,334,14,1012.0,4000,,"3357",-36.6,72,186,1,9,1,3,2,2,"A3",,2
1776576248.000,"89914e","MDA368  ",24.918228,121.231486,6800,7100,179.7,,,,226.80,,,,,-448,,,,,1011.8,4000,,"2160",-35.8,2511,186,1,10,2,3,,,"A0",,2
1776576253.000,"8990b2","EVA852  ",24.918869,121.020813,4025,4225,199.9,186,200,0.304,49.06,-0.88,-8.44,65.92,60.98,-192,-32,,334,14,1012.0,4000,,"3357",-36.5,73,186,1,9,1,3,2,2,"A3",,2
1776576253.000,"89914e","MDA368  ",24.915894,121.228790,6775,7075,181.1,,,,226.34,,,,,-576,,,,,1011.8,4000,,"2160",-37.7,2531,186,1,10,2,3,2,0,"A0",,2
1776576258.000,"8990b2","EVA852  ",24.918869,121.020813,4000,4225,199.9,186,200,0.304,49.06,-0.88,-8.44,65.92,60.98,-192,-32,,334,14,1012.0,4000,,"3357",-37.5,79,186,1,9,1,3,2,2,"A3",,2
1776576258.000,"89914e","MDA368  ",24.915894,121.228790,6775,7075,182.5,,,,226.78,,,,,-576,,,,,1011.8,4000,,"2160",-36.9,2543,186,1,10,2,3,2,0,"A0",,2
1776576263.000,"8990b2","EVA852  ",24.935660,121.041922,3975,4175,199.9,186,200,0.304,49.06,-0.88,-8.44,65.92,60.98,-192,-32,,334,14,1012.0,4000,,"3357",-37.5,80,186,1,9,1,3,2,2,"A3",,2
1776576263.000,"89914e","MDA368  ",24.915894,121.228790,6775,7075,182.9,,,,228.99,,,,,-576,,,,,1011.8,4000,,"2160",-37.1,2547,186,1,10,2,3,2,0,"A0",,2
1776576268.000,"8990b2","EVA852  ",24.939926,121.047414,3875,4075,203.5,186,200,0.304,49.18,-0.88,-8.44,65.92,60.98,-832,-32,,334,14,1012.0,4000,,"3357",-36.1,91,186,1,9,1,3,2,2,"A3",,2
1776576268.000,"89914e","MDA368  ",24.908936,121.219533,6650,6925,182.9,,,,228.99,,,,,-576,,,,,1011.8,4000,,"2160",-37.3,2549,186,1,10,2,3,2,0,"A0",,2
1776576273.000,"8990b2","EVA852  ",24.940687,121.048348,3875,4075,202.7,186,200,0.304,49.00,-0.88,-8.44,65.92,60.98,-832,-32,,334,14,1012.0,4000,,"3357",-36.4,97,186,1,9,1,3,2,2,"A3",,2
1776576273.000,"89914e","MDA368  ",24.906830,121.212921,6575,6850,179.7,,,,260.07,,,,,-448,,,,,1011.8,4000,,"2160",-37.6,2557,186,1,10,2,3,2,0,"A0",,2
1776576278.000,"8990b2","EVA852  ",24.946087,121.055188,3750,3950,202.0,,200,,48.81,-0.88,-8.44,,,-832,,,,,1012.0,4000,,,-36.7,104,186,1,9,1,3,,,"A3",,2
1776576278.000,"899119","N/A",25.237198,121.201630,6825,7125,265.8,,,,309.20,,,,,3200,,,,,1012.0,24000,,,-37.4,17,186,1,8,2,2,,,,,0
1776576278.000,"89914e","MDA368  ",24.906464,121.209768,6550,6825,179.7,,,,260.07,,,,,-448,,,,,1012.0,4000,,"2160",-37.0,2572,186,1,10,2,3,2,0,"A0",,2
1776576283.000,"8990b2","EVA852  ",24.947937,121.057485,3725,3925,201.2,,,,48.63,,,,,-832,,,,,1012.0,4000,,,-36.3,113,186,1,9,1,3,2,2,"A3",,2
1776576283.000,"899119","N/A",25.237198,121.201630,6825,7125,265.8,,,,309.20,,,,,3200,,,,,1012.0,24000,,,-37.8,26,186,1,8,2,2,,,,,0
1776576283.000,"89914e","MDA368  ",24.906704,121.204281,6500,6775,179.8,,,,281.87,,,,,-768,,,,,1012.0,4000,,"2160",-36.6,2597,186,1,10,2,3,2,0,"A0",,2
1776576288.000,"8990b2","EVA852  ",24.952057,121.062622,3625,3825,201.2,,,,48.63,,,,,-832,,,,,1012.0,3008,,,-36.3,132,186,1,9,1,3,2,2,"A3",,2
1776576288.000,"89914e","MDA368  ",24.907883,121.199697,6425,6700,180.2,175,,0.300,292.86,,,293.20,288.24,-832,-832,,,,1012.0,4000,,"2160",-36.5,2635,186,1,10,2,3,2,0,"A0",,2
1776576288.000,"899119","CAL909  ",25.237198,121.201630,6825,7125,269.3,,,,309.42,,,,,2880,,,,,1012.0,24000,,,-37.8,35,186,1,8,2,2,,,,,0
1776576293.000,"8990b2","EVA852  ",24.955212,121.066538,3550,3750,201.2,,,,48.63,,,,,-896,,,,,1012.0,3008,,,-35.4,150,186,1,9,1,3,2,2,"A3",,2
1776576293.000,"89914e","MDA368  ",24.910196,121.194953,6350,6625,181.5,175,,0.300,305.35,,,293.20,288.24,-768,-832,,,,1012.0,4000,,"2160",-35.6,2693,186,1,10,2,3,2,0,"A0",,2
1776576293.000,"899119","CAL909  ",25.237198,121.201630,6825,7125,269.3,,,,309.42,,,,,2880,,,,,1012.0,24000,,,-37.8,35,186,1,8,2,2,,,,,0
1776576298.000,"8990b2","EVA852  ",24.958005,121.070010,3475,3675,201.2,,,,48.63,,,,,-1024,,,,,1012.0,3008,,,-34.5,173,186,1,9,1,3,2,2,"A3",,2
1776576298.000,"89914e","MDA368  ",24.912896,121.191533,6300,6575,181.0,177,198,0.300,315.00,,20.21,321.50,316.54,-640,-640,,332,18,1012.0,4000,,"2160",-34.7,2752,186,1,10,2,3,2,0,"A0",,2
1776576298.000,"899119","CAL909  ",25.237198,121.201630,6825,7125,269.3,,,,309.42,,,,,2880,,,,,1012.0,24000,,,-37.8,35,186,1,8,2,2,,,,,0
1776576303.000,"8990b2","EVA852  ",24.961775,121.074777,3375,3575,200.6,,,,48.84,,,,,-1088,,,,,1012.0,3008,,"3357",-35.8,195,186,1,9,1,3,2,2,"A3",,2
1776576303.000,"89914e","MDA368  ",24.915894,121.188914,6250,6525,181.7,176,198,0.300,327.36,,20.04,332.05,327.09,-704,-672,,332,18,1012.0,4000,,"2160",-34.2,2825,186,1,10,2,3,2,0,"A0",,2
1776576303.000,"899119","CAL909  ",25.237198,121.201630,6825,7125,269.3,,,,309.42,,,,,2880,,,,,1012.0,24000,,,-37.7,36,186,1,8,2,2,,,,,0
1776576308.000,"8990b2","EVA852  ",24.964874,121.078644,3275,3475,201.3,,,,49.03,,,,,-1152,,,,,1012.0,3008,,"3357",-36.1,207,186,1,9,1,3,2,2,"A3",,2
1776576308.000,"89914e","MDA368  ",24.920065,121.186610,6175,6450,182.0,176,196,0.296,339.08,,20.92,342.25,337.28,-768,-736,,330,14,1012.0,4000,,"2160",-34.1,2894,186,1,10,2,3,2,0,"A0",,2
1776576308.000,"8990a9","N/A",25.182945,121.187698,9225,9700,276.6,,,,229.40,,,,,-1408,,,,,,,,,-37.4,11,186,,8,2,2,,,,,0
1776576308.000,"899119","CAL909  ",25.237198,121.201630,6825,7125,269.3,,,,309.42,,,,,2880,,,,,1012.0,24000,,,-37.7,36,186,1,8,2,2,,,,,0
1776576308.000,"899115","CAL126  ",24.743912,121.479289,29000,30450,486.2,,,,51.60,,,,,0,,,,,,,,"2657",-37.1,33,186,1,9,2,3,2,2,"A3",,2
1776576313.000,"8990b2","EVA852  ",24.967920,121.082499,3200,3400,201.3,186,,0.300,49.03,,,51.68,46.72,-896,-1088,,,,1012.0,3008,,"3357",-35.7,237,186,1,9,1,3,2,2,"A3",,2
1776576313.000,"899119","CAL909  ",25.263387,121.166347,8450,8775,269.3,,,,309.42,,,,,2880,,,,,1012.0,24000,,,-37.5,39,186,1,8,2,2,,,,,0
1776576313.000,"89914e","MDA368  ",24.924179,121.185404,6125,6375,183.5,175,196,0.296,350.59,,21.09,353.32,348.36,-704,-736,,335,13,1012.0,4000,,"2160",-34.1,2973,186,1,10,2,3,2,0,"A0",,2
1776576313.000,"8990a9","N/A",25.182945,121.187698,9225,9675,275.2,,,,229.42,,,,,-1600,,,,,,,,,-37.4,22,186,,8,2,2,,,,,0
1776576313.000,"899115","CAL126  ",24.743912,121.479289,29000,30450,486.2,,,,51.60,,,,,0,,,,,,,,"2657",-37.3,42,186,1,9,2,3,2,2,"A3",,2
1776576318.000,"8990b2","EVA852  ",24.970917,121.086324,3125,3300,198.6,184,196,0.292,49.49,0.06,0.70,52.21,47.24,-704,-800,,300,8,1012.0,3008,,"3357",-35.5,283,186,1,9,1,3,2,2,"A3",,2
1776576318.000,"899119","CAL909  ",25.263387,121.166347,8450,8775,269.3,,,,309.42,,,,,2880,,,,,1012.0,24000,,,-37.6,40,186,1,8,2,2,,,,,0
1776576318.000,"8990a9","N/A",25.174530,121.176910,8975,9425,275.2,,,,229.42,,,,,-1600,,,,,,,,,-37.4,28,186,,8,2,2,,,,,0
1776576318.000,"89914e","MDA368  ",24.928253,121.185099,6075,6325,184.1,173,194,0.292,1.87,,21.45,4.57,359.60,-704,-736,,337,11,1012.0,4000,,"2160",-33.6,3038,186,1,10,2,3,2,0,"A0",,2
1776576318.000,"899115","CAL126  ",24.743912,121.479289,29000,30450,486.2,,,,51.60,,,,,0,,,,,,,,"2657",-37.3,42,186,1,9,2,3,2,2,"A3",,2
1776576323.000,"8990b2","EVA852  ",24.973755,121.089986,3050,3225,195.8,183,196,0.292,49.56,-0.06,0.35,52.21,47.24,-1216,-1216,,320,8,1012.0,3008,,"3357",-35.1,324,186,1,9,1,3,2,2,"A3",,2
1776576323.000,"899119","CAL909  ",25.263387,121.166347,8450,8775,269.3,,,,309.42,,,,,2880,,,,,1012.0,24000,,,-37.6,40,186,1,8,2,2,,,,,0
1776576323.000,"8990a9","N/A",25.174530,121.176910,8975,9425,274.5,,,,229.58,,,,,-1664,,,,,,,,,-37.6,31,186,,8,2,2,,,,,0
1776576323.000,"89914e","MDA368  ",24.932739,121.185811,6000,6250,185.1,171,190,0.288,13.44,,20.92,16.17,11.20,-704,-704,,333,8,1012.0,4000,,"2160",-32.1,3137,186,1,10,2,3,2,0,"A0",,2
1776576323.000,"899115","CAL126  ",24.743912,121.479289,29000,30450,486.2,,,,51.60,,,,,0,,,,,,,,"2657",-37.4,43,186,1,9,2,3,2,2,"A3",,2
1776576328.000,"8990b2","EVA852  ",24.976812,121.093952,2925,3100,195.8,183,196,0.292,49.56,-0.06,0.35,52.21,47.24,-1344,-1216,,320,8,1012.0,3008,,"3357",-36.2,360,186,1,9,1,3,2,2,"A3",,2
1776576328.000,"899119","CAL909  ",25.263387,121.166347,8450,8775,269.3,,,,309.42,,,,,2880,,,,,1012.0,24000,,,-37.7,41,186,1,8,2,2,,,,,0
1776576328.000,"8990a9","N/A",25.174530,121.176910,8975,9425,274.5,,,,229.58,,,,,-1664,,,,,,,,,-37.7,34,186,,8,2,2,,,,,0
1776576328.000,"89914e","MDA368  ",24.936493,121.187236,5950,6200,186.5,170,190,0.288,25.74,,21.80,25.31,20.35,-704,-672,,350,5,1012.0,4000,,"2160",-32.8,3195,186,1,10,2,3,2,0,"A0",,2
1776576328.000,"899115","CAL126  ",24.743912,121.479289,29000,30450,486.2,,,,51.60,,,,,0,,,,,,,,"2657",-37.4,43,186,1,9,2,3,2,2,"A3",,2
1776576333.000,"8990b2","EVA852  ",24.979660,121.097565,2825,3000,195.7,186,196,0.296,49.14,0.00,-0.18,51.50,46.54,-1344,-1344,,320,9,1012.0,3008,,"3357",-35.9,419,186,1,9,1,3,2,2,"A3",,2
1776576333.000,"899119","CAL909  ",25.263387,121.166347,8450,8775,269.3,,,,309.42,,,,,2880,,,,,,,,,-37.7,41,186,,8,2,2,,,,,0
1776576333.000,"8990a9","N/A",25.174530,121.176910,8975,9425,274.5,,,,229.58,,,,,-1664,,,,,,,,,-37.8,35,186,,8,2,2,,,,,0
1776576333.000,"89914e","MDA368  ",24.940129,121.189616,5900,6150,186.7,170,188,0.288,32.75,,21.45,28.83,23.86,-704,-672,,324,7,1012.0,4000,,"2160",-36.2,3233,186,1,10,2,3,2,0,"A0",,2
1776576333.000,"899115","CAL126  ",24.743912,121.479289,29000,30450,486.2,,,,51.60,,,,,0,,,,,,,,"2657",-37.4,43,186,1,9,2,3,2,2,"A3",,2
1776576339.000,"8990b2","EVA852  ",24.982910,121.101673,2700,2875,195.7,186,196,0.296,49.14,0.00,-0.18,51.33,46.36,-1344,-1248,,320,9,1012.0,3008,,"3357",-37.3,456,186,1,9,1,3,2,2,"A3",,2
1776576339.000,"899119","CAL909  ",25.263387,121.166347,8450,8775,269.3,,,,309.42,,,,,2880,,,,,,,,,-37.7,41,186,,8,2,2,,,,,0
1776576339.000,"8990a9","N/A",25.174530,121.176910,8975,9425,274.5,,,,229.58,,,,,-1664,,,,,,,,,-38.0,36,186,,8,2,2,,,,,0
1776576339.000,"89914e","MDA368  ",24.943130,121.192474,5850,6100,187.4,170,186,0.288,45.65,,2.81,28.83,23.86,-512,-672,,324,7,1012.0,4000,,"2160",-36.0,3271,186,1,10,2,3,2,0,"A0",,2
1776576339.000,"899115","CAL126  ",24.743912,121.479289,29000,30450,486.2,,,,51.60,,,,,0,,,,,,,,"2657",-37.4,43,186,1,9,2,3,2,2,"A3",,2
1776576344.000,"8990b2","EVA852  ",24.986343,121.106008,2600,2750,193.5,186,196,0.296,48.98,0.00,-0.18,51.33,46.36,-1152,-1248,,320,9,1012.0,3008,,"3357",-36.2,483,186,1,9,1,3,2,2,"A3",,2
1776576344.000,"899119","CAL909  ",25.263387,121.166347,8450,8775,269.3,,,,309.42,,,,,2880,,,,,,,,,-37.7,41,186,,8,2,2,,,,,0
1776576344.000,"8990a9","N/A",25.174530,121.176910,8975,9425,274.5,,,,229.58,,,,,-1664,,,,,,,,,-38.0,36,186,,8,2,2,,,,,0
1776576344.000,"89914e","MDA368  ",24.946879,121.196663,5775,6025,186.0,170,184,0.288,46.09,,-0.53,28.83,23.86,-768,-672,,324,7,1012.0,4000,,"2160",-35.6,3299,186,1,10,2,3,2,0,"A0",,2
1776576344.000,"899115","CAL126  ",24.743912,121.479289,29000,30450,486.2,,,,51.60,,,,,0,,,,,,,,"2657",-37.4,43,186,1,9,2,3,2,2,"A3",,2
1776576349.000,"8990b2","EVA852  ",24.987900,121.107992,2550,2675,188.6,186,196,0.296,49.30,0.00,-0.18,51.33,46.36,-960,-1248,,320,9,1012.0,3008,,"3357",-36.7,502,186,1,9,1,3,2,2,"A3",,2
1776576349.000,"899119","CAL909  ",25.263387,121.166347,8450,8775,,,,,,,,,,,,,,,,,,,-37.7,41,186,,8,,2,,,,,0
1776576349.000,"8990a9","N/A",25.174530,121.176910,8975,9425,268.7,,,,229.07,,,,,-2176,,,,,,,,,-38.0,39,186,,8,2,2,,,,,0
1776576349.000,"89914e","MDA368  ",24.950277,121.200550,5700,5950,186.0,166,184,0.280,46.09,,0.70,46.58,41.61,-896,-832,,306,15,1012.0,4000,,"2160",-35.5,3339,186,1,10,2,3,2,0,"A0",,2
1776576349.000,"899115","CAL126  ",24.743912,121.479289,29000,30450,486.2,,,,51.60,,,,,0,,,,,,,,"2657",-37.4,43,186,1,9,2,3,2,2,"A3",,2
1776576354.000,"8990b2","EVA852  ",24.991837,121.113027,2450,2575,184.4,177,188,0.280,49.40,0.16,-0.18,51.68,46.71,-896,-896,,327,9,1012.0,3008,,"3357",-36.3,523,186,1,9,1,3,2,2,"A3",,2
1776576354.000,"899119","CAL909  ",25.263387,121.166347,8450,8775,,,,,,,,,,,,,,,,,,,-37.7,41,186,,8,,2,,,,,0
1776576354.000,"8990a9","N/A",25.174530,121.176910,8975,9425,267.9,,,,228.93,,,,,-2240,,,,,,,,,-38.0,44,186,,8,2,2,,,,,0
1776576354.000,"89914e","MDA368  ",24.952046,121.202571,5675,5925,186.0,166,184,0.280,46.09,,0.53,47.29,42.31,-896,-768,,306,15,1012.0,3296,,"2160",-36.5,3358,186,1,10,2,3,2,0,"A0",,2
1776576354.000,"899115","CAL126  ",24.743912,121.479289,29000,30450,486.2,,,,51.60,,,,,0,,,,,,,,"2657",-37.4,43,186,1,9,2,3,2,2,"A3",,2
1776576359.000,"8990b2","EVA852  ",24.994502,121.116442,2375,2475,180.1,173,182,0.272,49.05,0.03,-0.35,51.68,46.71,-768,-768,,327,9,1012.0,3008,,"3357",-35.8,544,186,1,9,1,3,2,2,"A3",,2
1776576359.000,"899119","CAL909  ",25.263387,121.166347,8450,8775,,,,,,,,,,,,,,,,,,,-37.7,41,186,,8,,2,,,,,0
1776576359.000,"8990a9","N/A",25.174530,121.176910,8975,9425,267.9,,,,228.93,,,,,-2240,,,,,,,,,-38.1,45,186,,8,2,2,,,,,0
1776576359.000,"89914e","MDA368  ",24.954483,121.205393,5625,5875,185.3,166,182,0.280,46.75,,-0.35,47.29,42.31,-576,-768,,306,15,1012.0,3296,,"2160",-36.7,3383,186,1,10,2,3,2,0,"A0",,2
1776576359.000,"899115","CAL126  ",24.743912,121.479289,29000,30450,486.2,,,,51.60,,,,,0,,,,,,,,"2657",-37.4,48,186,1,9,2,3,2,2,"A3",,2
1776576364.000,"8990b2","EVA852  ",24.996550,121.119034,2325,2425,176.5,173,182,0.272,48.91,0.03,-0.35,51.68,46.71,-640,-768,,327,9,1012.0,3008,,"3357",-36.7,574,186,1,9,1,3,2,2,"A3",,2
1776576364.000,"899119","CAL909  ",25.263387,121.166347,8450,8775,,,,,,,,,,,,,,,,,,,-37.7,41,186,,8,,2,,,,,0
1776576364.000,"8990a9","N/A",25.174530,121.176910,8975,9425,267.9,,,,228.93,,,,,-2240,,,,,,,,,-38.1,45,186,,8,2,2,,,,,0
1776576364.000,"89914e","MDA368  ",24.957912,121.209463,5550,5800,185.3,166,182,0.280,46.75,,-0.35,47.29,42.31,-576,-768,,306,15,1012.0,3296,,"2160",-36.5,3395,186,1,10,2,3,2,0,"A0",,2
1776576364.000,"899115","CAL126  ",24.743912,121.479289,29000,30450,486.2,,,,51.60,,,,,0,,,,,,,,"2657",-37.6,49,186,,,2,,,,"A3",,2
1776576369.000,"8990b2","EVA852  ",24.999207,121.122386,2250,2350,176.5,173,182,0.272,48.91,0.03,-0.35,51.68,46.71,-640,-768,,327,9,1012.0,3008,,"3357",-37.2,583,186,1,9,1,3,2,2,"A3",,2
1776576369.000,"8990a9","N/A",25.174530,121.176910,8975,9425,267.9,,,,228.93,,,,,-2240,,,,,,,,,-38.2,46,186,,8,2,2,,,,,0
1776576369.000,"89914e","MDA368  ",24.960938,121.212972,5500,5750,183.9,166,182,0.280,46.76,,-0.18,47.29,42.31,-704,-768,,306,15,1012.0,3200,,"2160",-37.3,3407,186,1,10,2,3,2,0,"A0",,2
1776576374.000,"8990b2","EVA852  ",24.999207,121.122386,2250,2350,176.5,173,182,0.272,48.91,0.03,-0.35,51.68,46.71,-640,-768,,327,9,1012.0,3008,,"3357",-37.2,583,186,1,9,1,3,2,2,"A3",,2
1776576374.000,"8990a9","N/A",25.174530,121.176910,8975,9425,267.9,,,,228.93,,,,,-2240,,,,,,,,,-38.2,46,186,,8,2,2,,,,,0
1776576374.000,"89914e","MDA368  ",24.962660,121.214957,5475,5725,183.9,165,182,0.276,46.76,,-0.18,47.64,42.66,-704,-704,,306,15,1012.0,3200,,"2160",-37.0,3417,186,1,10,2,3,2,0,"A0",,2
1776576379.000,"8990b2","EVA852  ",24.999207,121.122386,2250,2350,176.5,173,182,0.272,48.91,0.03,-0.35,51.68,46.71,-640,-768,,327,9,1012.0,3008,,"3357",-37.2,583,186,1,9,1,3,2,2,"A3",,2
1776576379.000,"89914e","MDA368  ",24.962660,121.214957,5475,5725,183.9,165,182,0.276,46.76,,-0.18,47.64,42.66,-704,-704,,306,15,1012.0,3200,,"2160",-37.4,3422,186,1,10,2,3,2,0,"A0",,2
1776576384.000,"8990b2","EVA852  ",24.999207,121.122386,2250,2350,176.5,173,182,0.272,48.91,0.03,-0.35,51.68,46.71,-640,-768,,327,9,1012.0,3008,,"3357",-37.2,583,186,1,9,1,3,2,2,"A3",,2
1776576384.000,"89914e","MDA368  ",24.970230,121.223806,5325,5550,181.8,165,182,0.276,46.56,,-0.18,47.64,42.66,-704,-704,,306,15,1012.0,3200,,"2160",-37.2,3441,186,1,10,2,3,2,0,"A0",,2
1776576389.000,"8990b2","EVA852  ",24.999207,121.122386,2250,2350,176.5,173,182,0.272,48.91,0.03,-0.35,51.68,46.71,-640,-768,,327,9,1012.0,3008,,"3357",-37.2,583,186,1,9,1,3,2,2,"A3",,2
1776576389.000,"89914e","MDA368  ",24.970230,121.223806,5325,5550,181.8,165,182,0.276,46.56,,-0.18,47.64,42.66,-704,-704,,306,15,1012.0,3200,,"2160",-37.4,3444,186,1,10,2,3,2,0,"A0",,2
1776576394.000,"8990b2","EVA852  ",24.999207,121.122386,2250,2350,176.5,173,182,0.272,48.91,0.03,-0.35,51.68,46.71,-640,-768,,327,9,1012.0,3008,,"3357",-37.2,583,186,1,9,1,3,2,2,"A3",,2
1776576394.000,"89914e","MDA368  ",24.974304,121.228536,5225,5450,181.8,165,182,0.276,46.56,,-0.18,47.64,42.66,-704,-704,,,,1012.0,3200,,"2160",-37.6,3448,186,1,10,2,3,2,0,"A0",,2
1776576399.000,"8990a9","N/A",25.108566,121.093292,6000,6400,267.9,,,,228.93,,,,,-2240,,,,,,,,,-38.4,53,186,,8,2,2,,,,,0
1776576399.000,"8990b2","EVA852  ",24.999207,121.122386,2250,2350,176.5,173,182,0.272,48.91,0.03,-0.35,51.68,46.71,-640,-768,,327,9,1012.0,3008,,"3357",-37.2,583,186,1,9,1,3,2,2,"A3",,2
1776576399.000,"89914e","MDA368  ",24.974304,121.228536,5225,5450,181.8,165,182,0.276,46.56,,-0.18,47.64,42.66,-704,-704,,,,1012.0,3200,,"2160",-37.3,3456,186,1,10,2,3,2,0,"A0",,2
1776576404.000,"8990a9","N/A",25.108566,121.093292,6000,6400,267.9,,,,228.93,,,,,-2240,,,,,,,,,-38.4,53,186,,8,2,2,,,,,0
1776576404.000,"8990b2","EVA852  ",24.999207,121.122386,2250,2350,176.5,173,182,0.272,48.91,0.03,-0.35,51.68,46.71,-640,-768,,327,9,1012.0,3008,,"3357",-37.2,583,186,1,9,1,3,2,2,"A3",,2
1776576404.000,"8991d9","SJX302  ",24.760895,121.172028,19000,19925,432.1,309,416,0.660,56.42,0.69,15.64,58.18,53.27,64,64,,262,18,1012.8,24992,,"2673",-31.9,96,186,1,9,1,3,2,3,"A3",,2
1776576404.000,"89914e","MDA368  ",24.974304,121.228536,5225,5450,181.8,165,182,0.276,46.56,,-0.18,47.64,42.66,-704,-704,,,,1012.0,3200,,"2160",-37.4,3457,186,1,10,2,3,2,0,"A0",,2
1776576409.000,"8990a9","N/A",25.108566,121.093292,6000,6400,267.9,,,,228.93,,,,,-2240,,,,,,,,,-38.4,54,186,,8,2,2,,,,,0
1776576409.000,"8990b2","EVA852  ",24.999207,121.122386,2250,2350,176.5,173,182,0.272,48.91,0.03,-0.35,51.68,46.71,-640,-768,,327,9,1012.0,3008,,"3357",-37.2,583,186,1,9,1,3,2,2,"A3",,2
1776576409.000,"8991d9","SJX302  ",24.766023,121.181635,19025,19950,433.8,309,416,0.656,59.83,0.59,13.71,61.52,56.61,448,352,,286,26,1012.8,24992,,"2673",-30.0,175,186,1,9,1,3,2,3,"A3",,2
1776576409.000,"89914e","MDA368  ",24.974304,121.228536,5225,5450,181.8,165,182,0.276,46.56,,-0.18,47.64,42.66,-704,-704,,,,1012.0,3200,,"2160",-37.4,3457,186,1,10,2,3,2,0,"A0",,2
1776576414.000,"8990a9","N/A",25.108566,121.093292,6000,6400,,,,,,,,,,,,,,,,,,,-38.4,54,186,,8,,2,,,,,0
1776576414.000,"8990b2","EVA852  ",24.999207,121.122386,2250,2350,176.5,173,182,0.272,48.91,0.03,-0.35,51.68,46.71,-640,-768,,,,1012.0,3008,,"3357",-37.2,583,186,1,9,1,3,2,2,"A3",,2
1776576414.000,"8991d9","SJX302  ",24.770645,121.191355,19075,20000,435.6,309,416,0.656,62.96,0.66,13.89,64.51,59.59,832,704,,281,25,1012.8,24992,,"2673",-30.4,241,186,1,9,1,3,2,3,"A3",,2
1776576414.000,"89914e","MDA368  ",24.974304,121.228536,5225,5450,181.8,165,182,0.276,46.56,,-0.18,47.64,42.66,-704,-704,,,,1012.0,3200,,"2160",-37.4,3457,186,1,10,2,3,,,"A0",,2
1776576419.000,"8990a9","N/A",25.108566,121.093292,5100,6300,270.2,,,,229.35,,,,,-2816,,,,,1012.0,4000,,,-38.0,58,186,1,10,2,3,,,,,0
1776576419.000,"8990b2","EVA852  ",24.999207,121.122386,2250,2350,176.5,,,,48.91,,,,,-640,,,,,1012.0,3008,,"3357",-37.2,583,186,1,9,1,3,2,2,"A3",,2
1776576419.000,"8991d9","SJX302  ",24.774310,121.200187,19125,20050,438.7,310,418,0.660,66.06,0.72,14.94,69.26,64.33,1280,1280,,268,22,1012.8,24992,,"2673",-30.0,329,186,1,9,1,3,2,3,"A3",,2
1776576419.000,"89914e","MDA368  ",24.974304,121.228536,5225,5450,181.8,165,182,0.276,46.56,,-0.18,47.64,42.66,-704,-704,,,,1012.0,3200,,"2160",-37.4,3457,186,1,10,2,3,,,"A0",,2
1776576424.000,"8990a9","N/A",25.108566,121.093292,4750,6300,270.2,,,,229.35,,,,,-2816,,,,,1012.0,4000,,,-38.1,59,186,1,10,2,3,,,,,0
1776576424.000,"8990b2","EVA852  ",24.999207,121.122386,2250,2350,,,,,,,,,,,,,,,,,,,-37.2,583,186,,,,,,,"A3",,2
1776576424.000,"8991d9","SJX302  ",24.778564,121.212463,19275,20200,441.6,310,418,0.664,68.90,0.56,13.01,72.77,67.85,1856,1888,,272,26,1012.8,24992,,"2673",-29.3,423,186,1,9,1,3,2,3,"A3",,2
1776576424.000,"89914e","MDA368  ",24.974304,121.228536,5225,5450,181.8,165,182,0.276,46.56,,-0.18,47.64,42.66,-704,-704,,,,1012.0,3200,,"2160",-37.4,3457,186,1,10,2,3,,,"A0",,2
1776576429.000,"8990a9","N/A",25.108566,121.093292,4750,6300,270.2,,,,229.35,,,,,-2816,,,,,1012.0,4000,,,-38.1,59,186,1,10,2,3,,,,,0
1776576429.000,"8991d9","SJX302  ",24.781665,121.222885,19425,20350,444.9,309,418,0.664,71.93,0.12,2.99,74.18,69.25,1920,1984,,276,28,1012.8,24992,,"2673",-32.2,490,186,1,9,1,3,2,3,"A3",,2
1776576429.000,"89914e","MDA368  ",24.974304,121.228536,5225,5450,181.8,165,,0.276,46.56,,,47.64,42.66,-704,-704,,,,1012.0,3200,,"2160",-37.4,3457,186,1,10,2,3,,,"A0",,2
1776576434.000,"8990a9","N/A",25.108566,121.093292,4750,5050,270.2,,,,229.35,,,,,-2816,,,,,1012.0,4000,,,-38.2,60,186,1,10,2,3,,,,,0
1776576434.000,"89914e","MDA368  ",24.974304,121.228536,5225,5450,181.8,,,,46.56,,,,,-704,,,,,1012.0,3200,,"2160",-37.6,3458,186,1,10,2,3,,,"A0",,2
1776576434.000,"8991d9","SJX302  ",24.784927,121.233978,19575,20525,446.5,309,418,0.664,72.13,-0.06,-1.41,74.18,69.25,1664,1696,,290,35,1012.8,24992,,"2673",-29.0,553,186,1,9,1,3,2,3,"A3",,2
1776576439.000,"8990a9","N/A",25.108566,121.093292,4375,4675,270.2,,,,229.35,,,,,-2816,,,,,1012.0,4000,,,-38.2,61,186,1,10,2,3,,,,,0
1776576439.000,"8991d9","SJX302  ",24.788132,121.244558,19700,20650,448.1,310,420,0.668,71.93,-0.09,-2.46,73.48,68.54,1728,1728,,293,38,1012.8,24992,,"2673",-28.9,615,186,1,9,1,3,2,3,"A3",,2
1776576439.000,"89914e","MDA368  ",25.000088,121.258332,,5450,181.8,,,,46.56,,,,,-704,,,,,1012.0,3200,,"2160",-37.7,3459,186,1,10,2,3,,,"A0",,2
1776576444.000,"8990a9","N/A",25.108566,121.093292,4375,4675,270.2,,,,229.35,,,,,-2816,,,,,1012.0,4000,,,-38.2,61,186,1,10,2,3,,,,,0
1776576444.000,"8991d9","SJX302  ",24.791428,121.255391,19850,20825,449.7,310,422,0.668,71.32,-0.09,-1.93,73.12,68.19,1856,1824,,292,37,1012.8,24992,,"2673",-30.2,678,186,1,9,1,3,2,3,"A3",,2
1776576444.000,"89914e","MDA368  ",25.000088,121.258332,,5450,,,,,,,,,,,,,,,1012.0,3200,,"2160",-37.7,3459,186,1,10,,3,,,"A0",,2
1776576449.000,"8990a9","N/A",25.108566,121.093292,4375,4675,270.2,,,,229.35,,,,,-2816,,,,,1012.0,4000,,,-38.1,62,186,1,10,2,3,,,,,0
1776576449.000,"89914e","MDA368  ",25.000088,121.258332,,5450,,,,,,,,,,,,,,,,,,,-37.7,3459,186,,,,,,,"A0",,2
1776576449.000,"8991d9","SJX302  ",24.794327,121.264602,19975,20950,450.7,311,424,0.672,70.96,-0.06,-1.58,72.77,67.84,1920,1856,,291,35,1012.8,24992,,"2673",-33.0,724,186,1,9,1,3,2,3,"A3",,2
1776576454.000,"8990a9","N/A",25.108566,121.093292,4375,4675,270.2,,,,229.35,,,,,-2816,,,,,1012.0,4000,,,-38.3,63,186,1,10,2,3,,,,,0
1776576454.000,"89914e","MDA368  ",25.000088,121.258332,,,,,,,,,,,,,,,,,,,,,-37.7,3459,186,,,,,,,"A0",,2
1776576454.000,"8991d9","SJX302  ",24.797745,121.275330,20150,21125,452.3,310,424,0.676,70.76,-0.06,-1.05,72.77,67.83,1984,1952,,289,36,1012.8,24992,,"2673",-34.6,782,186,1,9,1,3,2,3,"A3",,2
1776576459.000,"89914e","MDA368  ",25.000088,121.258332,,,,,,,,,,,,,,,,,,,,,-37.7,3459,186,,,,,,,"A0",,2
1776576459.000,"8991d9","SJX302  ",24.801356,121.286523,20300,21275,453.9,310,424,0.676,70.57,-0.03,-0.88,72.60,67.66,1984,1984,,288,37,1012.8,24992,,"2673",-33.6,827,186,1,9,1,3,2,3,"A3",,2
1776576464.000,"89914e","MDA368  ",25.000088,121.258332,,,,,,,,,,,,,,,,,,,,,-37.7,3459,186,,,,,,,"A0",,2
1776576464.000,"8991d9","SJX302  ",24.804153,121.295369,20450,21450,453.9,310,426,0.680,70.57,0.00,-0.35,72.60,67.65,1984,1984,,288,36,1012.8,24992,,"2673",-34.1,904,186,1,9,1,3,2,3,"A3",,2
1776576469.000,"89914e","MDA368  ",25.000088,121.258332,,,,,,,,,,,,,,,,,,,,,-37.7,3459,186,,,,,,,"A0",,2
1776576469.000,"8991d9","SJX302  ",24.808273,121.307983,20625,21625,455.1,310,426,0.680,70.49,0.00,0.00,72.60,67.65,1984,1984,,286,36,1012.8,24992,,"2673",-35.7,948,186,1,9,1,3,2,3,"A3",,2
1776576474.000,"89914e","MDA368  ",25.000088,121.258332,,,,,,,,,,,,,,,,,,,,,-37.7,3459,186,,,,,,,"A0",,2
1776576474.000,"8991d9","SJX302  ",24.811831,121.319016,20800,21825,456.1,310,428,0.680,70.53,0.00,0.18,72.77,67.83,1984,2016,,286,35,1012.8,24992,,"2673",-33.8,998,186,1,9,1,3,2,3,"A3",,2
1776576479.000,"89914e","MDA368  ",25.000088,121.258332,,,,,,,,,,,,,,,,,,,,,-37.7,3459,186,,,,,,,"A0",,2
1776576479.000,"8991d9","SJX302  ",24.815322,121.330002,20975,22000,457.6,310,428,0.684,70.73,0.03,0.18,72.95,68.00,1920,1952,,285,35,1012.8,24992,,"2673",-33.8,1067,186,1,9,1,3,2,3,"A3",,2
1776576484.000,"89914e","MDA368  ",25.000088,121.258332,,,,,,,,,,,,,,,,,,,,,-37.7,3459,186,,,,,,,"A0",,2
1776576484.000,"8991d9","SJX302  ",24.818802,121.340892,21125,22150,458.6,310,428,0.684,70.77,0.00,0.35,73.30,68.35,1792,1824,,285,35,1012.8,24992,,"2673",-33.7,1147,186,1,9,1,3,2,3,"A3",,2
1776576489.000,"89914e","MDA368  ",25.000088,121.258332,,,,,,,,,,,,,,,,,,,,,-37.7,3459,186,,,,,,,"A0",,2
1776576489.000,"8991d9","SJX302  ",24.822556,121.352692,21275,22325,460.5,310,430,0.688,70.86,0.00,0.35,73.48,68.52,1792,1792,,281,34,1012.8,24992,,"2673",-34.4,1204,186,1,9,1,3,2,3,"A3",,2
1776576494.000,"89914e","MDA368  ",25.000088,121.258332,,,,,,,,,,,,,,,,,,,,,-37.7,3459,186,,,,,,,"A0",,2
1776576494.000,"8991d9","SJX302  ",24.825897,121.363322,21425,22475,461.4,310,430,0.688,70.90,0.00,0.18,73.65,68.70,1792,1792,,280,35,1012.8,24992,,"2673",-35.1,1263,186,1,9,1,3,2,3,"A3",,2
1776576499.000,"8991d9","SJX302  ",24.829926,121.376190,21600,22675,463.0,310,432,0.692,71.10,0.00,0.35,73.83,68.87,1792,1760,,279,36,1012.8,24992,,"2673",-33.9,1319,186,1,9,1,3,2,3,"A3",,2
1776576504.000,"8991d9","SJX302  ",24.832672,121.384888,21725,22800,463.9,310,432,0.696,71.14,0.03,0.35,74.00,69.04,1728,1728,,277,36,1012.8,24992,,"2673",-35.7,1368,186,1,9,1,3,2,3,"A3",,2
1776576509.000,"8991d9","SJX302  ",24.836746,121.398112,21875,22950,465.8,310,434,0.696,71.21,0.00,0.18,74.00,69.04,1728,1760,,279,35,1012.8,24992,,"2673",-34.9,1417,186,1,9,1,3,2,3,"A3",,2
1776576514.000,"8991d9","SJX302  ",24.840363,121.409760,22050,23125,466.8,310,434,0.696,71.25,0.00,0.00,74.36,69.39,1728,1760,,275,35,1012.8,24992,,"2673",-34.5,1473,186,1,9,1,3,2,3,"A3",,2
1776576519.001,"8991d9","SJX302  ",24.843672,121.420484,22175,23275,467.7,311,436,0.700,71.29,0.03,0.00,74.00,69.04,1728,1760,,279,36,1012.8,24992,,"2673",-34.9,1533,186,1,9,1,3,2,3,"A3",,2
1776576524.000,"8991d9","SJX302  ",24.847210,121.431988,22325,23425,468.7,311,438,0.704,71.33,0.03,0.00,74.00,69.04,1920,1888,,281,36,1012.8,24992,,"2673",-35.2,1600,186,1,9,1,3,2,3,"A3",,2
1776576529.000,"8991d9","SJX302  ",24.850469,121.442664,22475,23575,469.6,311,438,0.704,71.37,-0.06,0.00,74.00,69.03,1984,1984,,281,37,1012.8,24992,,"2673",-35.7,1649,186,1,9,1,3,2,3,"A3",,2
1776576534.000,"8991d9","SJX302  ",24.854100,121.454427,22650,23775,470.5,311,438,0.704,71.41,0.00,0.18,74.00,69.03,2048,1984,,281,37,1012.8,24992,,"2673",-36.1,1678,186,1,9,1,3,2,3,"A3",,2
1776576539.000,"8991d9","SJX302  ",24.857638,121.465984,22825,23950,471.5,311,440,0.704,71.45,0.00,0.00,74.00,69.03,2048,1984,,281,37,1012.8,24992,,"2673",-36.8,1699,186,1,9,1,3,2,3,"A3",,2
1776576544.000,"8991d9","SJX302  ",24.860990,121.477022,23000,24125,471.5,310,440,0.708,71.45,0.00,0.00,74.00,69.03,2048,1952,,,,1012.8,24992,,"2673",-36.8,1713,186,1,9,1,3,2,3,"A3",,2
1776576549.000,"8991d9","SJX302  ",24.860990,121.477022,23000,24125,472.4,310,440,0.708,71.49,0.00,0.00,74.00,69.03,1856,1952,,,,1012.8,28992,,"2673",-36.9,1729,186,1,9,1,3,2,3,"A3",,2
1776576554.000,"8991d9","SJX302  ",24.860990,121.477022,23000,24125,472.4,310,440,0.708,71.49,0.00,0.00,74.00,69.03,1856,1952,,,,1012.8,28992,,"2673",-37.4,1737,186,1,9,1,3,2,3,"A3",,2
1776576559.000,"8991d9","SJX302  ",24.871490,121.511434,23425,24550,472.4,310,440,0.708,71.49,0.00,0.00,74.00,69.03,1856,1952,,,,1012.8,28992,,"2673",-37.0,1745,186,1,9,1,3,2,3,"A3",,2
1776576564.000,"8991d9","SJX302  ",24.872255,121.513868,23450,24575,472.4,310,440,0.708,71.49,0.00,0.00,74.00,69.03,1856,1952,,,,1012.8,28992,,"2673",-37.1,1765,186,1,9,1,3,2,3,"A3",,2
1776576569.000,"8991d9","SJX302  ",24.872255,121.513868,23450,24575,472.4,310,440,0.708,71.49,0.00,0.00,74.00,69.03,1856,1952,,,,1012.8,28992,,"2673",-37.8,1769,186,1,9,1,3,2,3,"A3",,2
1776576574.000,"8991d9","SJX302  ",24.872255,121.513868,23450,24600,480.7,310,440,0.708,71.57,0.00,0.00,74.00,69.03,1280,1952,,,,1012.8,28992,,"2673",-37.6,1778,186,1,9,1,3,2,3,"A3",,2
1776576579.000,"8990a9","N/A",24.965453,121.057002,2750,2925,194.0,,,,132.08,,,,,-1408,,,,,,,,,-36.9,69,186,,8,2,2,,,,,0
1776576579.000,"8991d9","SJX302  ",24.872255,121.513868,23825,24600,480.7,310,440,0.708,71.57,0.00,0.00,74.00,69.03,1280,1952,,,,1012.8,28992,,"2673",-37.6,1783,186,1,9,1,3,2,3,"A3",,2
1776576584.000,"8990a9","N/A",24.964417,121.058451,2725,2900,192.9,179,,0.284,121.22,,,121.29,116.33,-960,-1056,,,,1012.0,2496,,,-37.4,77,186,1,10,2,3,,,,,0
1776576584.000,"8991d9","SJX302  ",24.872255,121.513868,23825,24600,480.7,310,440,0.708,71.57,0.00,0.00,74.00,69.03,1280,1952,,,,1012.8,28992,,"2673",-37.8,1784,186,1,9,1,3,2,3,"A3",,2
1776576589.000,"8990a9","CAL189  ",24.961578,121.065572,2600,2750,188.5,179,,0.284,101.01,,,121.29,116.33,-512,-1056,,,,1012.0,2496,,,-36.4,91,186,1,8,2,2,,,"A3",,0
1776576589.000,"8991d9","SJX302  ",24.872255,121.513868,23825,24600,480.7,310,440,0.708,71.57,0.00,0.00,74.00,69.03,1280,1952,,,,1012.8,28992,,,-37.8,1784,186,1,9,1,3,2,3,"A3",,2
1776576589.000,"789216","N/A",24.820724,121.586100,35000,36700,583.2,,,,51.75,,,,,0,,,,,,,,,-37.1,10,186,,8,2,2,,,,,0
1776576594.000,"8990a9","CAL189  ",24.961496,121.070113,2550,2700,188.2,177,188,0.280,87.26,-3.41,-30.41,91.23,86.27,-256,-384,,,,1012.0,2496,,,-35.5,112,186,1,10,2,3,2,2,"A3",,2
1776576594.000,"8991d9","SJX302  ",24.872255,121.513868,23825,24975,480.7,310,440,0.708,71.57,0.00,0.00,74.00,69.03,1280,1952,,,,1012.8,28992,,,-38.1,1788,186,1,9,1,3,2,3,"A3",,2
1776576594.000,"789216","N/A",24.820724,121.586100,35000,36700,583.2,,,,51.75,,,,,0,,,,,,,,,-37.3,14,186,,8,2,2,,,,,0
1776576599.000,"8990a9","CAL189  ",24.962334,121.073741,2550,2700,189.1,177,188,0.280,66.96,-3.41,-30.41,91.23,86.27,0,-384,,,,1012.0,2496,,"7133",-35.5,143,186,1,10,2,3,2,2,"A3",,2
1776576599.000,"8991d9","SJX302  ",24.872255,121.513868,23825,25025,487.9,310,,0.708,71.60,,,74.00,69.03,1408,1952,,,,1012.8,28992,,,-38.1,1789,186,1,9,1,3,2,3,"A3",,2
1776576599.000,"789216","N/A",24.820724,121.586100,35000,36700,583.2,,,,51.75,,,,,0,,,,,,,,,-37.4,15,186,,8,2,2,,,,,0
1776576604.000,"8990a9","CAL189  ",24.965149,121.079305,2550,2700,189.3,181,190,0.284,58.83,-2.03,-19.16,58.71,53.75,0,0,,329,16,1012.0,2496,,"7133",-36.1,182,186,1,10,2,3,2,2,"A3",,2
1776576604.000,"8991d9","SJX302  ",24.872255,121.513868,23825,25025,487.9,,,,71.60,,,,,1408,,,,,1012.8,28992,,,-38.2,1791,186,1,9,1,3,2,3,"A3",,2
1776576604.000,"789216","N/A",24.820724,121.586100,35000,36700,583.2,,,,51.75,,,,,0,,,,,,,,,-37.4,15,186,,8,2,2,,,,,0
1776576609.003,"8990a9","CAL189  ",24.967269,121.082240,2525,2675,190.1,181,190,0.284,49.69,-2.03,-19.16,58.71,53.75,0,0,,329,16,1012.0,2496,,"7133",-36.2,215,186,1,10,2,3,2,2,"A3",,2
1776576609.003,"8991d9","SJX302  ",24.872255,121.513868,23825,25025,487.9,,,,71.60,,,,,1408,,,,,1012.8,28992,,,-38.2,1791,186,1,9,1,3,2,3,"A3",,2
1776576609.003,"789216","N/A",24.820724,121.586100,35000,36700,583.2,,,,51.75,,,,,0,,,,,,,,,-37.4,15,186,,8,2,2,,,,,0
1776576614.000,"8990a9","CAL189  ",24.970734,121.086578,2525,2675,189.8,181,190,0.288,48.42,-2.03,-19.16,52.03,47.07,0,32,,329,16,1012.0,2496,,"7133",-34.4,247,186,1,10,2,3,2,2,"A3",,2
1776576614.000,"8991d9","SJX302  ",24.872255,121.513868,23825,25025,487.9,,,,71.60,,,,,1408,,,,,1012.8,28992,,,-38.2,1791,186,1,9,1,3,2,3,"A3",,2
1776576614.000,"789216","N/A",24.820724,121.586100,35000,36700,583.2,,,,51.75,,,,,0,,,,,,,,,-37.4,15,186,,8,2,2,,,,,0
1776576619.000,"8990a9","CAL189  ",24.973134,121.089495,2525,2675,191.2,182,190,0.288,47.97,-2.03,-19.16,51.50,46.54,0,32,,329,16,1012.0,2496,,"7133",-36.0,269,186,1,10,2,3,2,2,"A3",,2
1776576619.000,"8991d9","SJX302  ",24.872255,121.513868,23825,25025,487.9,,,,71.60,,,,,1408,,,,,1012.8,28992,,,-38.2,1791,186,1,9,1,3,,,"A3",,2
1776576619.000,"789216","N/A",24.820724,121.586100,35000,36700,583.2,,,,51.75,,,,,0,,,,,,,,,-37.4,15,186,,8,2,2,,,,,0
1776576624.000,"8990a9","CAL189  ",24.976089,121.093038,2525,2675,190.5,182,192,0.288,48.19,0.16,1.58,51.50,46.54,0,32,,329,16,1011.2,2496,,"7133",-36.4,286,186,1,10,2,3,2,2,"A3",,2
1776576624.000,"789216","N/A",24.820724,121.586100,35000,36700,583.2,,,,51.75,,,,,0,,,,,,,,,-37.4,15,186,,8,2,2,,,,,0
1776576624.000,"8991d9","SJX302  ",24.915253,121.655680,,25025,487.9,,,,71.60,,,,,1408,,,,,1012.8,28992,,,-38.1,1792,186,1,8,1,2,,,"A3",,0
1776576629.000,"8990a9","CAL189  ",24.979698,121.097527,2525,2675,190.7,182,192,0.288,49.04,0.16,1.58,51.50,46.54,0,32,,329,16,1011.2,2496,,"7133",-35.4,308,186,1,10,2,3,2,2,"A3",,2
1776576629.000,"789216","N/A",24.820724,121.586100,35000,36700,583.2,,,,51.75,,,,,0,,,,,,,,,-37.4,15,186,,8,2,2,,,,,0
1776576629.000,"8991d9","SJX302  ",24.915253,121.655680,,25025,487.9,,,,71.60,,,,,1408,,,,,1012.8,28992,,,-38.1,1792,186,1,8,1,2,,,"A3",,0
1776576634.000,"8990a9","CAL189  ",24.982398,121.101103,2525,2675,189.5,182,192,0.288,49.92,-0.09,0.53,51.50,46.54,0,32,,329,16,1011.2,2496,,"7133",-36.2,339,186,1,10,2,3,2,2,"A3",,2
1776576634.000,"789216","N/A",24.820724,121.586100,35000,36700,583.2,,,,51.75,,,,,0,,,,,,,,,-37.4,15,186,,8,2,2,,,,,0
1776576634.000,"8991d9","SJX302  ",24.915253,121.655680,,25025,487.9,,,,71.60,,,,,1408,,,,,1012.8,28992,,,-38.1,1792,186,1,8,1,2,,,"A3",,0
1776576639.000,"8990a9","CAL189  ",24.985424,121.104990,2525,2675,188.7,182,192,0.288,49.73,-0.09,0.53,51.50,46.54,0,32,,329,16,1011.2,2496,,"7133",-37.2,363,186,1,10,2,3,2,2,"A3",,2
1776576639.000,"789216","N/A",24.820724,121.586100,35000,36700,583.2,,,,51.75,,,,,0,,,,,,,,,-37.4,15,186,,8,2,2,,,,,0
1776576639.000,"8991d9","SJX302  ",24.915253,121.655680,,25025,487.9,,,,71.60,,,,,1408,,,,,,,,,-38.1,1792,186,,8,1,2,,,"A3",,0
1776576644.000,"8990a9","CAL189  ",24.988357,121.108721,2500,2650,190.0,182,192,0.288,49.27,-0.09,0.53,51.50,46.54,-512,32,,329,16,1011.2,4000,,"7133",-37.2,387,186,1,10,2,3,2,2,"A3",,2
1776576644.000,"789216","N/A",24.820724,121.586100,35000,36700,583.2,,,,51.75,,,,,0,,,,,,,,,-37.4,15,186,,8,2,2,,,,,0
1776576644.000,"8991d9","SJX302  ",24.915253,121.655680,,25025,487.9,,,,71.60,,,,,1408,,,,,,,,,-38.1,1792,186,,8,1,2,,,"A3",,0
1776576649.000,"8990a9","CAL189  ",24.988357,121.108721,2500,2650,190.0,182,192,0.288,49.27,-0.09,0.53,51.50,46.54,-512,32,,329,16,1011.2,4000,,"7133",-37.2,397,186,1,10,2,3,2,2,"A3",,2
1776576649.000,"8991d9","SJX302  ",24.915253,121.655680,,25025,487.9,,,,71.60,,,,,1408,,,,,,,,,-38.1,1792,186,,8,1,2,,,"A3",,0
1776576654.000,"8990a9","CAL189  ",24.994171,121.116079,2400,2550,189.9,181,192,0.288,48.84,-0.09,0.53,52.91,47.94,-896,-928,,329,16,1011.2,3008,,"7133",-35.5,421,186,1,10,2,3,2,2,"A3",,2
1776576654.000,"8991d9","SJX302  ",24.915253,121.655680,,25025,487.9,,,,71.60,,,,,1408,,,,,,,,,-38.1,1792,186,,8,1,2,,,"A3",,0
1776576659.000,"8990a9","CAL189  ",24.996829,121.119396,2325,2475,189.9,181,192,0.288,48.84,-0.09,0.53,52.91,47.94,-832,-928,,329,16,1011.2,3008,,"7133",-36.6,444,186,1,10,2,3,2,2,"A3",,2
1776576659.000,"8991d9","SJX302  ",24.915253,121.655680,,,,,,,,,,,,,,,,,,,,,-38.1,1792,186,,8,,2,,,"A3",,0
1776576664.000,"8990a9","CAL189  ",24.999573,121.122843,2250,2375,188.6,181,192,0.288,49.30,-0.09,0.53,52.91,47.94,-960,-928,,,,1011.2,3008,,"7133",-36.5,461,186,1,10,2,3,2,2,"A3",,2
1776576664.000,"84bb13","N/A",25.114883,121.280111,10825,11300,268.0,,,,270.64,,,,,-2816,,,,,,,,,-37.3,17,186,,8,2,2,,,,,0
1776576664.000,"8991d9","SJX302  ",24.915253,121.655680,,,,,,,,,,,,,,,,,,,,,-38.1,1792,186,,8,,2,,,"A3",,0
1776576669.000,"8990a9","CAL189  ",24.999573,121.122843,2250,2375,186.5,181,192,0.288,49.13,-0.09,0.53,52.91,47.94,-896,-928,,,,1011.2,3008,,"7133",-37.4,469,186,1,10,2,3,2,2,"A3",,2
1776576669.000,"84bb13","N/A",25.114883,121.280111,10825,11300,269.0,,,,270.00,,,,,-2624,,,,,,,,,-37.6,22,186,,8,2,2,,,,,0
1776576669.000,"8991d9","SJX302  ",24.915253,121.655680,,,,,,,,,,,,,,,,,,,,,-38.1,1792,186,,8,,2,,,"A3",,0
1776576674.000,"8990a9","CAL189  ",24.999573,121.122843,2250,2375,186.5,181,192,0.288,49.13,-0.09,0.53,52.91,47.94,-896,-928,,,,1011.2,3008,,"7133",-37.4,469,186,1,10,2,3,2,2,"A3",,2
1776576674.000,"84bb13","N/A",25.114883,121.280111,10825,11300,269.0,,,,270.00,,,,,-2624,,,,,,,,,-37.6,22,186,,8,2,2,,,,,0
1776576674.000,"8991d9","SJX302  ",24.915253,121.655680,,,,,,,,,,,,,,,,,,,,,-38.1,1792,186,,8,,2,,,"A3",,0
1776576680.000,"8990a9","CAL189  ",24.999573,121.122843,2250,2375,186.5,181,192,0.288,49.13,-0.09,0.53,52.91,47.94,-896,-928,,,,1011.2,3008,,"7133",-37.4,469,186,1,10,2,3,2,2,"A3",,2
1776576680.000,"84bb13","N/A",25.114197,121.254323,10000,10475,269.0,,,,270.00,,,,,-2624,,,,,,,,,-37.8,24,186,,8,2,2,,,,,0
1776576680.000,"8991d9","SJX302  ",24.915253,121.655680,,,,,,,,,,,,,,,,,,,,,-38.1,1792,186,,8,,2,,,"A3",,0
1776576685.000,"8990a9","CAL189  ",24.999573,121.122843,2250,2375,186.5,181,192,0.288,49.13,-0.09,0.53,52.91,47.94,-896,-928,,,,1011.2,3008,,"7133",-37.4,469,186,1,10,2,3,2,2,"A3",,2
1776576685.000,"84bb13","N/A",25.114197,121.254323,10000,10475,269.0,,,,270.00,,,,,-2624,,,,,,,,,-38.0,25,186,,8,2,2,,,,,0
1776576690.000,"8990a9","CAL189  ",24.999573,121.122843,2250,2375,186.5,181,192,0.288,49.13,-0.09,0.53,52.91,47.94,-896,-928,,,,1011.2,3008,,"7133",-37.4,469,186,1,10,2,3,2,2,"A3",,2
1776576690.000,"84bb13","N/A",25.114197,121.254323,10000,10475,269.0,,,,270.00,,,,,-2624,,,,,,,,,-38.0,25,186,,8,2,2,,,,,0
1776576695.000,"8990a9","CAL189  ",24.999573,121.122843,2250,2375,186.5,181,,0.288,49.13,,,52.91,47.94,-896,-928,,,,1011.2,3008,,"7133",-37.4,469,186,1,10,2,3,2,2,"A3",,2
1776576695.000,"84bb13","N/A",25.114197,121.254323,10000,10475,269.0,,,,270.00,,,,,-2624,,,,,,,,,-38.0,26,186,,8,2,2,,,,,0
1776576700.000,"8990a9","CAL189  ",24.999573,121.122843,2250,2375,186.5,181,,0.288,49.13,,,52.91,47.94,-896,-928,,,,1011.2,3008,,"7133",-37.4,469,186,1,10,2,3,2,2,"A3",,2
1776576700.000,"84bb13","N/A",25.114197,121.254323,10000,10475,269.0,,,,270.00,,,,,-2624,,,,,,,,,-38.0,26,186,,8,2,2,,,,,0
1776576705.000,"8990a9","CAL189  ",24.999573,121.122843,2250,2375,186.5,181,,0.288,49.13,,,52.91,47.94,-896,-928,,,,1011.2,3008,,"7133",-37.4,469,186,1,10,2,3,2,2,"A3",,2
1776576705.000,"84bb13","N/A",25.114197,121.254323,10000,10475,269.0,,,,270.00,,,,,-2624,,,,,,,,,-38.1,27,186,,8,2,2,,,,,0
1776576710.000,"8990a9","CAL189  ",24.999573,121.122843,2250,2375,186.5,181,,0.288,49.13,,,52.91,47.94,-896,-928,,,,1011.2,3008,,"7133",-37.4,469,186,1,10,2,3,2,2,"A3",,2
1776576710.000,"84bb13","N/A",25.114197,121.254323,10000,10475,269.0,,,,270.00,,,,,-2624,,,,,,,,,-38.1,27,186,,8,2,2,,,,,0
1776576715.000,"8990a9","CAL189  ",24.999573,121.122843,2250,2375,186.5,,,,49.13,,,,,-896,,,,,1011.2,3008,,,-37.4,469,186,1,10,2,3,2,2,"A3",,2
1776576715.000,"84bb13","N/A",25.114197,121.254323,10000,10475,269.0,,,,270.00,,,,,-2624,,,,,,,,,-38.1,27,186,,8,2,2,,,,,0
1776576720.000,"8990a9","CAL189  ",24.999573,121.122843,2250,2375,186.5,,,,49.13,,,,,-896,,,,,1011.2,3008,,,-37.4,469,186,1,10,2,3,2,2,"A3",,2
1776576720.000,"84bb13","N/A",25.114197,121.254323,10000,10475,269.0,,,,270.00,,,,,-2624,,,,,,,,,-38.1,27,186,,8,2,2,,,,,0
1776576795.000,"899132","N/A",24.817370,121.038139,9925,10325,277.5,,,,47.92,,,,,-1344,,,,,,,,,-35.0,14,186,,8,0,2,,,,,0
1776576800.000,"899132","UIA8610 ",24.821839,121.043528,9800,10175,277.5,226,266,0.408,47.92,,0.18,50.10,45.18,-1280,-1280,,275,17,1011.1,3200,,,-34.0,51,186,,8,0,2,,,"A0",,0
1776576800.000,"7811d8","AMU612  ",24.958328,121.070455,3475,3650,189.2,,,,48.64,,,,,,-1024,,,,,,,,-35.6,55,186,,8,2,2,,,,,0
1776576800.000,"84bb13","N/A",25.101991,121.136446,6550,6850,266.5,,,,243.72,,,,,-1664,,,,,1012.0,3008,,,-38.1,66,186,1,9,2,3,2,2,,,2
1776576800.000,"899029","TTW797  ",24.903958,121.169042,25825,27125,413.5,302,446,0.732,229.41,-0.03,0.00,237.48,232.53,-960,-960,,267,40,1011.0,18000,,"3655",-32.6,127,186,,8,0,2,,,"A0",,0
1776576800.000,"89909f","EVA189  ",24.968665,121.292742,4050,4225,193.6,186,196,0.300,342.88,1.72,17.58,337.15,332.16,0,64,,1,7,,,,"3607",-35.0,40,186,1,9,2,3,2,2,"A5",,2
1776576805.000,"899132","UIA8610 ",24.825760,121.048279,9700,10075,278.2,226,264,0.408,47.77,,0.00,50.10,45.18,-1280,-1312,,275,17,1011.1,3200,,"2036",-35.4,76,186,,8,0,2,,,"A0",,0
1776576810.000,"899132","UIA8610 ",24.825760,121.048279,9700,10075,277.5,226,264,0.408,47.92,,0.00,50.10,45.18,-1280,-1312,,275,17,1011.1,3200,,"2036",-35.1,84,186,,8,0,2,,,"A0",,0
1776576815.000,"899132","UIA8610 ",24.834315,121.058661,9500,9875,278.3,226,264,0.404,48.06,,-0.18,50.80,45.88,-1344,-1312,,263,18,1011.1,3200,,"2036",-30.5,147,186,,8,0,2,,,"A0",,0
1776576820.000,"899132","UIA8610 ",24.838623,121.063894,9375,9725,277.5,226,264,0.404,47.92,,-0.53,50.62,45.70,-1280,-1312,,265,17,1011.1,3200,,"2036",-31.2,207,186,,8,0,2,,,"A0",,0
1776576825.000,"899132","UIA8610 ",24.843300,121.069595,9250,9600,277.5,226,264,0.404,47.92,,-0.35,50.62,45.70,-1344,-1344,,267,18,1011.1,3200,,"2036",-31.7,286,186,,8,0,2,,,"A0",,0
1776576830.000,"899132","UIA8610 ",24.847183,121.074270,9150,9500,276.8,226,262,0.404,47.78,,0.00,50.62,45.70,-1344,-1344,,260,18,1011.1,3200,,"2036",-27.4,343,186,,8,0,2,,,"A0",,0
1776576835.000,"899132","UIA8610 ",24.851959,121.080063,9025,9375,276.8,226,262,0.404,47.78,,-0.18,50.80,45.87,-1344,-1344,,258,17,1011.1,3200,,"2036",-28.7,415,186,,8,0,2,,,"A0",,0
1776576840.000,"899132","UIA8610 ",24.855927,121.084849,8925,9275,276.8,226,262,0.400,47.78,,-0.18,51.15,46.22,-1344,-1344,,256,17,1011.1,3200,,"2036",-28.3,482,186,,8,0,2,,,"A0",,0
1776576845.000,"899132","UIA8610 ",24.860617,121.090531,8800,9125,276.8,226,262,0.400,47.78,,0.00,51.68,46.74,-1344,-1376,,249,15,1011.1,3200,,"2036",-26.5,544,186,,8,0,2,,,"A0",,0
1776576845.000,"899029","TTW797  ",24.848648,121.098022,25125,26400,405.8,299,440,0.716,229.60,-0.03,-0.18,237.30,232.38,-1184,-1024,,,,1011.0,18000,,"3655",-34.2,256,186,,8,0,2,,,"A0",,0
1776576850.000,"899132","UIA8610 ",24.865040,121.095869,8700,9025,276.1,226,262,0.400,47.94,,0.70,51.50,46.57,-1344,-1376,,246,16,1011.1,3200,,"2036",-27.7,598,186,,8,0,2,,,"A0",,0
1776576850.000,"899029","TTW797  ",24.848648,121.098022,25125,26375,405.0,299,440,0.716,229.51,-0.03,-0.18,237.30,232.38,-1184,-1024,,,,1011.0,18000,,"3655",-35.1,265,186,,8,0,2,,,"A0",,0
1776576855.000,"899029","TTW797  ",24.848648,121.098022,25125,26375,405.0,299,440,0.716,229.51,-0.03,-0.18,237.30,232.38,-1184,-1024,,,,1011.0,18000,,"3655",-35.1,265,186,,8,0,2,,,"A0",,0
1776576855.000,"899132","UIA8610 ",24.869183,121.100896,8600,8925,276.8,226,262,0.400,47.78,,-0.88,51.86,46.92,-1344,-1248,,246,15,1011.1,3200,,"2036",-28.8,648,186,,8,0,2,,,"A0",,0
1776576860.000,"899029","TTW797  ",24.848648,121.098022,25125,26375,405.0,299,440,0.716,229.51,-0.03,-0.18,237.30,232.38,-1184,-1024,,,,1011.0,18000,,"3655",-35.2,266,186,,8,0,2,,,"A0",,0
1776576860.000,"899132","UIA8610 ",24.873419,121.106026,8475,8800,276.1,227,262,0.400,47.94,,0.18,52.03,47.09,-1280,-1312,,243,15,1011.1,3200,,"2036",-26.8,696,186,,8,0,2,,,"A0",,0
1776576865.000,"899029","TTW797  ",24.848648,121.098022,25125,26375,405.0,299,440,0.716,229.51,-0.03,-0.18,237.30,232.38,-1184,-1024,,,,1011.0,18000,,"3655",-35.2,266,186,,8,0,2,,,"A0",,0
1776576865.000,"899132","UIA8610 ",24.877991,121.111603,8375,8700,276.1,227,260,0.400,47.94,,0.00,52.38,47.44,-1280,-1280,,236,16,1011.1,3200,,"2036",-29.4,755,186,,8,0,2,,,"A0",,0
1776576870.000,"899029","TTW797  ",24.848648,121.098022,25125,26375,405.0,299,440,0.716,229.51,-0.03,-0.18,237.30,232.38,-1184,-1024,,,,1011.0,18000,,"3655",-35.2,266,186,,8,0,2,,,"A0",,0
1776576870.000,"899132","UIA8610 ",24.881790,121.116180,8275,8575,275.4,227,260,0.396,47.80,,-0.35,52.21,47.26,-1344,-1344,,239,16,1011.1,3200,,"2036",-29.8,811,186,,8,0,2,,,"A0",,0
1776576875.000,"899029","TTW797  ",24.848648,121.098022,25125,26375,405.0,299,440,0.716,229.51,-0.03,-0.18,237.30,232.38,-1184,-1024,,,,1011.0,18000,,"3655",-35.2,266,186,,8,0,2,,,"A0",,0
1776576875.000,"899132","UIA8610 ",24.886322,121.121674,8150,8450,275.4,227,260,0.396,47.80,,-0.35,52.21,47.26,-1344,-1344,,237,16,1011.1,3200,,"2036",-31.4,871,186,,8,0,2,,,"A0",,0
1776576880.000,"899029","TTW797  ",24.848648,121.098022,25125,26375,405.0,299,440,0.716,229.51,-0.03,-0.18,237.30,232.38,-1184,-1024,,,,1011.0,18000,,"3655",-35.2,266,186,,8,0,2,,,"A0",,0
1776576885.000,"899029","TTW797  ",24.848648,121.098022,25125,26375,405.0,299,440,0.716,229.51,-0.03,-0.18,237.30,232.38,-1184,-1024,,,,1011.0,18000,,"3655",-35.2,266,186,,8,0,2,,,"A0",,0
1776576890.000,"899029","TTW797  ",24.848648,121.098022,25125,26375,405.0,299,440,0.716,229.51,-0.03,-0.18,237.30,232.38,-1184,-1024,,,,1011.0,18000,,"3655",-35.2,266,186,,8,0,2,,,"A0",,0
1776576895.000,"899029","TTW797  ",24.848648,121.098022,25125,26375,405.0,299,440,0.716,229.51,-0.03,-0.18,237.30,232.38,-1184,-1024,,,,1011.0,18000,,"3655",-35.2,266,186,,8,0,2,,,"A0",,0
1776576900.000,"899029","TTW797  ",24.848648,121.098022,25125,26375,405.0,299,,0.716,229.51,,,237.30,232.38,-1184,-1024,,,,1011.0,18000,,"3655",-35.2,266,186,,8,0,2,,,"A0",,0
1776576905.000,"899029","TTW797  ",24.848648,121.098022,25125,26375,405.0,,,,229.51,,,,,,-1024,,,,1011.0,18000,,"3655",-35.2,266,186,,8,0,2,,,"A0",,0
1776576915.000,"899058","TTW211  ",24.959122,121.053945,2950,,,,,,,,,,,,,,,,1011.2,2016,,,-37.3,26,186,1,8,,2,2,2,"A3",,0
1776576920.000,"899058","TTW211  ",24.960146,121.058557,2925,3050,191.4,,,,76.40,,,,,-512,,,,,1011.2,2016,,,-36.7,35,186,1,9,2,3,2,2,"A3",,2
1776576925.000,"899058","TTW211  ",24.961029,121.062469,2875,3000,191.1,181,,0.288,76.69,,,79.98,75.02,-448,-448,,,,1011.2,2016,,,-36.4,45,186,1,9,2,3,2,2,"A3",,2
1776576925.000,"7811d8","AMU612  ",25.000786,121.124371,2250,2375,177.2,,,,49.12,,,,,,-896,,,,,,,"5301",-36.6,309,186,1,9,2,2,,,"A3",,1
1776576925.000,"899132","UIA8610 ",24.928770,121.173188,7050,7300,270.4,230,260,0.396,47.70,,0.00,50.62,45.66,-1152,-1216,,269,14,1011.1,3200,,"2036",-30.6,1369,186,,8,0,2,,,"A0",,0
1776576925.000,"899130","UIA8732 ",24.757365,121.204955,9975,10375,244.5,222,260,0.400,221.19,,0.35,229.75,224.82,-64,-32,,273,24,1012.5,10000,,"4437",-35.8,668,186,,8,0,2,,,"A0",,0
1776576930.000,"899058","TTW211  ",24.962194,121.068040,2850,2975,190.2,181,,0.288,76.62,,,79.98,75.02,-512,-448,,,,1011.2,2016,,,-35.7,61,186,1,9,2,3,2,2,"A3",,2
1776576930.000,"7811d8","AMU612  ",25.000786,121.124371,2250,2375,177.2,,,,49.12,,,,,,-896,,,,,,,,-36.6,309,186,,,2,,,,"A3",,1
1776576930.000,"899132","UIA8610 ",24.933379,121.178733,6950,7200,268.3,231,260,0.396,47.87,,1.05,50.98,46.01,-1280,-1280,,268,12,1011.1,3200,,"2036",-31.3,1420,186,,8,0,2,,,"A0",,0
1776576930.000,"899130","UIA8732 ",24.748287,121.196249,9975,10375,244.5,222,260,0.400,221.19,,0.35,229.75,224.82,64,32,,273,24,1012.5,10000,,"4437",-34.0,700,186,,8,0,2,,,"A0",,0
1776576936.000,"899058","TTW211  ",24.963455,121.073710,2775,2900,190.2,181,,0.288,76.62,,,79.98,75.02,-576,-448,,,,1011.2,2016,,,-36.3,74,186,1,9,2,3,2,2,"A3",,2
1776576936.000,"899132","UIA8610 ",24.937637,121.183980,6825,7075,267.7,231,260,0.396,48.03,,-0.35,50.62,45.66,-1344,-1344,,282,13,1011.1,3200,,"2036",-31.2,1483,186,,8,0,2,,,"A0",,0
1776576936.000,"899130","UIA8732 ",24.742767,121.190898,9975,10375,245.2,222,260,0.400,221.36,,0.35,229.75,224.82,0,32,,273,24,1012.5,10000,,"4437",-34.0,773,186,,8,0,2,,,"A0",,0
1776576941.003,"899058","TTW211  ",24.964475,121.078612,2750,2875,188.0,181,190,0.288,76.78,-0.12,0.53,79.98,75.02,-448,-448,,,,1011.2,2016,,,-35.4,92,186,1,9,2,3,2,2,"A3",,2
1776576941.003,"899130","UIA8732 ",24.739288,121.187541,10000,10400,244.4,222,260,0.400,221.52,,0.35,229.92,225.00,64,160,,273,24,1012.5,10000,,"4437",-34.9,820,186,,8,0,2,,,"A0",,0
1776576941.003,"899132","UIA8610 ",24.942410,121.189719,6700,6925,266.2,232,258,0.396,48.04,,-0.53,50.62,45.66,-1344,-1344,,282,13,1011.1,3200,,"2036",-31.5,1540,186,,8,0,2,,,"A0",,0
1776576946.000,"899058","TTW211  ",24.965453,121.083172,2700,2825,187.8,179,190,0.284,77.07,-0.03,0.35,80.33,75.37,-320,-512,,10,5,1011.2,2016,,"3741",-36.7,118,186,1,9,2,3,2,2,"A3",,2
1776576946.000,"899130","UIA8732 ",24.739288,121.187541,10000,10400,244.4,222,260,0.400,221.52,,0.35,229.92,225.00,64,160,,273,24,1012.5,10000,,"4437",-36.1,827,186,,8,0,2,,,"A0",,0
1776576946.000,"899132","UIA8610 ",24.946786,121.195057,6575,6800,265.5,231,258,0.392,47.90,,0.35,50.27,45.30,-1280,-1312,,284,14,1011.1,3200,,"2036",-32.1,1582,186,,8,0,2,,,"A0",,0
1776576951.000,"899058","TTW211  ",24.966244,121.086800,2675,2800,187.8,179,190,0.284,77.07,-0.03,0.35,80.33,75.37,-384,-512,,10,5,1011.2,2016,,"3741",-36.2,136,186,1,9,2,3,2,2,"A3",,2
1776576951.000,"899130","UIA8732 ",24.739288,121.187541,10000,10400,244.4,222,260,0.400,221.52,,0.35,229.92,225.00,64,160,,273,24,1012.5,10000,,"4437",-36.1,827,186,,8,0,2,,,"A0",,0
1776576951.000,"899132","UIA8610 ",24.950417,121.199462,6475,6700,264.8,230,258,0.392,48.06,,0.18,50.27,45.30,-1344,-1344,,288,14,1011.1,3200,,"2036",-32.3,1643,186,,8,0,2,,,"A0",,0
1776576956.000,"899058","TTW211  ",24.967438,121.092529,2650,2775,188.7,179,190,0.284,77.14,-0.03,0.35,80.33,75.37,-448,-512,,10,5,1011.2,2016,,"3741",-35.7,157,186,1,9,2,3,2,2,"A3",,2
1776576956.000,"899130","UIA8732 ",24.739288,121.187541,10000,10400,244.4,222,260,0.400,221.52,,0.35,229.92,225.00,64,160,,273,24,1012.5,10000,,"4437",-36.1,827,186,,8,0,2,,,"A0",,0
1776576956.000,"899132","UIA8610 ",24.954606,121.204592,6375,6600,262.7,230,258,0.392,47.93,,-1.76,50.27,45.30,-1280,-1312,,288,14,1011.1,3200,,"2036",-31.8,1700,186,,8,0,2,,,"A0",,0
1776576961.000,"899058","TTW211  ",24.968386,121.097009,2600,2725,188.7,179,190,0.284,77.14,-0.03,0.35,80.33,75.37,-512,-512,,10,5,1011.2,2016,,"3741",-36.3,179,186,1,9,2,3,2,2,"A3",,2
1776576961.000,"899130","UIA8732 ",24.739288,121.187541,10000,10400,244.4,222,,0.400,221.52,,,229.92,225.00,64,160,,,,1012.5,10000,,"4437",-36.1,827,186,,8,0,2,,,"A0",,0
1776576961.000,"899132","UIA8610 ",24.959015,121.209869,6275,6500,261.1,230,256,0.388,47.33,,-2.29,49.39,44.42,-1152,-1248,,294,14,1011.1,3200,,"2036",-33.9,1765,186,,8,0,2,,,"A0",,0
1776576966.000,"899058","TTW211  ",24.969457,121.101932,2550,2675,188.2,180,190,0.284,75.23,-0.06,-0.35,79.98,75.01,-576,-480,,4,7,1011.2,2016,,"3741",-34.9,209,186,1,9,2,3,2,2,"A3",,2
1776576966.000,"899130","UIA8732 ",24.739288,121.187541,10000,10400,244.4,222,,0.400,221.52,,,229.92,225.00,64,160,,,,1012.5,10000,,"4437",-36.1,827,186,,8,0,2,,,"A0",,0
1776576966.000,"899132","UIA8610 ",24.962567,121.214076,6175,6375,260.4,230,256,0.388,46.87,,-1.23,48.87,43.89,-1216,-1280,,296,15,1011.1,3200,,"2036",-33.9,1805,186,,8,0,2,,,"A0",,0
1776576971.000,"899058","TTW211  ",24.970917,121.106160,2525,2650,187.6,180,190,0.284,68.09,-1.88,-17.93,73.30,68.33,-576,-608,,354,11,1011.2,2016,,"3741",-35.2,246,186,1,9,2,3,2,2,"A3",,2
1776576971.000,"899130","UIA8732 ",24.739288,121.187541,10000,10400,244.4,222,,0.400,221.52,,,229.92,225.00,64,160,,,,1012.5,10000,,"4437",-36.1,827,186,,8,0,2,,,"A0",,0
1776576971.000,"899132","UIA8610 ",24.966803,121.218999,6075,6275,258.9,230,256,0.388,46.57,,-0.88,48.52,43.54,-1280,-1312,,299,16,1011.1,3200,,"2036",-33.9,1852,186,,8,0,2,,,"A0",,0
1776576976.000,"899058","TTW211  ",24.972885,121.110179,2475,2600,184.0,180,190,0.284,58.56,-1.62,-14.94,65.92,60.95,-512,-544,,354,9,1011.2,2016,,"3741",-35.6,293,186,1,9,2,3,2,2,"A3",,2
1776576976.000,"899130","UIA8732 ",24.739288,121.187541,10000,10400,244.4,222,,0.400,221.52,,,229.92,225.00,64,160,,,,1012.5,10000,,"4437",-36.1,827,186,,8,0,2,,,"A0",,0
1776576976.000,"899132","UIA8610 ",24.971132,121.224026,5950,6150,258.2,229,254,0.384,46.41,,-0.35,47.99,43.01,-1280,-1312,,304,15,1011.1,3200,,"2036",-34.8,1902,186,,8,0,2,,,"A0",,0
1776576981.002,"899058","TTW211  ",24.975311,121.113993,2425,2550,184.0,180,190,0.284,58.56,-1.62,-14.94,65.92,60.95,-512,-544,,354,9,1011.2,2016,,"3741",-37.2,299,186,1,9,2,3,2,2,"A3",,2
1776576981.002,"899130","UIA8732 ",24.739288,121.187541,10000,10400,244.4,222,,0.400,221.52,,,229.92,225.00,64,160,,,,1012.5,10000,,"4437",-36.1,827,186,,8,0,2,,,"A0",,0
1776576981.002,"899132","UIA8610 ",24.975586,121.229146,5850,6050,256.8,229,254,0.384,46.42,,-0.53,47.99,43.01,-1280,-1312,,304,15,1011.1,3200,,"2036",-35.6,1933,186,,8,0,2,,,"A0",,0
1776576986.000,"899058","TTW211  ",24.975311,121.113993,2425,2550,180.2,180,190,0.284,53.58,-1.62,-14.94,65.92,60.95,-512,-544,,354,9,1011.2,2016,,"3741",-37.0,302,186,1,9,2,3,2,2,"A3",,2
1776576986.000,"899130","UIA8732 ",24.739288,121.187541,10000,10400,244.4,222,,0.400,221.52,,,229.92,225.00,64,160,,,,1012.5,10000,,"4437",-36.1,827,186,,8,0,2,,,"A0",,0
1776576986.000,"899132","UIA8610 ",24.978973,121.233063,5750,5950,254.7,228,254,0.384,46.59,,-0.53,48.34,43.36,-1216,-1184,,304,15,1011.1,3200,,"2036",-35.8,1956,186,,8,0,2,,,"A0",,0
1776576991.000,"899058","TTW211  ",24.980347,121.121012,2350,2475,173.4,180,190,0.284,50.62,-1.62,-14.94,65.92,60.95,-512,-544,,354,9,1011.2,2016,,"3741",-32.7,329,186,1,9,2,3,2,2,"A3",,2
1776576991.000,"899130","UIA8732 ",24.739288,121.187541,10000,10400,244.4,222,,0.400,221.52,,,229.92,225.00,64,160,,,,1012.5,10000,,"4437",-36.1,827,186,,8,0,2,,,"A0",,0
1776576991.000,"899132","UIA8610 ",24.983283,121.238069,5650,5850,254.0,228,250,0.384,46.76,,-0.53,48.34,43.36,-1216,-1184,,304,15,1011.1,3200,,"2036",-35.9,1989,186,,8,0,2,,,"A0",,0
1776576996.000,"899058","TTW211  ",24.982956,121.124471,2300,2400,168.2,165,174,0.260,50.06,0.91,-1.23,54.67,49.70,-384,-480,,353,3,1011.2,2016,,"3741",-31.4,366,186,1,9,2,3,2,2,"A3",,2
1776576996.000,"899130","UIA8732 ",24.739288,121.187541,10000,10400,244.4,222,,0.400,221.52,,,229.92,225.00,64,160,,,,1012.5,10000,,"4437",-36.1,827,186,,8,0,2,,,"A0",,0
1776576996.000,"899132","UIA8610 ",24.983283,121.238069,5650,5850,254.0,228,250,0.384,46.76,,-0.53,48.34,43.36,-1216,-1184,,304,15,1011.1,3200,,"2036",-37.3,2000,186,,8,0,2,,,"A0",,0
1776577001.000,"84bb13","APJ927  ",24.936996,121.014709,3175,3325,192.4,,,,81.03,,,,,-1216,,,,,1012.0,2016,,,-35.9,76,186,1,8,2,2,,,"A3",,0
1776577001.000,"899058","TTW211  ",24.985428,121.127625,2275,2375,165.2,161,168,0.252,49.17,-0.97,-1.05,53.96,48.99,-384,-416,,331,3,1011.2,2016,,"3741",-33.4,396,186,1,9,2,3,2,2,"A3",,2
1776577001.000,"899132","UIA8610 ",24.991010,121.247035,5450,5625,251.1,228,250,0.384,46.45,,-0.53,48.34,43.36,-1152,-1184,,,,1011.1,3200,,"2036",-36.4,2019,186,,8,0,2,,,"A0",,0
1776577006.000,"84bb13","APJ927  ",24.936996,121.014709,3175,3325,192.4,,,,81.03,,,,,-1216,,,,,1012.0,2016,,,-35.9,76,186,1,8,2,2,,,"A3",,0
1776577006.000,"899058","TTW211  ",24.986435,121.128896,2275,2375,164.4,160,168,0.252,48.95,-0.97,-1.05,53.44,48.46,-384,-416,,331,3,1011.2,2016,,"3741",-35.6,409,186,1,9,2,3,2,2,"A3",,2
1776577006.000,"899132","UIA8610 ",24.991010,121.247035,5450,5625,251.1,228,250,0.384,46.45,,-0.53,48.34,43.36,-1152,-1184,,,,1011.1,3200,,"2036",-37.1,2028,186,,8,0,2,,,"A0",,0
1776577011.000,"84bb13","APJ927  ",24.936996,121.014709,3175,3325,192.4,,,,81.03,,,,,-1216,,,,,1012.0,2016,,,-35.9,77,186,1,8,2,2,,,"A3",,0
1776577011.000,"899058","TTW211  ",24.986435,121.128896,2275,2375,164.4,160,168,0.252,48.95,-0.97,-1.05,53.44,48.46,-384,-416,,331,3,1011.2,2016,,"3741",-36.1,410,186,1,9,2,3,2,2,"A3",,2
1776577011.000,"899132","UIA8610 ",24.991010,121.247035,5450,5625,251.1,228,250,0.384,46.45,,-0.53,48.34,43.36,-1152,-1184,,,,1011.1,3200,,"2036",-37.2,2030,186,,8,0,2,,,"A0",,0
1776577016.000,"84bb13","APJ927  ",24.936996,121.014709,3175,3325,192.4,,,,81.03,,,,,-1216,,,,,1012.0,2016,,,-36.1,80,186,1,8,2,2,,,"A3",,0
1776577016.000,"899058","TTW211  ",24.986435,121.128896,2275,2375,164.4,160,168,0.252,48.95,-0.97,-1.05,53.44,48.46,-384,-416,,331,3,1011.2,2016,,"3741",-36.1,410,186,1,9,2,3,2,2,"A3",,2
1776577016.000,"899132","UIA8610 ",24.991010,121.247035,5450,5625,251.1,228,250,0.384,46.45,,-0.53,48.34,43.36,-1152,-1184,,,,1011.1,3200,,"2036",-37.3,2035,186,,8,0,2,,,"A0",,0
1776577021.000,"84bb13","APJ927  ",24.941574,121.035919,2875,3000,191.1,,,,75.45,,,,,-512,,,,,1012.0,2016,,"3706",-36.2,98,186,1,8,2,2,,,"A3",,0
1776577021.000,"899058","TTW211  ",24.986435,121.128896,2275,2375,164.4,160,168,0.252,48.95,-0.97,-1.05,53.44,48.46,-384,-416,,331,3,1011.2,2016,,"3741",-36.1,410,186,1,9,2,3,2,2,"A3",,2
1776577021.000,"899132","UIA8610 ",25.007304,121.266002,5050,5225,248.3,228,250,0.384,46.47,,-0.53,48.34,43.36,-1280,-1184,,,,1011.1,3200,,"2036",-37.4,2045,186,,8,0,2,,,"A0",,0
1776577026.000,"84bb13","APJ927  ",24.941574,121.035919,2875,3000,191.1,,,,75.45,,,,,-512,,,,,1012.0,2016,,"3706",-36.9,102,186,1,8,2,2,,,"A3",,0
1776577026.000,"899058","TTW211  ",24.986435,121.128896,2275,2375,164.4,160,168,0.252,48.95,-0.97,-1.05,53.44,48.46,-384,-416,,331,3,1011.2,2016,,"3741",-36.1,410,186,1,9,2,3,2,2,"A3",,2
1776577026.000,"899132","UIA8610 ",25.011679,121.271080,4950,5100,247.6,228,250,0.384,46.64,,-0.35,48.34,43.36,-1216,-1184,,,,1011.1,3200,,"2036",-36.9,2072,186,,8,0,2,,,"A0",,0
1776577031.000,"84bb13","APJ927  ",24.944092,121.045888,2800,2925,188.8,,,,71.47,,,,,-448,,,,,1012.0,2016,,"3706",-36.5,114,186,1,9,2,3,2,2,"A3",,2
1776577031.000,"899058","TTW211  ",24.986435,121.128896,2275,2375,164.4,160,168,0.252,48.95,-0.97,-1.05,53.44,48.46,-384,-416,,331,3,1011.2,2016,,"3741",-36.1,410,186,1,9,2,3,2,2,"A3",,2
1776577031.000,"899132","UIA8610 ",25.015217,121.275226,4850,5000,247.6,228,250,0.376,46.64,,-0.35,49.39,44.40,-1280,-1248,,,,1011.1,3200,,"2036",-36.5,2100,186,,8,0,2,,,"A0",,0
1776577036.000,"84bb13","APJ927  ",24.945343,121.049229,2750,2875,187.9,,,,67.80,,,,,-512,,,,,1012.0,2016,,"3706",-35.6,127,186,1,9,2,3,2,2,"A3",,2
1776577036.000,"899058","TTW211  ",24.986435,121.128896,2275,2375,164.4,160,168,0.252,48.95,-0.97,-1.05,53.44,48.46,-384,-416,,331,3,1011.2,2016,,"3741",-36.1,410,186,1,9,2,3,2,2,"A3",,2
1776577036.000,"899132","UIA8610 ",25.015217,121.275226,4850,5000,247.6,228,250,0.376,46.64,,-0.35,49.39,44.40,-1280,-1248,,,,1011.1,3200,,"2036",-36.5,2101,186,,8,0,2,,,"A0",,0
1776577041.000,"84bb13","APJ927  ",24.947670,121.054152,2700,2825,187.4,178,,0.284,64.39,,,66.62,61.67,-512,-512,,,,1012.0,2016,,"3706",-36.5,145,186,1,9,2,3,2,2,"A3",,2
1776577041.000,"899058","TTW211  ",24.986435,121.128896,2275,2375,164.4,160,168,0.252,48.95,-0.97,-1.05,53.44,48.46,-384,-416,,331,3,1011.2,2016,,"3741",-36.1,410,186,1,9,2,3,2,2,"A3",,2
1776577041.000,"899132","UIA8610 ",25.015217,121.275226,4850,5000,247.6,228,250,0.376,46.64,,-0.35,49.39,44.40,-1280,-1248,,,,1011.1,3200,,"2036",-36.9,2103,186,,8,0,2,,,"A0",,0
1776577046.000,"84bb13","APJ927  ",24.950044,121.058194,2675,2800,186.4,178,,0.284,55.71,,,66.62,61.67,-448,-512,,,,1012.0,2016,,"3706",-34.6,179,186,1,9,2,3,2,2,"A3",,2
1776577046.000,"899058","TTW211  ",24.986435,121.128896,2275,2375,164.4,160,168,0.252,48.95,-0.97,-1.05,53.44,48.46,-384,-416,,331,3,1011.2,2016,,"3741",-36.1,410,186,1,9,2,3,2,2,"A3",,2
1776577046.000,"899132","UIA8610 ",25.026064,121.287871,4575,4725,247.6,228,250,0.376,46.64,,-0.35,49.39,44.40,-1280,-1248,,,,1011.1,3200,,"2036",-37.8,2111,186,,8,0,2,,,"A0",,0
1776577051.000,"84bb13","APJ927  ",24.952148,121.061452,2650,2775,185.6,179,190,0.284,52.88,-0.69,-6.50,57.83,52.88,-384,-448,,350,9,1012.0,2016,,"3706",-36.6,210,186,1,9,2,3,2,2,"A3",,2
1776577051.000,"899058","TTW211  ",24.986435,121.128896,2275,2375,164.4,160,168,0.252,48.95,-0.97,-1.05,53.44,48.46,-384,-416,,331,3,1011.2,2016,,"3741",-36.1,410,186,1,9,2,3,2,2,"A3",,2
1776577051.000,"899132","UIA8610 ",25.026064,121.287871,4575,4725,247.6,228,250,0.376,46.64,,-0.35,49.39,44.40,-1280,-1248,,,,1011.1,3200,,"2036",-38.4,2116,186,,8,0,2,,,"A0",,0
1776577056.000,"84bb13","APJ927  ",24.954803,121.065165,2600,2725,185.9,179,190,0.284,51.77,-0.69,-6.50,57.83,52.88,-448,-448,,350,9,1012.0,2016,,"3706",-36.5,224,186,1,9,2,3,2,2,"A3",,2
1776577056.000,"899058","TTW211  ",24.986435,121.128896,2275,2375,164.4,160,168,0.252,48.95,-0.97,-1.05,53.44,48.46,-384,-416,,331,3,1011.2,2016,,"3741",-36.1,410,186,1,9,2,3,2,2,"A3",,2
1776577056.000,"899132","UIA8610 ",25.026064,121.287871,4575,4725,247.6,228,250,0.376,46.64,,-0.35,49.39,44.40,-1280,-1248,,,,1011.1,3200,,"2036",-38.5,2117,186,,8,0,2,,,"A0",,0
1776577061.000,"84bb13","APJ927  ",24.954803,121.065165,2600,2725,186.9,179,190,0.284,50.86,-0.69,-6.50,57.83,52.88,-576,-448,,350,9,1012.0,2016,,"3706",-37.1,228,186,1,9,2,3,2,2,"A3",,2
1776577061.000,"899058","TTW211  ",24.986435,121.128896,2275,2375,164.4,160,,0.252,48.95,,,53.44,48.46,-384,-416,,,,1011.2,2016,,,-36.1,410,186,1,9,2,3,,,"A3",,2
1776577061.000,"899132","UIA8610 ",25.026064,121.287871,4575,4725,247.6,228,250,0.376,46.64,,-0.35,49.39,44.40,-1280,-1248,,,,1011.1,3200,,"2036",-38.6,2118,186,,8,0,2,,,"A0",,0
1776577066.000,"84bb13","APJ927  ",24.954803,121.065165,2600,2725,186.9,179,190,0.284,50.86,-0.69,-6.50,57.83,52.88,-576,-448,,350,9,1012.0,2016,,"3706",-37.1,228,186,1,9,2,3,2,2,"A3",,2
1776577066.000,"899132","UIA8610 ",25.026064,121.287871,4575,4725,247.6,228,250,0.376,46.64,,-0.35,49.39,44.40,-1280,-1248,,,,,,,"2036",-38.6,2118,186,,8,0,2,,,"A0",,0
1776577071.000,"84bb13","APJ927  ",24.954803,121.065165,2600,2725,186.9,179,190,0.284,50.86,-0.69,-6.50,57.83,52.88,-576,-448,,350,9,1012.0,2016,,"3706",-37.1,228,186,1,9,2,3,2,2,"A3",,2
1776577071.000,"899132","UIA8610 ",25.026064,121.287871,4575,4725,247.6,228,250,0.376,46.64,,-0.35,49.39,44.40,-1280,-1248,,,,,,,"2036",-38.6,2118,186,,8,0,2,,,"A0",,0
1776577076.000,"84bb13","APJ927  ",24.954803,121.065165,2600,2725,186.9,179,190,0.284,50.86,-0.69,-6.50,57.83,52.88,-576,-448,,350,9,1012.0,2016,,"3706",-37.1,228,186,1,9,2,3,2,2,"A3",,2
1776577076.000,"899132","UIA8610 ",25.026064,121.287871,4575,4725,247.6,228,250,0.376,46.64,,-0.35,49.39,44.40,-1280,-1248,,,,,,,"2036",-38.6,2118,186,,8,0,2,,,"A0",,0
1776577081.000,"84bb13","APJ927  ",24.954803,121.065165,2600,2725,186.9,179,190,0.284,50.86,-0.69,-6.50,57.83,52.88,-576,-448,,350,9,1012.0,2016,,"3706",-37.1,228,186,1,9,2,3,2,2,"A3",,2
1776577081.000,"899132","UIA8610 ",25.026064,121.287871,4575,4725,247.6,228,250,0.376,46.64,,-0.35,49.39,44.40,-1280,-1248,,,,,,,"2036",-38.6,2118,186,,8,0,2,,,"A0",,0
1776577086.000,"84bb13","APJ927  ",24.954803,121.065165,2600,2725,186.9,179,190,0.284,50.86,-0.69,-6.50,57.83,52.88,-576,-448,,350,9,1012.0,2016,,"3706",-37.1,228,186,1,9,2,3,2,2,"A3",,2
1776577086.000,"899132","UIA8610 ",25.026064,121.287871,4575,4725,247.6,228,250,0.376,46.64,,-0.35,49.39,44.40,-1280,-1248,,,,,,,"2036",-38.6,2118,186,,8,0,2,,,"A0",,0
1776577091.000,"84bb13","APJ927  ",24.954803,121.065165,2600,2725,186.9,179,190,0.284,50.86,-0.69,-6.50,57.83,52.88,-576,-448,,350,9,1012.0,2016,,"3706",-37.1,228,186,1,9,2,3,2,2,"A3",,2
1776577091.000,"899132","UIA8610 ",25.026064,121.287871,4575,4725,247.6,228,,0.376,46.64,,,49.39,44.40,-1280,-1248,,,,,,,,-38.6,2118,186,,8,0,2,,,"A0",,0
1776577096.000,"84bb13","APJ927  ",24.954803,121.065165,2600,2725,186.9,179,190,0.284,50.86,-0.69,-6.50,57.83,52.88,-576,-448,,350,9,1012.0,2016,,"3706",-37.1,228,186,1,9,2,3,2,2,"A3",,2
1776577096.000,"899132","UIA8610 ",25.026064,121.287871,4575,4725,,,,,,,,,,,,,,,,,,,-38.6,2118,186,,8,,2,,,"A0",,0
1776577101.000,"84bb13","APJ927  ",24.954803,121.065165,2600,2725,186.9,179,190,0.284,50.86,-0.69,-6.50,57.83,52.88,-576,-448,,350,9,1012.0,2016,,"3706",-37.1,228,186,1,9,2,3,2,2,"A3",,2
1776577101.000,"899132","UIA8610 ",25.026064,121.287871,4575,4725,,,,,,,,,,,,,,,,,,,-38.6,2118,186,,8,,2,,,"A0",,0
1776577106.000,"84bb13","APJ927  ",24.954803,121.065165,2600,2725,186.9,179,190,0.284,50.86,-0.69,-6.50,57.83,52.88,-576,-448,,350,9,1012.0,2016,,,-37.1,228,186,1,9,2,3,2,2,"A3",,2
1776577111.000,"84bb13","APJ927  ",24.954803,121.065165,2600,2725,186.9,,,,50.86,,,,,-576,,,,,1012.0,2016,,,-37.1,228,186,1,9,2,3,,,"A3",,2
1776577161.000,"88596d","N/A",24.907837,121.005605,4050,4250,221.0,,222,,53.65,-0.41,-4.57,,,0,,,,,1011.2,4000,,,-35.6,31,186,1,8,1,2,,,,,0
1776577166.000,"88596d","N/A",24.909916,121.008600,4050,4250,220.8,205,222,0.332,53.29,-0.41,-4.57,54.49,49.55,0,0,,,,1011.2,4000,,,-35.8,45,186,1,8,1,2,,,,,0
1776577171.000,"88596d","N/A",24.913547,121.013575,4050,4250,220.7,205,222,0.332,51.62,-0.41,-4.57,54.49,49.55,0,0,,,,1011.2,4000,,,-36.8,52,186,1,8,1,2,,,,,0
1776577176.003,"88596d","N/A",24.913547,121.013575,4050,4250,220.7,205,222,0.332,51.62,-0.41,-4.57,54.49,49.55,0,0,,,,1011.2,4000,,,-36.9,53,186,1,8,1,2,,,,,0
1776577181.000,"88596d","N/A",24.920837,121.023051,4075,4275,220.6,205,222,0.332,49.60,-0.41,-4.57,54.49,49.55,0,0,,,,1011.2,4000,,,-36.0,62,186,1,8,1,2,,,,,0
1776577186.000,"88596d","N/A",24.920837,121.023051,4075,4275,221.1,205,222,0.332,48.67,-0.41,-4.57,54.49,49.55,0,0,,,,1011.2,4000,,,-36.1,63,186,1,8,1,2,,,,,0
1776577191.000,"88596d","N/A",24.920837,121.023051,4075,4275,221.1,205,222,0.332,48.67,-0.41,-4.57,54.49,49.55,0,0,,,,1011.2,4000,,,-36.1,63,186,1,8,1,2,,,,,0
1776577196.000,"88596d","N/A",24.920837,121.023051,4075,4275,221.1,205,222,0.332,48.67,-0.41,-4.57,54.49,49.55,0,0,,,,1011.2,4000,,,-36.1,63,186,1,8,1,2,,,,,0
1776577201.000,"88596d","N/A",24.920837,121.023051,4025,4225,222.1,205,222,0.332,49.93,-0.41,-4.57,54.49,49.55,-640,0,,,,1011.2,3008,,,-37.0,70,186,1,9,1,3,1,2,,,2
1776577206.000,"88596d","N/A",24.935660,121.041922,3975,4175,222.9,205,222,0.332,50.10,-0.41,-4.57,54.49,49.55,-832,0,,,,1011.2,3008,,,-37.3,74,186,1,9,1,3,1,2,,,2
1776577211.000,"88596d","TVJ568  ",24.940036,121.047519,3900,4100,224.1,205,222,0.332,49.34,-0.41,-4.57,54.49,49.55,-960,0,,,,1011.2,3008,,,-35.6,85,186,1,9,1,3,2,2,"A3",,2
1776577216.000,"88596d","TVJ568  ",24.940036,121.047519,3900,4100,224.1,205,222,0.332,49.34,-0.41,-4.57,54.49,49.55,-960,0,,,,1011.2,3008,,,-35.8,87,186,1,9,1,3,2,2,"A3",,2
1776577221.000,"88596d","TVJ568  ",24.947577,121.057054,3725,3925,222.5,205,,0.332,48.64,,,54.49,49.55,-896,0,,,,1011.2,3008,,,-36.3,99,186,1,9,1,3,1,2,"A3",,2
1776577227.000,"88596d","TVJ568  ",24.951627,121.062133,3625,3825,221.8,,,,48.84,,,,,-960,,,,,1011.2,3008,,,-36.8,117,186,1,9,1,3,1,2,"A3",,2
1776577232.000,"88596d","TVJ568  ",24.953659,121.064606,3575,3775,221.8,204,218,0.328,48.84,-0.09,-0.18,51.68,46.72,-960,-992,,,,1011.2,3008,,"6130",-35.8,132,186,1,9,1,3,1,2,"A3",,2
1776577237.000,"88596d","TVJ568  ",24.958420,121.070608,3450,3625,219.7,204,218,0.328,48.69,0.00,0.35,51.68,46.72,-1024,-992,,,,1011.2,3008,,"6130",-34.4,163,186,1,9,1,3,1,2,"A3",,2
1776577242.000,"88596d","TVJ568  ",24.960388,121.072998,3400,3575,218.2,203,218,0.328,48.72,0.00,0.35,51.86,46.90,-1152,-1024,,,,1011.2,3008,,"6130",-35.6,182,186,1,9,1,3,1,2,"A3",,2
1776577247.000,"88596d","TVJ568  ",24.964988,121.078819,3300,3475,216.8,200,218,0.320,48.74,0.00,0.35,52.03,47.07,-448,-448,,,,1011.2,3008,,"6130",-35.2,216,186,1,9,1,3,1,2,"A3",,2
1776577252.000,"88596d","TVJ568  ",24.968293,121.082965,3250,3425,211.9,200,210,0.320,49.02,0.06,1.05,52.03,47.07,-1024,-448,,,,1011.2,3008,,"6130",-35.6,259,186,1,9,1,3,1,2,"A3",,2
1776577257.000,"88596d","TVJ568  ",24.971598,121.087215,3125,3300,210.6,197,210,0.316,49.43,-0.03,0.00,52.73,47.77,-1408,-1376,,313,6,1011.2,3008,,"6130",-34.9,294,186,1,9,1,3,1,2,"A3",,2
1776577262.003,"88596d","TVJ568  ",24.974899,121.091461,3000,3175,209.2,197,210,0.316,49.46,-0.03,0.00,52.73,47.77,-1472,-1376,,313,6,1011.2,3008,,"6130",-35.8,336,186,1,9,1,3,1,2,"A3",,2
1776577267.000,"88596d","TVJ568  ",24.977603,121.094936,2900,3075,209.2,199,210,0.316,49.46,-0.03,0.00,52.73,47.77,-1408,-1440,,313,6,1011.2,3008,,"6130",-35.3,361,186,1,9,1,3,1,2,"A3",,2
1776577272.000,"88596d","TVJ568  ",24.981171,121.099447,2775,2925,208.5,199,210,0.316,49.28,-0.03,0.00,52.56,47.59,-1344,-1408,,332,6,1011.2,3008,,"6130",-36.3,423,186,1,9,1,3,2,2,"A3",,2
1776577277.000,"88596d","TVJ568  ",24.983917,121.103007,2675,2800,207.7,198,210,0.312,49.10,-0.03,0.00,52.03,47.06,-1280,-1280,,332,6,1011.2,3008,,"6130",-36.1,457,186,1,9,1,3,2,2,"A3",,2
1776577282.000,"88596d","TVJ568  ",24.985474,121.104889,2625,2750,206.3,198,210,0.312,49.13,-0.03,0.00,52.03,47.06,-1216,-1184,,332,6,1011.2,3008,,"6130",-36.7,484,186,1,9,1,3,2,2,"A3",,2
1776577287.000,"88596d","TVJ568  ",24.988541,121.108805,2525,2650,206.3,198,210,0.312,49.13,-0.03,0.00,52.03,47.06,-1152,-1184,,332,6,1011.2,3008,,"6130",-36.5,499,186,1,9,1,3,2,2,"A3",,2
1776577292.000,"88596d","TVJ568  ",24.991941,121.113178,2425,2550,203.5,198,210,0.312,49.18,-0.03,0.00,52.03,47.06,-1024,-1184,,332,6,1011.2,3008,,"6130",-36.2,516,186,1,9,1,3,2,2,"A3",,2
1776577297.000,"88596d","TVJ568  ",24.996277,121.118622,2325,2425,199.9,198,198,0.312,49.06,-0.16,0.35,52.03,47.06,-832,-1184,,,,1011.2,3008,,"6130",-36.1,542,186,1,9,1,3,2,2,"A3",,2
1776577302.000,"88596d","TVJ568  ",24.999203,121.122350,2275,2375,193.5,183,192,0.288,48.98,-1.50,0.00,52.91,47.93,-832,-832,,295,4,1011.2,3008,,"6130",-36.8,556,186,1,9,1,3,2,2,"A3",,2
1776577307.000,"88596d","TVJ568  ",24.999203,121.122350,2275,2375,192.1,183,192,0.288,49.01,-1.50,0.00,52.91,47.93,-832,-832,,295,4,1011.2,3008,,"6130",-37.5,561,186,1,9,1,3,2,2,"A3",,2
1776577312.000,"88596d","TVJ568  ",24.999203,121.122350,2275,2375,192.1,183,192,0.288,49.01,-1.50,0.00,52.91,47.93,-832,-832,,295,4,1011.2,3008,,"6130",-37.5,561,186,1,9,1,3,2,2,"A3",,2
1776577317.000,"88596d","TVJ568  ",24.999203,121.122350,2275,2375,192.1,183,192,0.288,49.01,-1.50,0.00,52.91,47.93,-832,-832,,295,4,1011.2,3008,,"6130",-37.5,561,186,1,9,1,3,2,2,"A3",,2
1776577322.000,"88596d","TVJ568  ",24.999203,121.122350,2275,2375,192.1,183,192,0.288,49.01,-1.50,0.00,52.91,47.93,-832,-832,,295,4,1011.2,3008,,"6130",-37.5,561,186,1,9,1,3,2,2,"A3",,2
1776577322.000,"89904f","EVA181  ",24.940501,121.216978,30025,31475,427.0,,470,,229.56,0.03,0.18,,,0,,,,,1012.8,30016,,"3671",-34.4,48,186,1,9,1,3,2,2,,,2
1776577327.000,"88596d","TVJ568  ",24.999203,121.122350,2275,2375,192.1,183,192,0.288,49.01,-1.50,0.00,52.91,47.93,-832,-832,,295,4,1011.2,3008,,"6130",-37.5,561,186,1,9,1,3,2,2,"A3",,2
1776577327.000,"89904f","EVA181  ",24.934982,121.209869,30025,31475,426.4,296,470,0.784,229.66,0.00,0.35,240.12,235.16,0,-32,,276,63,1012.8,30016,,"3671",-33.4,100,186,1,9,1,3,2,2,"A3",,2
1776577332.001,"8990be","N/A",24.935846,121.049488,3050,3200,192.6,,,,76.18,,,,,0,,,,,1011.2,3008,,,-36.6,25,186,1,9,1,3,2,3,,,2
1776577332.001,"88596d","TVJ568  ",24.999203,121.122350,2275,2375,192.1,183,192,0.288,49.01,-1.50,0.00,52.91,47.93,-832,-832,,295,4,1011.2,3008,,"6130",-37.5,561,186,1,9,1,3,2,2,"A3",,2
1776577332.001,"89904f","EVA181  ",24.928816,121.201949,30025,31475,426.4,296,470,0.784,229.66,-0.06,0.35,240.29,235.34,-64,-64,,278,62,1012.8,30016,,"3671",-33.8,143,186,1,9,1,3,2,2,"A3",,2
1776577337.000,"8990be","N/A",24.936951,121.054586,3050,3200,192.6,,,,76.18,,,,,0,,,,,1011.2,3008,,,-37.3,32,186,1,9,1,3,2,3,,,2
1776577337.000,"88596d","TVJ568  ",24.999203,121.122350,2275,2375,192.1,183,192,0.288,49.01,-1.50,0.00,52.91,47.93,-832,-832,,295,4,1011.2,3008,,"6130",-37.5,561,186,1,9,1,3,2,2,"A3",,2
1776577337.000,"89904f","EVA181  ",24.922440,121.193695,30025,31475,426.4,296,470,0.784,229.66,0.03,0.35,240.29,235.34,-64,-64,,278,62,1012.8,30016,,"3671",-33.2,202,186,1,9,1,3,2,2,"A3",,2
1776577342.000,"8990be","SJX835  ",24.938187,121.060028,3050,3200,193.1,,,,75.60,,,,,0,,,,,1011.2,3008,,"3614",-36.0,43,186,1,9,1,3,2,3,,,2
1776577342.000,"88596d","TVJ568  ",24.999203,121.122350,2275,2375,192.1,183,192,0.288,49.01,-1.50,0.00,52.91,47.93,-832,-832,,295,4,1011.2,3008,,"6130",-37.5,561,186,1,9,1,3,2,2,"A3",,2
1776577342.000,"89904f","EVA181  ",24.915756,121.185099,30025,31475,426.4,296,470,0.780,229.66,-0.03,0.35,240.29,235.34,-64,-96,,278,62,1012.8,30016,,"3671",-34.0,240,186,1,9,1,3,2,2,"A3",,2
1776577347.000,"8990be","SJX835  ",24.939331,121.063741,3050,3200,193.7,,,,73.81,,,,,0,,,,,1011.2,3008,,"3614",-35.6,54,186,1,9,1,3,2,3,"A3",,2
1776577347.000,"88596d","TVJ568  ",24.999203,121.122350,2275,2375,192.1,183,192,0.288,49.01,-1.50,0.00,52.91,47.93,-832,-832,,295,4,1011.2,3008,,"6130",-37.5,561,186,1,9,1,3,2,2,"A3",,2
1776577347.000,"89904f","EVA181  ",24.909358,121.176815,30000,31450,426.4,297,472,0.784,229.66,0.06,0.18,240.47,235.52,-64,-64,,279,63,1012.8,30016,,"3671",-33.1,293,186,1,9,1,3,2,2,"A3",,2
1776577352.000,"8990be","SJX835  ",24.940842,121.067403,3050,3200,192.8,,,,63.17,,,,,0,,,,,1011.2,3008,,"3614",-35.0,71,186,1,9,1,3,2,3,"A3",,2
1776577352.000,"88596d","TVJ568  ",24.999203,121.122350,2275,2375,192.1,183,192,0.288,49.01,-1.50,0.00,52.91,47.93,-832,-832,,295,4,1011.2,3008,,"6130",-37.5,561,186,1,9,1,3,2,2,"A3",,2
1776577352.000,"89904f","EVA181  ",24.903352,121.169042,30000,31450,427.1,297,472,0.784,229.75,0.00,0.35,240.47,235.52,-64,-32,,278,64,1012.8,30016,,"3671",-32.2,344,186,1,9,1,3,2,2,"A3",,2
1776577357.000,"8990be","SJX835  ",24.943497,121.072388,3050,3200,192.3,180,,0.288,57.96,,,60.12,55.16,0,0,,,,1011.2,3008,,"3614",-35.5,98,186,1,9,1,3,2,3,"A3",,2
1776577357.000,"88596d","TVJ568  ",24.999203,121.122350,2275,2375,192.1,183,192,0.288,49.01,-1.50,0.00,52.91,47.93,-832,-832,,295,4,,,,,-37.5,561,186,,,1,,,,"A3",,2
1776577357.000,"89904f","EVA181  ",24.895625,121.159092,30000,31450,427.1,297,472,0.784,229.75,0.00,0.18,240.47,235.53,0,-32,,278,64,1012.8,30016,,"3671",-32.7,411,186,1,9,1,3,2,2,"A3",,2
1776577362.000,"8990be","SJX835  ",24.946014,121.076355,3050,3200,190.6,179,192,0.288,54.39,-0.53,-5.45,57.13,52.17,0,32,,329,10,1011.2,3008,,"3614",-34.7,139,186,1,9,1,3,2,3,"A3",,2
1776577362.000,"89904f","EVA181  ",24.890488,121.152496,30000,31450,427.0,297,472,0.784,229.56,-0.16,-3.52,240.12,235.18,0,-32,,277,63,1012.8,30016,,"3671",-33.6,459,186,1,9,1,3,2,2,"A3",,2
1776577367.000,"8990be","SJX835  ",24.948880,121.080530,3050,3200,191.0,180,192,0.288,52.23,-0.28,-2.81,55.20,50.24,0,-32,,327,8,1011.2,3008,,"3614",-33.3,175,186,1,9,1,3,2,3,"A3",,2
1776577367.000,"89904f","EVA181  ",24.883438,121.143646,30000,31450,427.9,297,472,0.784,228.60,-0.22,-4.57,239.24,234.30,0,0,,276,62,1012.8,30016,,"3671",-33.6,514,186,1,9,1,3,2,2,"A3",,2
1776577372.000,"8990be","SJX835  ",24.951022,121.083483,3050,3200,190.7,180,192,0.288,51.39,-0.19,-1.93,55.20,50.24,0,-32,,327,8,1011.2,3008,,"3614",-36.0,207,186,1,9,1,3,1,3,"A3",,2
1776577372.000,"89904f","EVA181  ",24.875933,121.134632,30000,31475,429.6,297,472,0.784,227.55,-0.16,-4.92,239.24,234.30,0,0,,276,62,1012.8,30016,,"3671",-35.4,551,186,1,9,1,3,2,2,"A3",,2
1776577377.000,"8990be","SJX835  ",24.952186,121.085038,3050,3200,190.5,180,192,0.288,50.96,-0.19,-1.93,55.20,50.24,0,-32,,327,8,1011.2,3008,,"3614",-37.4,215,186,1,9,1,3,1,3,"A3",,2
1776577377.000,"89904f","EVA181  ",24.874695,121.133169,30000,31475,430.8,297,472,0.784,226.41,-0.25,-5.10,239.24,234.30,0,0,,276,62,1012.8,30016,,"3671",-36.4,569,186,1,9,1,3,2,2,"A3",,2
1776577382.000,"8990be","SJX835  ",24.955582,121.089579,3050,3200,190.5,180,192,0.288,50.96,-0.19,-1.93,55.20,50.24,0,-32,,327,8,1011.2,3008,,"3614",-37.8,217,186,1,9,1,3,1,3,"A3",,2
1776577382.000,"89904f","EVA181  ",24.863754,121.120758,30000,31475,430.8,297,472,0.784,226.41,-0.25,-5.10,239.24,234.30,0,0,,276,62,1012.8,30016,,"3671",-37.1,580,186,1,9,1,3,2,2,"A3",,2
1776577387.000,"8990be","SJX835  ",24.955582,121.089579,3050,3200,190.5,180,192,0.288,50.96,-0.19,-1.93,55.20,50.24,0,-32,,327,8,1011.2,3008,,"3614",-37.8,217,186,1,9,1,3,1,3,"A3",,2
1776577387.000,"89904f","EVA181  ",24.855264,121.111675,30000,31475,430.8,297,472,0.784,226.41,-0.25,-5.10,239.24,234.30,0,0,,276,62,1012.8,30016,,"3671",-37.6,585,186,1,9,1,3,2,2,"A3",,2
1776577392.000,"8990be","SJX835  ",24.955582,121.089579,3050,3200,190.5,180,192,0.288,50.96,-0.19,-1.93,55.20,50.24,0,-32,,327,8,1011.2,3008,,"3614",-37.9,218,186,1,9,1,3,1,3,"A3",,2
1776577392.000,"89904f","EVA181  ",24.855264,121.111675,30000,31475,430.8,297,472,0.784,226.41,-0.25,-5.10,239.24,234.30,0,0,,276,62,1012.8,30016,,"3671",-37.2,588,186,1,9,1,3,2,2,"A3",,2
1776577397.000,"8990be","SJX835  ",24.955582,121.089579,3050,3200,190.5,180,192,0.288,50.96,-0.19,-1.93,55.20,50.24,0,-32,,327,8,1011.2,3008,,"3614",-37.9,218,186,1,9,1,3,1,3,"A3",,2
1776577397.000,"89904f","EVA181  ",24.855264,121.111675,30000,31475,435.2,297,472,0.784,222.67,-0.25,-5.10,239.24,234.30,0,0,,276,62,1012.8,30016,,"3671",-36.2,593,186,1,9,1,3,2,2,"A3",,2
1776577402.000,"8990be","SJX835  ",24.955582,121.089579,3050,3200,190.5,180,192,0.288,50.96,-0.19,-1.93,55.20,50.24,0,-32,,327,8,1011.2,3008,,"3614",-37.9,218,186,1,9,1,3,1,3,"A3",,2
1776577402.000,"89904f","EVA181  ",24.838505,121.094781,30000,31475,435.2,297,472,0.784,222.67,-0.25,-5.10,239.24,234.30,0,0,,276,62,1012.8,30016,,"3671",-36.6,596,186,1,9,1,3,2,2,"A3",,2
1776577407.000,"8990be","SJX835  ",24.955582,121.089579,3050,3200,190.5,180,192,0.288,50.96,-0.19,-1.93,55.20,50.24,0,-32,,327,8,1011.2,3008,,"3614",-37.7,219,186,1,9,1,3,1,3,"A3",,2
1776577407.000,"89904f","EVA181  ",24.838505,121.094781,30000,31475,435.2,297,472,0.784,222.67,-0.25,-5.10,239.24,234.30,0,0,,276,62,1012.8,30016,,"3671",-36.6,596,186,1,9,1,3,2,2,"A3",,2
1776577412.000,"8990be","SJX835  ",24.955582,121.089579,3050,3200,190.5,180,192,0.288,50.96,-0.19,-1.93,55.20,50.24,0,-32,,327,8,1011.2,3008,,"3614",-37.7,219,186,1,9,1,3,1,3,"A3",,2
1776577412.000,"89904f","EVA181  ",24.838505,121.094781,30000,31475,435.2,297,472,0.784,222.67,-0.25,-5.10,239.24,234.30,0,0,,276,62,1012.8,30016,,"3671",-36.6,596,186,1,9,1,3,2,2,"A3",,2
1776577417.000,"8990be","SJX835  ",24.955582,121.089579,3050,3200,190.5,180,192,0.288,50.96,-0.19,-1.93,55.20,50.24,0,-32,,327,8,1011.2,3008,,"3614",-37.7,219,186,1,9,1,3,1,3,"A3",,2
1776577417.000,"89904f","EVA181  ",24.838505,121.094781,30000,31475,435.2,297,472,0.784,222.67,-0.25,-5.10,239.24,234.30,0,0,,276,62,1012.8,30016,,"3671",-36.6,596,186,1,9,1,3,2,2,"A3",,2
1776577422.000,"8990be","SJX835  ",24.955582,121.089579,3050,3200,190.5,180,192,0.288,50.96,-0.19,-1.93,55.20,50.24,0,-32,,327,8,1011.2,3008,,"3614",-37.7,219,186,1,9,1,3,1,3,"A3",,2
1776577422.000,"89904f","EVA181  ",24.838505,121.094781,30000,31475,435.2,297,472,0.784,222.67,-0.25,-5.10,239.24,234.30,0,0,,276,62,1012.8,30016,,"3671",-36.6,596,186,1,9,1,3,2,2,"A3",,2
1776577427.000,"8990be","SJX835  ",24.955582,121.089579,3050,3200,190.5,180,192,0.288,50.96,-0.19,-1.93,55.20,50.24,0,-32,,,,1011.2,3008,,"3614",-37.7,219,186,1,9,1,3,1,3,"A3",,2
1776577427.000,"89904f","EVA181  ",24.838505,121.094781,30000,31475,435.2,297,472,0.784,222.67,-0.25,-5.10,239.24,234.30,0,0,,,,1012.8,30016,,,-36.6,596,186,1,9,1,3,2,2,"A3",,2
1776577432.000,"8990be","SJX835  ",24.955582,121.089579,3050,3200,190.5,,,,50.96,,,,,0,,,,,1011.2,3008,,"3614",-37.7,219,186,1,9,1,3,,,"A3",,2
1776577432.000,"89904f","EVA181  ",24.838505,121.094781,30000,31475,435.2,,472,,222.67,-0.25,-5.10,,,0,,,,,1012.8,30016,,,-36.6,596,186,1,9,1,3,2,2,"A3",,2
1776577437.000,"899085","N/A",24.920344,121.042907,3075,3250,193.8,,,,61.32,,,,,0,,,,,1011.0,3008,,"4154",-36.4,37,186,1,9,1,3,2,2,,,2
1776577437.000,"8990be","SJX835  ",24.955582,121.089579,3050,3200,,,,,,,,,,,,,,,,,,"3614",-37.7,219,186,,,,,,,"A3",,2
1776577437.000,"89904f","EVA181  ",24.838505,121.094781,30000,31475,435.2,,472,,222.67,-0.25,-5.10,,,0,,,,,1012.8,30016,,,-36.6,596,186,1,9,1,3,2,2,"A3",,2
1776577437.000,"789207","HKE638  ",24.797074,121.553356,36925,38750,549.0,,460,,51.73,0.03,-0.18,,,256,,,,,1013.6,36992,,,-36.9,38,186,1,9,1,3,2,2,,,2
1776577442.000,"899085","N/A",24.922578,121.046897,3075,3250,191.7,,,,57.14,,,,,-128,,,,,1011.0,3008,,"4154",-36.8,46,186,1,9,1,3,2,2,,,2
1776577442.000,"89904f","EVA181  ",24.838505,121.094781,30000,31475,435.2,,,,222.67,,,,,0,,,,,1012.8,30016,,,-36.6,596,186,1,9,1,3,,,"A3",,2
1776577442.000,"789207","HKE638  ",24.808685,121.569468,36950,38775,549.7,254,460,0.784,51.80,0.03,-0.18,54.32,49.35,384,416,,,,1013.6,36992,,"3561",-35.8,72,186,1,9,1,3,2,2,"A3",,2
1776577447.000,"899085","N/A",24.925558,121.051457,3050,3225,191.5,,,,54.57,,,,,-128,,,,,1011.2,3008,,"4154",-36.0,66,186,1,9,1,3,1,2,,,2
1776577447.000,"89904f","EVA181  ",24.838505,121.094781,30000,31475,435.2,,,,222.67,,,,,0,,,,,1012.8,30016,,,-36.6,596,186,1,9,1,3,,,"A3",,2
1776577447.000,"789207","HKE638  ",24.816696,121.580607,36975,38825,549.0,254,460,0.784,51.73,0.03,-0.18,54.32,49.35,192,416,,,,1013.6,36992,,"3561",-36.5,85,186,1,9,1,3,2,2,"A3",,2
1776577452.000,"899085","N/A",24.927292,121.053925,3050,3225,190.6,,,,52.89,,,,,0,,,,,1011.2,3008,,"4154",-36.8,83,186,1,9,1,3,1,2,,,2
1776577452.000,"89904f","EVA181  ",24.838505,121.094781,30000,31475,435.2,,,,222.67,,,,,0,,,,,,,,,-36.6,596,186,,,1,,,,"A3",,2
1776577452.000,"789207","HKE638  ",24.823422,121.589943,37000,38850,549.0,254,462,0.784,51.73,0.00,-1.05,54.32,49.35,128,416,,,,1013.6,36992,,"3561",-36.0,142,186,1,9,1,3,2,2,"A3",,2
1776577457.000,"899085","N/A",24.930817,121.058553,3050,3225,190.6,179,,0.284,52.89,,,52.56,47.61,0,0,,,,1011.2,3008,,"4154",-36.6,99,186,1,9,1,3,1,2,,,2
1776577457.000,"89904f","EVA181  ",24.838505,121.094781,30000,31475,,,,,,,,,,,,,,,,,,,-36.6,596,186,,,,,,,"A3",,2
1776577457.000,"789207","HKE638  ",24.833198,121.603468,37000,38850,548.8,254,462,0.784,51.58,0.00,-1.05,54.32,49.35,64,416,,,,1013.6,36992,,"3561",-36.7,158,186,1,9,1,3,2,2,"A3",,2
1776577462.000,"899085","EVA169  ",24.933701,121.062317,3050,3225,191.6,179,,0.288,49.66,,,52.03,47.08,64,64,,,,1011.2,3008,,"4154",-36.2,138,186,1,9,1,3,1,2,,,2
1776577462.000,"789207","HKE638  ",24.836426,121.607971,37000,38850,548.8,254,462,0.784,51.58,-0.06,-0.53,54.32,49.35,0,416,,,,1013.6,36992,,"3561",-36.9,187,186,1,9,1,3,2,2,"A3",,2
1776577467.000,"899085","EVA169  ",24.935939,121.065138,3050,3225,192.1,179,192,0.288,49.01,-0.06,-0.35,52.03,47.08,0,64,,,,1011.2,3008,,"4154",-35.8,168,186,1,9,1,3,1,2,,,2
1776577467.000,"789207","HKE638  ",24.836426,121.607971,37000,38850,548.2,254,462,0.784,51.67,-0.06,-0.53,54.32,49.35,0,416,,,,1013.6,36992,,"3561",-37.5,194,186,1,9,1,3,2,2,"A3",,2
1776577472.000,"899085","EVA169  ",24.939337,121.069388,3050,3225,192.1,179,192,0.288,49.01,-0.09,0.00,52.03,47.08,-64,64,,,,1011.2,3008,,"4154",-35.7,200,186,1,9,1,3,1,2,,,2
1776577472.000,"789207","HKE638  ",24.836426,121.607971,37000,38850,548.2,254,462,0.784,51.67,-0.06,-0.53,54.32,49.35,0,416,,,,1013.6,36992,,"3561",-37.5,194,186,1,9,1,3,2,2,"A3",,2
1776577477.000,"899085","EVA169  ",24.942719,121.073608,3050,3225,191.3,178,192,0.284,48.81,-0.09,0.00,52.03,47.08,0,32,,,,1011.2,3008,,"4154",-36.3,226,186,1,9,1,3,1,2,"A5",,2
1776577477.000,"789207","HKE638  ",24.836426,121.607971,37000,38850,548.2,254,462,0.784,51.67,-0.06,-0.53,54.32,49.35,0,416,,,,1013.6,36992,,"3561",-37.5,194,186,1,9,1,3,2,2,"A3",,2
1776577482.000,"899085","EVA169  ",24.943359,121.074422,3050,3225,191.3,178,192,0.284,48.81,-0.09,0.00,52.03,47.08,0,32,,,,1011.2,3008,,"4154",-37.3,242,186,1,9,1,3,1,2,"A5",,2
1776577482.000,"789207","HKE638  ",24.836426,121.607971,37000,38850,548.2,254,462,0.784,51.67,-0.06,-0.53,54.32,49.35,0,416,,,,1013.6,36992,,"3561",-37.5,194,186,1,9,1,3,2,2,"A3",,2
1776577487.000,"899085","EVA169  ",24.948089,121.080426,3050,3225,186.5,178,192,0.284,49.13,-0.09,0.00,52.03,47.08,64,32,,,,1011.2,3008,,"4154",-36.5,259,186,1,9,1,3,1,2,"A5",,2
1776577487.000,"789207","HKE638  ",24.836426,121.607971,37000,38850,548.2,254,462,0.784,51.67,-0.06,-0.53,54.32,49.35,0,416,,,,1013.6,36992,,"3561",-37.5,194,186,1,9,1,3,2,2,"A3",,2
1776577492.000,"899085","EVA169  ",24.950317,121.083272,3075,3250,185.7,178,186,0.284,48.93,0.03,0.18,52.03,47.08,0,32,,,,1011.2,3008,,"4154",-36.4,290,186,1,9,1,3,1,2,"A5",,2
1776577492.000,"789207","HKE638  ",24.836426,121.607971,37000,38850,548.2,254,462,0.784,51.67,-0.06,-0.53,54.32,49.35,0,416,,,,1013.6,36992,,"3561",-37.5,194,186,1,9,1,3,2,2,"A3",,2
1776577497.000,"899085","EVA169  ",24.950317,121.083272,3075,3250,185.7,178,186,0.284,48.93,0.03,0.18,52.03,47.08,0,32,,,,1011.2,3008,,"4154",-36.7,291,186,1,9,1,3,1,2,"A5",,2
1776577497.000,"789207","HKE638  ",24.836426,121.607971,37000,38850,548.2,254,462,0.784,51.67,-0.06,-0.53,54.32,49.35,0,416,,,,1013.6,36992,,"3561",-37.5,194,186,1,9,1,3,2,2,"A3",,2
1776577502.000,"899085","EVA169  ",24.950317,121.083272,3075,3250,182.9,178,186,0.284,48.99,0.03,0.18,52.03,47.08,64,32,,,,1011.2,3008,,"4154",-36.9,293,186,1,9,1,3,1,2,"A5",,2
1776577502.000,"789207","HKE638  ",24.836426,121.607971,37000,38850,548.2,,462,,51.67,-0.06,-0.53,,,0,,,,,1013.6,36992,,"3561",-37.5,194,186,1,9,1,3,2,2,"A3",,2
1776577507.000,"899085","EVA169  ",24.950317,121.083272,3075,3250,182.9,178,186,0.284,48.99,0.03,0.18,52.03,47.08,64,32,,,,1011.2,3008,,"4154",-37.2,294,186,1,9,1,3,1,2,"A5",,2
1776577507.000,"789207","HKE638  ",24.836426,121.607971,37000,38850,548.2,,462,,51.67,-0.06,-0.53,,,0,,,,,1013.6,36992,,"3561",-37.5,194,186,1,9,1,3,2,2,"A3",,2
1776577512.000,"899085","EVA169  ",24.950317,121.083272,3075,3250,182.9,178,186,0.284,48.99,0.03,0.18,52.03,47.08,64,32,,,,1011.2,3008,,"4154",-37.2,294,186,1,9,1,3,1,2,"A5",,2
1776577512.000,"789207","HKE638  ",24.836426,121.607971,37000,38850,548.2,,462,,51.67,-0.06,-0.53,,,0,,,,,1013.6,36992,,"3561",-37.5,194,186,1,9,1,3,2,2,"A3",,2
1776577517.000,"899085","EVA169  ",24.950317,121.083272,3075,3250,182.9,178,186,0.284,48.99,0.03,0.18,52.03,47.08,64,32,,,,1011.2,3008,,"4154",-37.8,295,186,1,9,1,3,1,2,"A5",,2
1776577517.000,"789207","HKE638  ",24.836426,121.607971,37000,38850,548.2,,462,,51.67,-0.06,-0.53,,,0,,,,,1013.6,36992,,"3561",-37.5,194,186,1,9,1,3,,,"A3",,2
1776577522.000,"899085","EVA169  ",24.950317,121.083272,3075,3250,182.9,178,186,0.284,48.99,0.03,0.18,52.03,47.08,64,32,,,,1011.2,3008,,"4154",-37.8,295,186,1,9,1,3,1,2,"A5",,2
1776577527.000,"899085","EVA169  ",24.950317,121.083272,3075,3250,182.9,178,186,0.284,48.99,0.03,0.18,52.03,47.08,64,32,,,,1011.2,3008,,"4154",-37.9,296,186,1,9,1,3,1,2,"A5",,2
1776577532.000,"899085","EVA169  ",24.950317,121.083272,3075,3250,182.9,178,186,0.284,48.99,0.03,0.18,52.03,47.08,64,32,,,,1011.2,3008,,"4154",-38.0,298,186,1,9,1,3,1,2,"A5",,2
1776577537.000,"899085","EVA169  ",24.974764,121.114007,2625,2800,175.8,178,186,0.284,49.15,0.03,0.18,52.03,47.08,-768,32,,,,1011.2,3008,,"4154",-36.4,306,186,1,9,1,3,1,2,"A5",,2
1776577542.000,"899085","EVA169  ",24.974764,121.114007,2625,2800,175.8,,186,,49.15,0.03,0.18,,,-768,,,,,1011.2,3008,,"4154",-36.5,307,186,1,9,1,3,1,2,"A5",,2
1776577547.000,"899085","EVA169  ",24.974764,121.114007,2625,2800,175.8,,186,,49.15,0.03,0.18,,,-768,,,,,1011.2,3008,,"4154",-36.9,309,186,1,9,1,3,1,2,"A5",,2
1776577552.000,"899085","EVA169  ",24.982773,121.124217,2375,2550,175.8,,,,49.15,,,,,-768,,,,,,,,"4154",-38.1,314,186,1,9,1,3,1,2,"A5",,2
1776577557.000,"899085","EVA169  ",24.983963,121.125743,2350,2525,175.8,,,,49.15,,,,,-768,,,,,,,,"4154",-38.1,319,186,1,9,1,3,1,2,"A5",,2
1776577562.000,"899085","EVA169  ",24.983963,121.125743,2350,2525,175.8,,,,49.15,,,,,-768,,,,,,,,"4154",-38.1,319,186,1,9,1,3,1,2,"A5",,2
1776577567.000,"899085","EVA169  ",24.983963,121.125743,2350,2525,175.8,,,,49.15,,,,,-768,,,,,,,,"4154",-38.1,319,186,1,9,1,3,1,2,"A5",,2
1776577572.000,"899085","EVA169  ",24.983963,121.125743,2350,2525,175.8,,,,49.15,,,,,-768,,,,,,,,"4154",-38.1,319,186,1,9,1,3,1,2,"A5",,2
1776577577.000,"899085","EVA169  ",24.983963,121.125743,2350,2525,175.8,,,,49.15,,,,,-768,,,,,,,,"4154",-38.1,319,186,1,9,1,3,1,2,"A5",,2
1776577582.000,"899085","EVA169  ",24.983963,121.125743,2350,2525,175.8,,,,49.15,,,,,-768,,,,,,,,"4154",-38.1,319,186,1,9,1,3,1,2,"A5",,2
1776577587.000,"899085","EVA169  ",24.983963,121.125743,2350,2525,175.8,,,,49.15,,,,,-768,,,,,,,,"4154",-38.1,319,186,1,9,1,3,1,2,"A5",,2
1776577592.000,"899085","EVA169  ",24.983963,121.125743,2350,2525,175.8,,,,49.15,,,,,-768,,,,,,,,"4154",-38.1,319,186,1,9,1,3,1,2,"A5",,2
1776577597.000,"789206","HKE112  ",24.907883,121.005503,4275,4500,221.4,205,,0.336,55.30,,,58.54,54.68,-512,-480,,,,1011.2,4000,,"3304",-34.2,56,186,1,9,1,3,1,2,"A3",,2
1776577597.000,"899085","EVA169  ",24.983963,121.125743,2350,2525,,,,,,,,,,,,,,,,,,,-38.1,319,186,,,,,,,"A5",,2
1776577602.000,"789206","HKE112  ",24.909302,121.007690,4250,4475,219.8,205,,0.336,54.07,,,58.54,54.68,-512,-480,,,,1011.2,4000,,"3304",-36.0,69,186,1,9,1,3,1,2,"A3",,2
1776577602.000,"899085","EVA169  ",24.983963,121.125743,2350,2525,,,,,,,,,,,,,,,,,,,-38.1,319,186,,,,,,,"A5",,2
1776577607.000,"789206","HKE112  ",24.911220,121.010466,4225,4450,219.2,205,,0.336,52.97,,,58.54,54.68,-512,-480,,,,1011.2,4000,,"3304",-36.9,76,186,1,9,1,3,1,2,"A3",,2
1776577607.000,"899085","EVA169  ",24.983963,121.125743,2350,2525,,,,,,,,,,,,,,,,,,,-38.1,319,186,,,,,,,"A5",,2
1776577612.000,"789206","HKE112  ",24.915177,121.015907,4175,4375,216.5,205,,0.336,50.06,,,58.54,54.68,-512,-480,,,,1011.2,4000,,"3304",-36.9,80,186,1,9,1,3,1,2,"A3",,2
1776577612.000,"899085","EVA169  ",24.983963,121.125743,2350,2525,,,,,,,,,,,,,,,,,,,-38.1,319,186,,,,,,,"A5",,2
1776577617.000,"789206","HKE112  ",24.920670,121.022955,4125,4325,216.5,205,,0.336,50.06,,,58.54,54.68,-512,-480,,,,1011.2,4000,,"3304",-37.2,88,186,1,9,1,3,1,2,"A3",,2
1776577622.000,"789206","HKE112  ",24.921322,121.023784,4100,4300,216.5,205,,0.336,50.06,,,58.54,54.68,-512,-480,,,,1011.2,4000,,"3304",-37.5,92,186,1,9,1,3,1,2,"A3",,2
1776577627.000,"789206","HKE112  ",24.921322,121.023784,4100,4300,216.5,205,,0.336,50.06,,,58.54,54.68,-512,-480,,,,1011.2,4000,,"3304",-37.5,92,186,1,9,1,3,1,2,"A3",,2
1776577632.000,"789206","HKE112  ",24.921322,121.023784,4100,4300,216.5,205,,0.336,50.06,,,58.54,54.68,-512,-480,,,,1011.2,4000,,"3304",-37.5,92,186,1,9,1,3,1,2,"A3",,2
1776577637.000,"789206","HKE112  ",24.933379,121.039124,4025,4225,216.5,205,,0.336,50.06,,,58.54,54.68,-512,-480,,,,1011.2,4000,,"3304",-37.2,98,186,1,9,1,3,1,2,"A3",,2
1776577642.000,"789206","HKE112  ",24.935613,121.041974,3975,4175,216.5,205,,0.336,50.06,,,58.54,54.68,-512,-480,,,,1011.2,4000,,"3304",-37.2,103,186,1,9,1,3,1,2,"A3",,2
1776577647.003,"789206","HKE112  ",24.938782,121.045939,3925,4125,214.0,205,214,0.336,48.69,0.03,0.53,58.54,54.68,-512,-480,,,,1011.0,3008,,"3304",-36.4,112,186,1,9,1,3,1,2,"A3",,2
1776577652.000,"789206","HKE112  ",24.940887,121.048584,3875,4075,214.0,,214,,48.69,0.03,0.53,,,-512,,,,,1011.0,3008,,"3304",-36.5,116,186,1,9,1,3,1,2,"A3",,2
1776577657.000,"789206","HKE112  ",24.946609,121.055756,3725,3925,212.6,,214,,48.81,0.03,0.53,,,-896,,,,,1011.0,3008,,"3304",-35.7,125,186,1,9,1,3,,,"A3",,2
1776577662.000,"789206","HKE112  ",24.949858,121.059852,3675,3875,211.2,,214,,48.84,0.03,0.53,,,-960,,,,,1011.2,3008,,"3304",-36.1,138,186,1,9,1,3,1,2,"A3",,2
1776577667.000,"789206","HKE112  ",24.952558,121.063221,3600,3800,210.4,195,208,0.312,48.66,0.06,0.18,51.50,46.55,-960,-928,,300,8,1011.2,3008,,"3304",-36.2,159,186,1,9,1,3,1,2,"A3",,2
1776577672.000,"789206","HKE112  ",24.956406,121.068014,3500,3675,209.0,194,208,0.312,48.69,0.03,0.88,51.86,46.90,-960,-928,,300,8,1011.2,3008,,"3304",-34.5,177,186,1,9,1,3,1,2,"A3",,2
1776577677.000,"789206","HKE112  ",24.959564,121.072032,3425,3625,208.4,193,206,0.312,48.89,0.00,0.18,51.68,46.72,-960,-992,,301,8,1011.2,3008,,"3304",-35.2,203,186,1,9,1,3,1,2,"A3",,2
1776577682.000,"789206","HKE112  ",24.960800,121.073507,3400,3575,208.4,193,206,0.312,48.89,0.00,0.18,51.68,46.72,-1088,-992,,301,8,1011.2,3008,,"3304",-36.2,216,186,1,9,1,3,1,2,"A3",,2
1776577687.002,"789206","HKE112  ",24.965836,121.079865,3250,3425,208.4,194,208,0.312,48.89,-0.09,0.70,52.03,47.07,-1152,-1120,,301,8,1011.2,3008,,"3304",-35.1,236,186,1,9,1,3,1,2,"A3",,2
1776577692.000,"789206","HKE112  ",24.968216,121.082916,3175,3375,209.1,195,208,0.312,49.07,0.06,1.23,52.38,47.42,-1152,-1152,,308,6,1011.2,3008,,"3304",-34.4,263,186,1,9,1,3,1,2,"A3",,2
1776577697.000,"789206","HKE112  ",24.972203,121.087940,3050,3225,209.2,197,210,0.316,49.46,0.16,0.53,52.38,47.42,-1152,-1184,,324,8,1011.2,3008,,"3304",-34.3,289,186,1,9,1,3,1,2,"A3",,2
1776577702.000,"789206","HKE112  ",24.975229,121.091827,2950,3125,209.2,199,212,0.316,49.46,0.03,0.53,52.56,47.59,-1216,-1216,,341,7,1011.2,3008,,"3304",-34.9,326,186,1,9,1,3,1,2,"A3",,2
1776577707.002,"789206","HKE112  ",24.978627,121.096232,2850,3000,210.0,199,212,0.316,49.64,-0.09,0.00,52.73,47.77,-1280,-1280,,335,7,1011.2,3008,,"3304",-35.4,361,186,1,9,1,3,1,2,"A3",,2
1776577712.000,"789206","HKE112  ",24.980908,121.099186,2800,2950,210.0,199,212,0.316,49.64,-0.09,0.00,52.73,47.77,-640,-1280,,335,7,1011.2,3008,,"3304",-37.1,387,186,1,9,1,3,1,2,"A3",,2
1776577717.000,"789206","HKE112  ",24.984958,121.104316,2700,2850,205.5,195,212,0.308,48.95,-0.09,0.00,51.86,46.89,-1088,-1088,,335,7,1011.2,3008,,"3304",-35.3,417,186,1,9,1,3,1,2,"A3",,2
1776577722.000,"8990f3","N/A",24.915735,121.005750,3750,3925,194.3,,,,76.61,,,,,-256,,,,,,,,,-36.8,4,186,,8,2,2,,,,,0
1776577722.000,"789206","HKE112  ",24.987854,121.107992,2600,2750,204.1,194,206,0.308,48.97,0.03,0.18,51.68,46.71,-1280,-1152,,321,7,1011.2,3008,,"3304",-37.1,456,186,1,9,1,3,1,2,"A3",,2
1776577727.000,"8990f3","N/A",24.915735,121.005750,3750,3925,194.3,,,,76.61,,,,,-256,,,,,,,,,-36.8,4,186,,8,2,2,,,,,0
1776577727.000,"789206","HKE112  ",24.991150,121.112111,2500,2650,203.5,194,206,0.308,49.18,0.03,0.18,51.68,46.71,-1216,-1152,,321,7,1011.2,3008,,"3304",-36.7,472,186,1,9,1,3,1,2,"A3",,2
1776577732.000,"8990f3","N/A",24.915735,121.005750,3750,3925,194.3,,,,76.61,,,,,-256,,,,,,,,,-36.8,4,186,,8,2,2,,,,,0
1776577732.000,"789206","HKE112  ",24.994034,121.115774,2400,2525,202.7,193,206,0.304,49.00,0.03,0.18,52.73,47.76,-1280,-1280,,321,7,1011.2,3008,,"3304",-35.6,498,186,1,9,1,3,1,2,"A3",,2
1776577737.000,"8990f3","N/A",24.915735,121.005750,3750,3925,194.3,,,,76.61,,,,,-256,,,,,,,,,-36.9,5,186,,8,2,2,,,,,0
1776577737.000,"789206","HKE112  ",24.996552,121.118978,2325,2450,202.1,192,206,0.300,49.21,0.03,0.18,52.91,47.94,-1152,-1184,,321,7,1011.2,3008,,"3304",-36.5,537,186,1,9,1,3,1,2,"A3",,2
1776577743.000,"8990f3","N/A",24.915735,121.005750,3750,3925,194.3,,,,76.61,,,,,-256,,,,,,,,,-36.9,5,186,,8,2,2,,,,,0
1776577743.000,"789206","HKE112  ",24.999762,121.123076,2225,2350,201.4,192,206,0.300,49.43,0.03,0.18,52.91,47.94,-1024,-1184,,321,7,1011.2,3008,,"3304",-36.6,552,186,1,9,1,3,1,2,"A3",,2
1776577748.000,"8990f3","N/A",24.915735,121.005750,3750,3925,194.3,,,,76.61,,,,,-256,,,,,,,,,-36.9,5,186,,8,2,2,,,,,0
1776577748.000,"789206","HKE112  ",25.001678,121.125488,2150,2275,201.4,192,206,0.300,49.43,0.03,0.18,52.91,47.94,-1024,-1184,,,,1011.2,3008,,"3304",-36.8,553,186,1,9,1,3,1,2,"A3",,2
1776577753.000,"8990f3","N/A",24.915735,121.005750,3750,3925,194.3,,,,76.61,,,,,-256,,,,,,,,,-36.9,5,186,,8,2,2,,,,,0
1776577753.000,"789206","HKE112  ",25.001678,121.125488,2150,2275,201.4,192,206,0.300,49.43,0.03,0.18,52.91,47.94,-1024,-1184,,,,1011.2,3008,,"3304",-36.8,553,186,1,9,1,3,1,2,"A3",,2
1776577758.000,"8990f3","N/A",24.915735,121.005750,3750,3925,194.3,,,,76.61,,,,,-256,,,,,,,,,-36.9,5,186,,8,2,2,,,,,0
1776577758.000,"789206","HKE112  ",25.001678,121.125488,2150,2275,201.4,192,206,0.300,49.43,0.03,0.18,52.91,47.94,-1024,-1184,,,,1011.2,3008,,"3304",-36.8,553,186,1,9,1,3,1,2,"A3",,2
1776577763.000,"8990f3","N/A",24.915735,121.005750,3750,3925,194.3,,,,76.61,,,,,-256,,,,,,,,,-36.9,5,186,,8,2,2,,,,,0
1776577763.000,"789206","HKE112  ",25.001678,121.125488,2150,2275,201.4,192,206,0.300,49.43,0.03,0.18,52.91,47.94,-1024,-1184,,,,1011.2,3008,,"3304",-36.8,553,186,1,9,1,3,1,2,"A3",,2
1776577768.000,"8990f3","N/A",24.915735,121.005750,3750,3925,194.3,,,,76.61,,,,,-256,,,,,,,,,-36.9,5,186,,8,2,2,,,,,0
1776577768.000,"789206","HKE112  ",25.001678,121.125488,2150,2275,201.4,192,206,0.300,49.43,0.03,0.18,52.91,47.94,-1024,-1184,,,,1011.2,3008,,"3304",-36.8,553,186,1,9,1,3,1,2,"A3",,2
1776577773.000,"8990f3","N/A",24.939468,121.046956,3500,3675,194.3,,,,76.61,,,,,-256,,,,,,,,,-37.0,6,186,,8,2,2,,,,,0
1776577773.000,"789206","HKE112  ",25.001678,121.125488,2150,2275,201.4,192,206,0.300,49.43,0.03,0.18,52.91,47.94,-1024,-1184,,,,1011.2,3008,,"3304",-36.8,553,186,1,9,1,3,1,2,"A3",,2
1776577778.000,"8990f3","N/A",24.939468,121.046956,3500,3675,,,,,,,,,,,,,,,,,,,-37.0,6,186,,8,,2,,,,,0
1776577778.000,"789206","HKE112  ",25.001678,121.125488,2150,2275,201.4,192,,0.300,49.43,,,52.91,47.94,-1024,-1184,,,,1011.2,3008,,"3304",-36.8,553,186,1,9,1,3,1,2,"A3",,2
1776577783.000,"8990f3","N/A",24.939468,121.046956,3500,3675,,,,,,,,,,,,,,,,,,,-37.0,6,186,,8,,2,,,,,0
1776577783.000,"789206","HKE112  ",25.001678,121.125488,2150,2275,201.4,192,,0.300,49.43,,,52.91,47.94,-1024,-1184,,,,1011.2,3008,,"3304",-36.8,553,186,1,9,1,3,1,2,"A3",,2
1776577788.000,"8990f3","N/A",24.939468,121.046956,3500,3675,,,,,,,,,,,,,,,,,,,-37.0,6,186,,8,,2,,,,,0
1776577788.000,"789206","HKE112  ",25.001678,121.125488,2150,2275,201.4,192,,0.300,49.43,,,52.91,47.94,-1024,-1184,,,,1011.2,3008,,"3304",-36.8,553,186,1,9,1,3,1,2,"A3",,2
1776577793.000,"8990f3","N/A",24.939468,121.046956,3500,3675,,,,,,,,,,,,,,,,,,,-37.0,6,186,,8,,2,,,,,0
1776577793.000,"789206","HKE112  ",25.001678,121.125488,2150,2275,201.4,192,,0.300,49.43,,,52.91,47.94,-1024,-1184,,,,1011.2,3008,,"3304",-36.8,553,186,1,9,1,3,1,2,"A3",,2
1776577798.000,"8990f3","N/A",24.939468,121.046956,3500,3675,,,,,,,,,,,,,,,,,,,-37.0,6,186,,8,,2,,,,,0
1776577798.000,"789206","HKE112  ",25.001678,121.125488,2150,2275,201.4,,,,49.43,,,,,-1024,,,,,1011.2,3008,,,-36.8,553,186,1,9,1,3,1,2,"A3",,2
1776577803.000,"8990f3","N/A",24.939468,121.046956,3500,3675,,,,,,,,,,,,,,,,,,,-37.0,6,186,,8,,2,,,,,0
1776577803.000,"789206","HKE112  ",25.001678,121.125488,2150,2275,,,,,,,,,,,,,,,,,,,-36.8,553,186,,,,,,,"A3",,2
1776577808.000,"8990f3","N/A",24.939468,121.046956,3500,3675,,,,,,,,,,,,,,,,,,,-37.0,6,186,,8,,2,,,,,0
1776577813.000,"8990f3","N/A",24.939468,121.046956,3275,3675,,,,,,,,,,,,,,,,,,,-37.4,10,186,,8,,2,,,,,0
1776577818.000,"8990f3","N/A",24.939468,121.046956,3275,3675,,,,,,,,,,,,,,,,,,,-37.4,10,186,,8,,2,,,,,0
1776577823.000,"8990f3","N/A",24.939468,121.046956,3275,3675,,,,,,,,,,,,,,,,,,,-37.4,10,186,,8,,2,,,,,0
1776577828.000,"8990f3","N/A",24.939468,121.046956,3275,3425,192.0,,,,48.59,,,,,-1088,,,,,,,,,-37.6,11,186,,8,2,2,,,,,0
1776577913.000,"a0379b","N113CS  ",24.887664,121.148313,43000,45025,432.0,,,,229.60,,,,,0,,,,,,,,,-37.5,594,186,,,2,,,,"A3",,2
1776577988.000,"789287","HKE601  ",24.950277,121.229052,31950,33475,401.5,,450,,229.65,0.00,0.00,,,0,,,,,1013.6,32000,,"3210",-35.8,43,186,1,9,2,3,2,2,"A3",,2
1776577994.000,"789287","HKE601  ",24.942856,121.219482,31950,33475,400.9,272,448,0.752,229.76,0.00,0.00,240.64,235.68,0,-32,,276,64,1013.6,32000,,"3210",-34.4,97,186,1,9,2,3,2,2,"A3",,2
1776577999.000,"789287","HKE601  ",24.936996,121.211802,31950,33475,400.9,272,450,0.752,229.76,0.03,-0.70,240.82,235.86,0,0,,276,67,1013.6,32000,,"3210",-33.8,158,186,1,9,2,3,2,2,"A3",,2
1776578004.000,"789287","HKE601  ",24.930679,121.203659,31950,33475,400.9,273,450,0.756,229.76,0.06,-0.35,240.64,235.69,0,0,,275,66,1013.6,32000,,"3210",-32.5,218,186,1,9,2,3,2,2,"A3",,2
1776578009.000,"789287","HKE601  ",24.924766,121.196041,31950,33475,400.9,273,450,0.752,229.76,0.03,-0.53,240.47,235.52,0,0,,273,67,1013.6,32000,,"3210",-32.8,290,186,1,9,2,3,2,2,"A3",,2
